Tedarikçi Stok Kodu,Barkod,Ürün Adı,Ürün Açıklaması,Piyasa Satış Fiyatı (KDV Dahil),Trendyol'da Satılacak Fiyat (KDV Dahil),Ürün Stok Adedi,Model Kodu,Ürün Rengi,Beden,Cinsiyet,Marka,Kategori İsmi,Görsel 1,Görsel 2,Görsel 3,Görsel 4,Görsel 5,Görsel 6,Görsel 7,Görsel 8,Sevkiyat Süresi,Sevkiyat Tipi,Trendyol.com Linki
TY8683246531229,TY8683246531229,Hakiki Deri Cüzdan Anahtarlık ve Kare Kılıflı Matara Seti Anneler Günü Hediyesi,"- Hakiki deri cüzdan, uzun ömürlü kullanım ve şık bir görünüm sunar.; - Cüzdanın yanında gelen anahtarlık, günlük kullanımda kolaylık sağlar ve anahtarlarınızı düzenli tutar.; - Kare kılıflı matara, içeceklerinizi güvenle taşımanızı sağlar ve şık tasarımıyla dikkat çeker.; - Anneler Günü için ideal bir hediye seçeneği olup, hem kullanışlı hem de anlamlı bir armağan sunar.; - Set, sevdiklerinize özel ve kaliteli bir hediye vermek isteyenler için mükemmel bir tercihtir.;",2499.9,2499.9,15,23.156.489,Mor,,Kadın / Kız,DEERDERİ,Cüzdan,https://cdn.dsmcdn.com/ty1858/prod/QC_PREP/20260424/12/d806cbd4-9fa1-39c0-8e35-677a5552f06d/1_org_zoom.jpg,https://cdn.dsmcdn.com/ty1859/prod/QC_PREP/20260424/12/20114eaf-0184-3ef5-a574-11d39604243b/1_org_zoom.jpg,,,,,,,,,https://www.trendyol.com/deerderi/hakiki-deri-cuzdan-anahtarlik-ve-kare-kilifli-matara-seti-anneler-gunu-hediyesi-p-1137690149?merchantId=1155143&filterOverPriceListings=false
TY8683246531227,TY8683246531227,Hakiki Deri Cüzdan Anahtarlık ve Kare Kılıflı Matara Seti Anneler Günü Hediyesi,"- Anneler Günü için şık ve kullanışlı bir hediye seçeneği.; - Hakiki deri cüzdan, anahtarlık ve kare kılıflı matara içeren üçlü set.; - Cüzdan, kartlarınızı ve nakit paranızı güvenle taşımanızı sağlar.; - Anahtarlık, anahtarlarınızı düzenli tutmanıza yardımcı olur.; - Kare kılıflı matara, içeceklerinizi uzun süre soğuk veya sıcak tutar.; - Hem pratik hem de estetik bir hediye olarak annelerinizi mutlu edecektir.;",2499.9,2499.9,15,54.984.120,Bej,,Kadın / Kız,DEERDERİ,Cüzdan,https://cdn.dsmcdn.com/ty1857/prod/QC_PREP/20260424/12/2233c588-eb80-3313-9391-fad7fbe62877/1_org_zoom.jpg,https://cdn.dsmcdn.com/ty1858/prod/QC_PREP/20260424/12/00e94124-04f2-39d8-a8f8-0cba0077b7e4/1_org_zoom.jpg,,,,,,,,,https://www.trendyol.com/deerderi/hakiki-deri-cuzdan-anahtarlik-ve-kare-kilifli-matara-seti-anneler-gunu-hediyesi-p-1137689761?merchantId=1155143&filterOverPriceListings=false
TY8683246531230,TY8683246531230,Hakiki Deri Cüzdan Anahtarlık ve Kare Kılıflı Matara Seti Anneler Günü Hediyesi,"- Anneler Günü için şık ve kullanışlı bir hediye seti: Hakiki deri cüzdan, anahtarlık ve kare kılıflı matara.; - Kaliteli hakiki deri cüzdan ile hem şıklığı hem de işlevselliği bir arada sunar.; - Anahtarlık, anahtarlarınızı güvenle taşımanızı sağlar ve cüzdanla uyumlu tasarımıyla dikkat çeker.; - Kare kılıflı matara, içeceklerinizi uzun süre soğuk veya sıcak tutar, pratik kullanım sunar.; - Anneler Günü'ne özel bu set, sevdiklerinize unutulmaz bir hediye seçeneği sunar.;",2499.9,2499.9,15,549.841,Pembe,,Kadın / Kız,DEERDERİ,Cüzdan,https://cdn.dsmcdn.com/ty1858/prod/QC_PREP/20260424/12/ffd7e9f4-08d4-3a27-b20a-de11e14f2673/1_org_zoom.jpg,https://cdn.dsmcdn.com/ty1858/prod/QC_PREP/20260424/12/b1cc15d2-3e55-33da-9f91-26f3c2d7ccf5/1_org_zoom.jpg,,,,,,,,,https://www.trendyol.com/deerderi/hakiki-deri-cuzdan-anahtarlik-ve-kare-kilifli-matara-seti-anneler-gunu-hediyesi-p-1137689740?merchantId=1155143&filterOverPriceListings=false
TY8683246531228,TY8683246531228,Hakiki Deri Cüzdan Anahtarlık ve Kare Kılıflı Matara Seti Anneler Günü Hediyesi,"- Hakiki deri cüzdan, uzun ömürlü kullanım ve şık bir görünüm sunar.; - Cüzdanın yanında gelen anahtarlık, günlük kullanımda kolaylık sağlar ve anahtarlarınızı düzenli tutar.; - Kare kılıflı matara, içeceklerinizi güvenle taşımanızı sağlar ve şık tasarımıyla dikkat çeker.; - Anneler Günü için ideal bir hediye seçeneği olup, hem kullanışlı hem de anlamlı bir armağan sunar.; - Set, sevdiklerinize özel ve kaliteli bir hediye vermek isteyenler için mükemmel bir tercihtir.;",2499.9,2499.9,15,23.156.489,Haki,,Kadın / Kız,DEERDERİ,Cüzdan,https://cdn.dsmcdn.com/ty1857/prod/QC_PREP/20260424/12/9cf375a3-3673-3e5a-b99b-c57e096b35f9/1_org_zoom.jpg,https://cdn.dsmcdn.com/ty1858/prod/QC_PREP/20260424/12/8f4a4007-f2cd-3058-9356-d4ed83486e42/1_org_zoom.jpg,,,,,,,,,https://www.trendyol.com/deerderi/hakiki-deri-cuzdan-anahtarlik-ve-kare-kilifli-matara-seti-anneler-gunu-hediyesi-p-1137689609?merchantId=1155143&filterOverPriceListings=false
TY8683246531225,TY8683246531225,Hakiki Deri Cüzdan Anahtarlık ve Kare Kılıflı Matara Seti Anneler Günü Hediyesi,"- Anneler Günü için şık ve kullanışlı bir hediye seçeneği.; - Hakiki deri cüzdan, anahtarlık ve kare kılıflı matara içeren üçlü set.; - Cüzdan, kartlarınızı ve nakit paranızı güvenle taşımanızı sağlar.; - Anahtarlık, anahtarlarınızı düzenli tutmanıza yardımcı olur.; - Kare kılıflı matara, içeceklerinizi uzun süre soğuk veya sıcak tutar.; - Hem pratik hem de estetik bir hediye olarak annelerinizi mutlu edecektir.;",2499.9,2499.9,15,54.984.120,Haki,,Kadın / Kız,DEERDERİ,Cüzdan,https://cdn.dsmcdn.com/ty1859/prod/QC_PREP/20260424/12/97cb72e5-40dc-33b5-8699-d05f85390cbf/1_org_zoom.jpg,https://cdn.dsmcdn.com/ty1857/prod/QC_PREP/20260424/12/d427a66a-e292-3bf3-9871-c9dee88f93ab/1_org_zoom.jpg,,,,,,,,,https://www.trendyol.com/deerderi/hakiki-deri-cuzdan-anahtarlik-ve-kare-kilifli-matara-seti-anneler-gunu-hediyesi-p-1137689146?merchantId=1155143&filterOverPriceListings=false
TY8683246531226,TY8683246531226,Hakiki Deri Cüzdan Anahtarlık ve Kare Kılıflı Matara Seti Anneler Günü Hediyesi,"- Anneler Günü için şık ve kullanışlı bir hediye seçeneği.; - Hakiki deri cüzdan, anahtarlık ve kare kılıflı matara içeren üçlü set.; - Cüzdan, kartlarınızı ve nakit paranızı güvenle taşımanızı sağlar.; - Anahtarlık, anahtarlarınızı düzenli tutmanıza yardımcı olur.; - Kare kılıflı matara, içeceklerinizi uzun süre soğuk veya sıcak tutar.; - Hem pratik hem de estetik bir hediye olarak annelerinizi mutlu edecektir.;",2499.9,2499.9,15,54.984.120,Lacivert,,Kadın / Kız,DEERDERİ,Cüzdan,https://cdn.dsmcdn.com/ty1857/prod/QC_PREP/20260424/12/5cdaa8ca-7b84-34cb-86ca-be1bd93905ff/1_org_zoom.jpg,https://cdn.dsmcdn.com/ty1857/prod/QC_PREP/20260424/12/9c611add-05ad-3f53-a7e1-f1ce7ad26581/1_org_zoom.jpg,,,,,,,,,https://www.trendyol.com/deerderi/hakiki-deri-cuzdan-anahtarlik-ve-kare-kilifli-matara-seti-anneler-gunu-hediyesi-p-1137688960?merchantId=1155143&filterOverPriceListings=false
TY8683246531220,TY8683246531220,"Hakiki Deri Cüzdan, Kupa ve Kılıflı Matara Seti Anneler Günü Hediyesi","- Anneler Günü'ne özel, sevdiklerinize verebileceğiniz şık ve kullanışlı bir hediye seti.; - Set içeriğinde hakiki deri cüzdan, özgün tasarımlı kupa ve şık matara kılıfı bulunmaktadır.; - Hakiki deri cüzdan, kaliteli malzemesi ve dayanıklı yapısıyla uzun süreli kullanım sunar.; - Özel tasarımlı kupa, hem evde hem de ofiste kullanıma uygun, şık bir aksesuardır.; - Matara kılıfı, içeceğinizi güvenle taşımanızı sağlar ve şık görünümüyle tarzınızı yansıtır.; - Anneler Günü'ne özel olarak hazırlanmış bu set, sevdiklerinize unutulmaz bir hediye seçeneği sunar.;",2499.9,2499.9,14,165.412.094,Haki,,,DEERDERİ,Konsept Hediyelik,https://cdn.dsmcdn.com/ty1859/prod/QC_PREP/20260423/17/4c4683da-5d90-3122-a8a6-e6cdf68b2413/1_org_zoom.jpg,https://cdn.dsmcdn.com/ty1857/prod/QC_PREP/20260423/17/3050b6c4-bd14-3ba2-909a-494aa1659f3a/1_org_zoom.jpg,,,,,,,,,https://www.trendyol.com/deerderi/hakiki-deri-cuzdan-kupa-ve-kilifli-matara-seti-anneler-gunu-hediyesi-p-1137387047?merchantId=1155143&filterOverPriceListings=false
TY8683246531224,TY8683246531224,"Hakiki Deri Cüzdan, Sermaik Kupa ve French Press Seti Anneler Günü Hediyesi","- Anneler Günü'ne özel, şık ve kullanışlı bir hediye seti: Hakiki deri cüzdan, seramik kupa ve French press kahve makinesi.; - Yüksek kaliteli hakiki deriden üretilmiş cüzdan, anneniz için hem şık hem de pratik bir aksesuar.; - Seramik kupa, sıcak içeceklerinizi keyifle yudumlayabileceğiniz zarif bir tasarıma sahip.; - French press kahve makinesi ile evde taze ve aromatik kahvelerin keyfini çıkarabilirsiniz.; - Anneler Günü'ne özel olarak hazırlanmış bu set, anneniz için unutulmaz bir hediye seçeneği sunar.;",2499.9,2499.9,15,54.984.120,Pembe,,Kadın / Kız,DEERDERİ,Cüzdan,https://cdn.dsmcdn.com/ty1859/prod/QC_PREP/20260423/17/afcce9b5-2b5b-3c40-b8d6-f4dba29b3f0b/1_org_zoom.jpg,https://cdn.dsmcdn.com/ty1859/prod/QC_PREP/20260423/17/5d588b0f-f665-3b99-ba91-c698ffe5741e/1_org_zoom.jpg,,,,,,,,,https://www.trendyol.com/deerderi/hakiki-deri-cuzdan-sermaik-kupa-ve-french-press-seti-anneler-gunu-hediyesi-p-1137386839?merchantId=1155143&filterOverPriceListings=false
TY8683246531223,TY8683246531223,"Hakiki Deri Cüzdan, Sermaik Kupa ve French Press Seti Anneler Günü Hediyesi","- Anneler Günü'ne özel, şık ve kullanışlı bir hediye seti: Hakiki deri cüzdan, seramik kupa ve French press kahve makinesi.; - Yüksek kaliteli hakiki deriden üretilmiş cüzdan, anneniz için hem şık hem de pratik bir aksesuar.; - Seramik kupa, sıcak içeceklerinizi keyifle yudumlayabileceğiniz zarif bir tasarıma sahip.; - French press kahve makinesi ile evde taze ve aromatik kahvelerin keyfini çıkarabilirsiniz.; - Anneler Günü'ne özel olarak hazırlanmış bu set, anneniz için unutulmaz bir hediye seçeneği sunar.;",2499.9,2499.9,14,54.984.120,Bordo,,Kadın / Kız,DEERDERİ,Cüzdan,https://cdn.dsmcdn.com/ty1857/prod/QC_PREP/20260423/17/e5afd72a-c3ee-3f83-971b-662db3f17112/1_org_zoom.jpg,https://cdn.dsmcdn.com/ty1859/prod/QC_PREP/20260423/17/0f412257-9927-31c6-8aef-0b93f4ba67be/1_org_zoom.jpg,,,,,,,,,https://www.trendyol.com/deerderi/hakiki-deri-cuzdan-sermaik-kupa-ve-french-press-seti-anneler-gunu-hediyesi-p-1137386741?merchantId=1155143&filterOverPriceListings=false
TY8683246531218,TY8683246531218,"Hakiki Deri Cüzdan, Kupa ve Kılıflı Matara Seti Anneler Günü Hediyesi","- Anneler Günü'ne özel, sevdiklerinize verebileceğiniz şık ve kullanışlı bir hediye seti.; - Set içeriğinde hakiki deri cüzdan, özgün tasarımlı kupa ve şık matara kılıfı bulunmaktadır.; - Hakiki deri cüzdan, kaliteli malzemesi ve dayanıklı yapısıyla uzun süreli kullanım sunar.; - Özel tasarımlı kupa, hem evde hem de ofiste kullanıma uygun, şık bir aksesuardır.; - Matara kılıfı, içeceğinizi güvenle taşımanızı sağlar ve şık görünümüyle tarzınızı yansıtır.; - Anneler Günü'ne özel olarak hazırlanmış bu set, sevdiklerinize unutulmaz bir hediye seçeneği sunar.;",2499.9,2499.9,15,165.412.094,Kırmızı,,,DEERDERİ,Konsept Hediyelik,https://cdn.dsmcdn.com/ty1858/prod/QC_PREP/20260423/17/4f1795d4-ece2-38e0-9280-cf5063b931e3/1_org_zoom.jpg,https://cdn.dsmcdn.com/ty1858/prod/QC_PREP/20260423/17/0352fc24-1d9b-3efc-9648-2baf593b330b/1_org_zoom.jpg,,,,,,,,,https://www.trendyol.com/deerderi/hakiki-deri-cuzdan-kupa-ve-kilifli-matara-seti-anneler-gunu-hediyesi-p-1137386138?merchantId=1155143&filterOverPriceListings=false
TY8683246531222,TY8683246531222,"Hakiki Deri Cüzdan, Kupa ve Kılıflı Matara Seti Anneler Günü Hediyesi","- Anneler Günü'ne özel, sevdiklerinize verebileceğiniz şık ve kullanışlı bir hediye seti.; - Set içeriğinde hakiki deri cüzdan, özgün tasarımlı kupa ve şık matara kılıfı bulunmaktadır.; - Hakiki deri cüzdan, kaliteli malzemesi ve dayanıklı yapısıyla uzun süreli kullanım sunar.; - Özel tasarımlı kupa, hem evde hem de ofiste kullanıma uygun, şık bir aksesuardır.; - Matara kılıfı, içeceğinizi güvenle taşımanızı sağlar ve şık görünümüyle tarzınızı yansıtır.; - Anneler Günü'ne özel olarak hazırlanmış bu set, sevdiklerinize unutulmaz bir hediye seçeneği sunar.;",2499.9,2499.9,15,165.412.094,Mor,,,DEERDERİ,Konsept Hediyelik,https://cdn.dsmcdn.com/ty1858/prod/QC_PREP/20260423/17/a44b1279-2a82-39b0-ab39-d8a93d714a40/1_org_zoom.jpg,https://cdn.dsmcdn.com/ty1859/prod/QC_PREP/20260423/17/f8d9f99f-1e27-3396-8ba7-167560f1633a/1_org_zoom.jpg,,,,,,,,,https://www.trendyol.com/deerderi/hakiki-deri-cuzdan-kupa-ve-kilifli-matara-seti-anneler-gunu-hediyesi-p-1137386115?merchantId=1155143&filterOverPriceListings=false
TY8683246531221,TY8683246531221,"Hakiki Deri Cüzdan, Kupa ve Kılıflı Matara Seti Anneler Günü Hediyesi","- Anneler Günü'ne özel, sevdiklerinize verebileceğiniz şık ve kullanışlı bir hediye seti.; - Set içeriğinde hakiki deri cüzdan, özgün tasarımlı kupa ve şık matara kılıfı bulunmaktadır.; - Hakiki deri cüzdan, kaliteli malzemesi ve dayanıklı yapısıyla uzun süreli kullanım sunar.; - Özel tasarımlı kupa, hem evde hem de ofiste kullanıma uygun, şık bir aksesuardır.; - Matara kılıfı, içeceğinizi güvenle taşımanızı sağlar ve şık görünümüyle tarzınızı yansıtır.; - Anneler Günü'ne özel olarak hazırlanmış bu set, sevdiklerinize unutulmaz bir hediye seçeneği sunar.;",2199.9,2199.9,15,165.412.094,Pembe,,,DEERDERİ,Konsept Hediyelik,https://cdn.dsmcdn.com/ty1857/prod/QC_PREP/20260423/17/e32b0181-5ccb-3851-93d7-aeb09bd52bee/1_org_zoom.jpg,https://cdn.dsmcdn.com/ty1859/prod/QC_PREP/20260423/17/ba2f6555-b13d-3bba-bce8-b4837148c9bc/1_org_zoom.jpg,,,,,,,,,https://www.trendyol.com/deerderi/hakiki-deri-cuzdan-kupa-ve-kilifli-matara-seti-anneler-gunu-hediyesi-p-1137386114?merchantId=1155143&filterOverPriceListings=false
TY8683246531219,TY8683246531219,"Hakiki Deri Cüzdan, Kupa ve Kılıflı Matara Seti Anneler Günü Hediyesi","- Anneler Günü'ne özel, sevdiklerinize verebileceğiniz şık ve kullanışlı bir hediye seti.; - Set içeriğinde hakiki deri cüzdan, özgün tasarımlı kupa ve şık matara kılıfı bulunmaktadır.; - Hakiki deri cüzdan, kaliteli malzemesi ve dayanıklı yapısıyla uzun süreli kullanım sunar.; - Özel tasarımlı kupa, hem evde hem de ofiste kullanıma uygun, şık bir aksesuardır.; - Matara kılıfı, içeceğinizi güvenle taşımanızı sağlar ve şık görünümüyle tarzınızı yansıtır.; - Anneler Günü'ne özel olarak hazırlanmış bu set, sevdiklerinize unutulmaz bir hediye seçeneği sunar.;",2499.9,2499.9,15,165.412.094,Lacivert,,,DEERDERİ,Konsept Hediyelik,https://cdn.dsmcdn.com/ty1858/prod/QC_PREP/20260423/17/ac989ab7-c745-3a08-a5e2-11bc4070d70b/1_org_zoom.jpg,https://cdn.dsmcdn.com/ty1857/prod/QC_PREP/20260423/17/37ca6129-448a-30a8-9199-b12b39a4a4fa/1_org_zoom.jpg,,,,,,,,,https://www.trendyol.com/deerderi/hakiki-deri-cuzdan-kupa-ve-kilifli-matara-seti-anneler-gunu-hediyesi-p-1137386024?merchantId=1155143&filterOverPriceListings=false
TY8683246531216,TY8683246531216,"Hakiki Deri Cüzdan, Kupa ve Kılıflı Matara Seti Anneler Günü Hediyesi","- Anneye özel, şık ve kullanışlı bir hediye seti: Hakiki deri cüzdan, kupa ve kılıflı matara.; - Anneye olan sevginizi göstermek için ideal bir hediye seçeneği.; - Hakiki deri cüzdan, annenin günlük eşyalarını düzenli bir şekilde taşımasına olanak tanır.; - Özel tasarım kupa, annenin sıcak içeceklerini keyifle yudumlaması için mükemmeldir.; - Kılıflı matara, annenin su ihtiyacını her yerde karşılamasına yardımcı olur ve şık görünümüyle dikkat çeker.; - Anneler Günü'nde unutulmaz bir hediye ile annenizi mutlu edin.;",2499.9,2499.9,14,46.520.564,Siyah,,,DEERDERİ,Suluk & Matara,https://cdn.dsmcdn.com/ty1857/prod/QC_PREP/20260423/17/ff661a2f-8a4d-3c57-b8c4-0a2fd7f8a31f/1_org_zoom.jpg,https://cdn.dsmcdn.com/ty1857/prod/QC_PREP/20260423/17/e69f7ffa-7240-3b8e-ab80-d173e405c619/1_org_zoom.jpg,,,,,,,,,https://www.trendyol.com/deerderi/hakiki-deri-cuzdan-kupa-ve-kilifli-matara-seti-anneler-gunu-hediyesi-p-1137385682?merchantId=1155143&filterOverPriceListings=false
TY8683246531215,TY8683246531215,"Hakiki Deri Cüzdan, Kupa ve Kılıflı Matara Seti Anneler Günü Hediyesi","- Anneye özel, şık ve kullanışlı bir hediye seti: Hakiki deri cüzdan, kupa ve kılıflı matara.; - Anneye olan sevginizi göstermek için ideal bir hediye seçeneği.; - Hakiki deri cüzdan, annenin günlük eşyalarını düzenli bir şekilde taşımasına olanak tanır.; - Özel tasarım kupa, annenin sıcak içeceklerini keyifle yudumlaması için mükemmeldir.; - Kılıflı matara, annenin su ihtiyacını her yerde karşılamasına yardımcı olur ve şık görünümüyle dikkat çeker.; - Anneler Günü'nde unutulmaz bir hediye ile annenizi mutlu edin.;",2499.9,2499.9,15,46.520.564,Turuncu,,,DEERDERİ,Suluk & Matara,https://cdn.dsmcdn.com/ty1857/prod/QC_PREP/20260423/17/3cf32d4c-80bf-30ef-99e6-8cb840920516/1_org_zoom.jpg,https://cdn.dsmcdn.com/ty1859/prod/QC_PREP/20260423/17/0fd5ff60-6bfa-3020-98e0-5e7b483e0140/1_org_zoom.jpg,,,,,,,,,https://www.trendyol.com/deerderi/hakiki-deri-cuzdan-kupa-ve-kilifli-matara-seti-anneler-gunu-hediyesi-p-1137385667?merchantId=1155143&filterOverPriceListings=false
TY8683246531217,TY8683246531217,"Hakiki Deri Cüzdan, Kupa ve Kılıflı Matara Seti Anneler Günü Hediyesi","- Anneye özel, şık ve kullanışlı bir hediye seti: Hakiki deri cüzdan, kupa ve kılıflı matara.; - Anneye olan sevginizi göstermek için ideal bir hediye seçeneği.; - Hakiki deri cüzdan, annenin günlük eşyalarını düzenli bir şekilde taşımasına olanak tanır.; - Özel tasarım kupa, annenin sıcak içeceklerini keyifle yudumlaması için mükemmeldir.; - Kılıflı matara, annenin su ihtiyacını her yerde karşılamasına yardımcı olur ve şık görünümüyle dikkat çeker.; - Anneler Günü'nde unutulmaz bir hediye ile annenizi mutlu edin.;",2499.9,2499.9,15,46.520.564,Kırmızı,,,DEERDERİ,Suluk & Matara,https://cdn.dsmcdn.com/ty1859/prod/QC_PREP/20260423/17/35ed96c4-83dc-3422-a9a8-2749c2a3e078/1_org_zoom.jpg,https://cdn.dsmcdn.com/ty1857/prod/QC_PREP/20260423/17/eb0b190c-1cf5-3dc3-8091-a01d18fe4a82/1_org_zoom.jpg,,,,,,,,,https://www.trendyol.com/deerderi/hakiki-deri-cuzdan-kupa-ve-kilifli-matara-seti-anneler-gunu-hediyesi-p-1137384502?merchantId=1155143&filterOverPriceListings=false
TY8683212031675,TY8683212031675,Çapalı Üçlü El Örmesi Hakiki Deri Bileklik,"- El emeği göz nuru, üçlü tasarım ve hakiki deri malzemesiyle benzersiz bir stil sunar.; - Çapalı yapısı sayesinde hem şık hem de dayanıklı bir aksesuar olarak öne çıkar.; - El örgüsü detayları ile otantik bir görünüm kazandırır ve her kıyafetle kolayca uyum sağlar.; - Üçlü bileklik tasarımı, bileğinizi zarifçe süsler ve kişisel tarzınızı yansıtır.; - Doğal hakiki deri kullanımı, uzun ömürlü ve kaliteli bir aksesuar deneyimi sunar.;",299.9,299.9,10,6.556.465,Kahverengi,0,Erkek,DEERDERİ,Bijuteri Bileklik,https://cdn.dsmcdn.com/ty1858/prod/QC_PREP/20260421/16/00a38106-def5-39d5-bc29-4524602f2d48/1_org_zoom.jpg,https://cdn.dsmcdn.com/ty1858/prod/QC_PREP/20260421/16/95982902-44a0-361a-8c44-3aff21b87e4d/1_org_zoom.jpg,,,,,,,,,https://www.trendyol.com/deerderi/capali-uclu-el-ormesi-hakiki-deri-bileklik-p-1136117105?merchantId=1155143&filterOverPriceListings=false
TY8683212031676,TY8683212031676,Çapalı Üçlü El Örmesi Hakiki Deri Bileklik,"- El emeği göz nuru, üçlü tasarım ve hakiki deri malzemesiyle benzersiz bir stil sunar.; - Çapalı yapısı sayesinde hem şık hem de dayanıklı bir aksesuar olarak öne çıkar.; - El örgüsü detayları ile otantik bir görünüm kazandırır ve her kıyafetle kolayca uyum sağlar.; - Üçlü bileklik tasarımı, bileğinizi zarifçe süsler ve kişisel tarzınızı yansıtır.; - Doğal hakiki deri kullanımı, uzun ömürlü ve kaliteli bir aksesuar deneyimi sunar.;",299.9,299.9,10,6.556.465,Siyah,0,Erkek,DEERDERİ,Bijuteri Bileklik,https://cdn.dsmcdn.com/ty1857/prod/QC_PREP/20260421/16/4bce4489-adca-379d-81d7-956da508ba65/1_org_zoom.jpg,https://cdn.dsmcdn.com/ty1859/prod/QC_PREP/20260421/16/6b56f331-8095-3f88-9f5a-d579b074447f/1_org_zoom.jpg,,,,,,,,,https://www.trendyol.com/deerderi/capali-uclu-el-ormesi-hakiki-deri-bileklik-p-1136116301?merchantId=1155143&filterOverPriceListings=false
TY8683212031667,TY8683212031667,Çapalı El Örmesi Hakiki Deri Erkek Bileklik,"- El işçiliğiyle üretilmiş, hakiki deriden yapılmış erkek bileklik.; - Beyaz renk seçeneğiyle şık ve modern bir görünüm sunar.; - Oval tasarıma sahip olup, hem günlük kullanımda hem de özel günlerde tercih edilebilir.; - Yetişkin erkekler için uygun, 0 beden ölçüsündedir.; - Türkiye'de üretilmiştir, yerel işçiliği destekler.; - Taşsız tasarımıyla minimalist bir stil oluşturur.; - Bakımı kolaydır; nemli bir bezle silinerek temizlenebilir.;",299.9,299.9,10,52.318.496,Beyaz,0,Erkek,DEERDERİ,Bijuteri Bileklik,https://cdn.dsmcdn.com/ty1857/prod/QC_PREP/20260421/15/4310d059-9684-3aaf-af6f-c33111a48832/1_org_zoom.jpg,https://cdn.dsmcdn.com/ty1857/prod/QC_PREP/20260421/15/b855191d-852f-34fe-853d-59de3b278afb/1_org_zoom.jpg,,,,,,,,,https://www.trendyol.com/deerderi/capali-el-ormesi-hakiki-deri-erkek-bileklik-p-1136090527?merchantId=1155143&filterOverPriceListings=false
TY8683212031668,TY8683212031668,Çapalı El Örmesi Hakiki Deri Erkek Bileklik,"- El işçiliği ile üretilmiş, hakiki deriden yapılmış erkek bileklik.; - Şık ve modern tasarımıyla dikkat çeken beyaz-siyah renk kombinasyonu.; - Oval şekliyle zarif bir görünüm sunar.; - Yetişkin erkekler için ideal bir aksesuar seçeneği.; - Türkiye'de üretilmiştir, yerel işçiliğin kalitesini yansıtır.; - Nemli bir bezle kolayca temizlenebilir, bakımı pratiktir.;",299.9,299.9,10,52.318.496,Beyaz-Siyah,0,Erkek,DEERDERİ,Bijuteri Bileklik,https://cdn.dsmcdn.com/ty1859/prod/QC_PREP/20260421/15/f7080fe9-a0a5-335f-bb3e-b1da2ca177a8/1_org_zoom.jpg,https://cdn.dsmcdn.com/ty1859/prod/QC_PREP/20260421/15/28447f63-9015-378c-ba33-be03f8609a2e/1_org_zoom.jpg,,,,,,,,,https://www.trendyol.com/deerderi/capali-el-ormesi-hakiki-deri-erkek-bileklik-p-1136090520?merchantId=1155143&filterOverPriceListings=false
TY8683212031665,TY8683212031665,Çapalı El Örmesi Hakiki Deri Erkek Bileklik,"- El emeği göz nuru, hakiki deri ile üretilmiş, benzersiz bir erkek bileklik.; - Siyah ve beyaz renklerin uyumlu kombinasyonu ile şıklığınızı tamamlayacak tasarım.; - Oval yapısı ve deri materyali ile hem modern hem de klasik bir görünüm sunar.; - Yetişkin erkekler için ideal, her tarza uyum sağlayabilecek bir aksesuar.; - Nemli bir bezle kolayca temizlenebilir, uzun ömürlü kullanım için idealdir.; - Türkiye'de üretilmiş, yerli işçiliğin kalitesini yansıtan bir ürün.; - Taşsız tasarımıyla sade ve zarif bir stil oluşturur.;",299.9,299.9,10,52.318.496,Siyah-Beyaz,0,Erkek,DEERDERİ,Bijuteri Bileklik,https://cdn.dsmcdn.com/ty1857/prod/QC_PREP/20260421/15/3ed32ff7-4fc7-3230-a403-c5ae10c2282a/1_org_zoom.jpg,https://cdn.dsmcdn.com/ty1858/prod/QC_PREP/20260421/15/2f072935-0943-3944-81bf-1fdd8c8cc779/1_org_zoom.jpg,,,,,,,,,https://www.trendyol.com/deerderi/capali-el-ormesi-hakiki-deri-erkek-bileklik-p-1136090494?merchantId=1155143&filterOverPriceListings=false
TY8683212031664,TY8683212031664,Çapalı El Örmesi Hakiki Deri Erkek Bileklik,"- El emeği göz nuru, hakiki deri malzemeden üretilmiş erkek bileklik.; - Klasik kahverengi rengiyle her tarza uyum sağlar.; - Oval yapısı ve çapalı tasarımı ile dikkat çekici bir görünüm sunar.; - Yetişkin erkekler için ideal bir aksesuar seçeneği.; - Türkiye'de üretilmiştir, yerli malı gururuyla sunulmaktadır.; - Kolay temizlenebilir yapısı sayesinde uzun ömürlü kullanım imkanı sağlar.;",299.9,299.9,10,52.318.496,Kahverengi,0,Erkek,DEERDERİ,Bijuteri Bileklik,https://cdn.dsmcdn.com/ty1857/prod/QC_PREP/20260421/15/08fc6e34-5eb7-30a7-97ec-77a2f5aaf670/1_org_zoom.jpg,https://cdn.dsmcdn.com/ty1858/prod/QC_PREP/20260421/15/11356a02-d116-3e62-b4e5-56351d487f22/1_org_zoom.jpg,,,,,,,,,https://www.trendyol.com/deerderi/capali-el-ormesi-hakiki-deri-erkek-bileklik-p-1136090487?merchantId=1155143&filterOverPriceListings=false
TY8683212031671,TY8683212031671,Çapalı El Örmesi Hakiki Deri Erkek Bileklik,"- El emeği göz nuru, hakiki deri kullanılarak üretilmiş, uzun ömürlü bir aksesuar.; - Kırmızı ve siyah renk kombinasyonuyla şıklığınızı tamamlayacak, dikkat çekici bir tasarım.; - Yetişkin erkekler için özel olarak tasarlanmış, oval yapısıyla modern bir görünüm sunar.; - Türkiye'de üretilmiş, yerli malı gururunu taşıyan bir bileklik.; - Bakımı kolaydır; nemli bir bezle silerek temizleyebilirsiniz.; - Taş detayları içermeyen sade ve zarif tasarımıyla her tarza uyum sağlar.;",299.9,299.9,10,52.318.496,Kırmızı-Siyah,0,Erkek,DEERDERİ,Bijuteri Bileklik,https://cdn.dsmcdn.com/ty1859/prod/QC_PREP/20260421/15/17772e57-0494-3f2e-8e67-b9fffd1ed20e/1_org_zoom.jpg,https://cdn.dsmcdn.com/ty1857/prod/QC_PREP/20260421/15/16b1454b-eb9b-3e21-8436-02f616c339d6/1_org_zoom.jpg,,,,,,,,,https://www.trendyol.com/deerderi/capali-el-ormesi-hakiki-deri-erkek-bileklik-p-1136090409?merchantId=1155143&filterOverPriceListings=false
TY8683212031669,TY8683212031669,Çapalı El Örmesi Hakiki Deri Erkek Bileklik,"- El işçiliği ile üretilmiş hakiki deri bileklik, benzersiz ve otantik bir görünüm sunar.; - Bej rengiyle klasik ve zamansız bir tarz yaratır, her kıyafetle kolayca kombinlenebilir.; - Oval tasarımlı çapalı yapısı, bileğinizde şık ve modern bir duruş sağlar.; - Yetişkin erkekler için ideal bir aksesuardır, günlük kullanımda veya özel günlerde tercih edilebilir.; - Türkiye'de üretilmiştir, yerel el sanatlarının kalitesini ve özgünlüğünü yansıtır.; - Nemli bir bezle kolayca temizlenebilir, bakımının pratik olması uzun ömürlü kullanım imkanı sunar.;",299.9,299.9,10,52.318.496,Bej,0,Erkek,DEERDERİ,Bijuteri Bileklik,https://cdn.dsmcdn.com/ty1858/prod/QC_PREP/20260421/15/cc6549ed-1da9-34f1-a2b6-d1c7ea6ba66d/1_org_zoom.jpg,https://cdn.dsmcdn.com/ty1857/prod/QC_PREP/20260421/15/3a47ebdf-a80d-3157-897c-a6dc4eae349f/1_org_zoom.jpg,,,,,,,,,https://www.trendyol.com/deerderi/capali-el-ormesi-hakiki-deri-erkek-bileklik-p-1136090402?merchantId=1155143&filterOverPriceListings=false
TY8683212031663,TY8683212031663,Çapalı El Örmesi Hakiki Deri Erkek Bileklik,"- El emeği göz nuru, hakiki deri malzemeden üretilmiştir.; - Bordo rengiyle şıklığınızı tamamlayacak zarif bir aksesuar.; - Oval çapalı tasarımı ile modern ve dikkat çekici bir görünüm sunar.; - Yetişkin erkekler için ideal, günlük kullanımda rahatlıkla tercih edilebilir.; - Türkiye'de üretilmiştir, yerli üretim kalitesini yansıtır.; - Kolay temizlenebilir yapısı sayesinde uzun ömürlü kullanım sağlar; nemli bir bezle silinmesi yeterlidir.;",299.9,299.9,10,52.318.496,Bordo,0,Erkek,DEERDERİ,Bijuteri Bileklik,https://cdn.dsmcdn.com/ty1857/prod/QC_PREP/20260421/15/5b7ac7b5-0c73-3a09-9bd7-652af35b827c/1_org_zoom.jpg,https://cdn.dsmcdn.com/ty1857/prod/QC_PREP/20260421/15/a0488c6c-e3bd-32b3-9745-c98a9a0ef883/1_org_zoom.jpg,,,,,,,,,https://www.trendyol.com/deerderi/capali-el-ormesi-hakiki-deri-erkek-bileklik-p-1136090363?merchantId=1155143&filterOverPriceListings=false
TY8683212031672,TY8683212031672,Çapalı El Örmesi Hakiki Deri Erkek Bileklik,"- El emeği göz nuru, hakiki deriden üretilmiş, benzersiz bir erkek bilekliği.; - Canlı kırmızı rengiyle dikkat çeken bu bileklik, tarzınıza eşsiz bir dokunuş katacak.; - Oval tasarımı ve el işçiliği detaylarıyla öne çıkan bu bileklik, hem şık hem de dayanıklı bir aksesuar seçeneği sunuyor.; - Yetişkin erkekler için ideal olan bu bileklik, günlük kullanımda veya özel günlerde stilinizi tamamlayacak.; - Bakımı kolaydır; nemli bir bezle silerek temizleyebilirsiniz.; - Türkiye'de üretilmiş olup, yerel işçiliğin kalitesini yansıtmaktadır.;",299.9,299.9,10,52.318.496,Kırmızı,0,Erkek,DEERDERİ,Bijuteri Bileklik,https://cdn.dsmcdn.com/ty1857/prod/QC_PREP/20260421/15/289f736a-a8bc-3a7d-8895-ee1451767633/1_org_zoom.jpg,https://cdn.dsmcdn.com/ty1859/prod/QC_PREP/20260421/15/628be6ec-101c-3c50-957a-e29c03969518/1_org_zoom.jpg,,,,,,,,,https://www.trendyol.com/deerderi/capali-el-ormesi-hakiki-deri-erkek-bileklik-p-1136090313?merchantId=1155143&filterOverPriceListings=false
TY8683212031670,TY8683212031670,Çapalı El Örmesi Hakiki Deri Erkek Bileklik,"- El emeği göz nuru, hakiki deri malzemeden üretilmiştir.; - Şık ve zamansız siyah rengi ile her kıyafetle uyum sağlar.; - Oval tasarımı, bileğinize modern bir dokunuş katar.; - Yetişkin erkekler için ideal bir aksesuardır.; - Türkiye'de üretilmiştir, yerli üretim kalitesini yansıtır.; - Nemli bir bezle kolayca temizlenebilir, bakımını pratik bir şekilde yapabilirsiniz.; - Taşıdığı zarif detaylar ile stilinizi tamamlar.;",299.9,299.9,10,52.318.496,Siyah,0,Erkek,DEERDERİ,Bijuteri Bileklik,https://cdn.dsmcdn.com/ty1859/prod/QC_PREP/20260421/15/d9ed41af-bc11-35c8-b402-cb5f85abaf7d/1_org_zoom.jpg,https://cdn.dsmcdn.com/ty1857/prod/QC_PREP/20260421/15/55929375-05ef-316c-8342-77d809a47e6a/1_org_zoom.jpg,,,,,,,,,https://www.trendyol.com/deerderi/capali-el-ormesi-hakiki-deri-erkek-bileklik-p-1136090270?merchantId=1155143&filterOverPriceListings=false
TY8683212031666,TY8683212031666,Çapalı El Örmesi Hakiki Deri Erkek Bileklik,"- El işçiliği ile üretilmiş, hakiki deriden yapılmış erkek bileklik.; - Şık ve modern görünümüyle her kıyafetle uyum sağlar.; - Lacivert rengi, farklı renklerle kolayca kombinlenebilir.; - Oval tasarımı ile klasik ve zamansız bir stil sunar.; - Yetişkin erkekler için ideal bir aksesuardır.; - Nemli bir bezle kolayca temizlenebilir, bakımı pratiktir.; - Türkiye'de üretilmiştir, yerel işçiliği destekler.;",299.9,299.9,10,52.318.496,Lacivert,0,Erkek,DEERDERİ,Bijuteri Bileklik,https://cdn.dsmcdn.com/ty1859/prod/QC_PREP/20260421/15/3a9dbf87-53ec-337b-984b-c989aaf8a8df/1_org_zoom.jpg,https://cdn.dsmcdn.com/ty1859/prod/QC_PREP/20260421/15/486dc447-b48e-38ec-8546-e473f286b644/1_org_zoom.jpg,,,,,,,,,https://www.trendyol.com/deerderi/capali-el-ormesi-hakiki-deri-erkek-bileklik-p-1136089802?merchantId=1155143&filterOverPriceListings=false
TY8683212031661,TY8683212031661,Çapalı Deri El Örmesi Erkek Bileklik,"- El emeği göz nuru, özel tasarım erkek bileklik.; - Yüksek kaliteli deri malzeme ile üretilmiştir, uzun ömürlü kullanım sunar.; - Şık ve modern tasarımıyla her kıyafetle uyum sağlar.; - Çapalı detayları ile dikkat çekici bir görünüm kazandırır.; - Hem günlük kullanımda hem de özel günlerde tercih edilebilir.;",299.9,299.9,10,13.216.894,Beyaz,0,Erkek,DEERDERİ,Bijuteri Bileklik,https://cdn.dsmcdn.com/ty1859/prod/QC_PREP/20260420/17/8799d1b2-85bc-3bb2-9347-8267d167ceac/1_org_zoom.jpg,https://cdn.dsmcdn.com/ty1857/prod/QC_PREP/20260420/17/c9691136-8c27-340b-ba2c-25bd18a7c6d2/1_org_zoom.jpg,,,,,,,,,https://www.trendyol.com/deerderi/capali-deri-el-ormesi-erkek-bileklik-p-1135685771?merchantId=1155143&filterOverPriceListings=false
TY8683212031658,TY8683212031658,Çapalı Deri El Örmesi Erkek Bileklik,"- El emeği göz nuru, özel tasarım erkek bileklik.; - Yüksek kaliteli deri malzeme ile üretilmiştir, uzun ömürlü kullanım sunar.; - Şık ve modern tasarımıyla her kıyafetle uyum sağlar.; - Çapalı detayları ile dikkat çekici bir görünüm kazandırır.; - Hem günlük kullanımda hem de özel günlerde tercih edilebilir.;",299.9,299.9,10,13.216.894,Lacivert,0,Erkek,DEERDERİ,Bijuteri Bileklik,https://cdn.dsmcdn.com/ty1857/prod/QC_PREP/20260420/17/06b6e284-faba-3814-aa9f-636d0a4f93ae/1_org_zoom.jpg,https://cdn.dsmcdn.com/ty1859/prod/QC_PREP/20260420/17/76e244ee-2bfe-3c5c-9529-c51bc34d0d57/1_org_zoom.jpg,,,,,,,,,https://www.trendyol.com/deerderi/capali-deri-el-ormesi-erkek-bileklik-p-1135685733?merchantId=1155143&filterOverPriceListings=false
TY8683212031656,TY8683212031656,Çapalı Deri El Örmesi Erkek Bileklik,"- El emeği göz nuru, özel tasarım erkek bileklik.; - Yüksek kaliteli deri malzeme ile üretilmiştir, uzun ömürlü kullanım sunar.; - Şık ve modern tasarımıyla her kıyafetle uyum sağlar.; - Çapalı detayları ile dikkat çekici bir görünüm kazandırır.; - Hem günlük kullanımda hem de özel günlerde tercih edilebilir.;",299.9,299.9,10,13.216.894,Bordo,0,Erkek,DEERDERİ,Bijuteri Bileklik,https://cdn.dsmcdn.com/ty1858/prod/QC_PREP/20260420/17/52d6002c-6e4d-31b5-82c6-e72628448792/1_org_zoom.jpg,https://cdn.dsmcdn.com/ty1859/prod/QC_PREP/20260420/17/b0e12c4c-97f5-3a2c-8c4e-197eb29331de/1_org_zoom.jpg,,,,,,,,,https://www.trendyol.com/deerderi/capali-deri-el-ormesi-erkek-bileklik-p-1135685706?merchantId=1155143&filterOverPriceListings=false
TY8683212031659,TY8683212031659,Çapalı Deri El Örmesi Erkek Bileklik,"- El emeği göz nuru, özel tasarım erkek bileklik.; - Yüksek kaliteli deri malzeme ile üretilmiştir, uzun ömürlü kullanım sunar.; - Şık ve modern tasarımıyla her kıyafetle uyum sağlar.; - Çapalı detayları ile dikkat çekici bir görünüm kazandırır.; - Hem günlük kullanımda hem de özel günlerde tercih edilebilir.;",299.9,299.9,10,13.216.894,Kırmızı,0,Erkek,DEERDERİ,Bijuteri Bileklik,https://cdn.dsmcdn.com/ty1857/prod/QC_PREP/20260420/17/3a66a70c-1213-32fe-849a-4b9ab3f01d6a/1_org_zoom.jpg,https://cdn.dsmcdn.com/ty1859/prod/QC_PREP/20260420/17/67e41a82-d9ab-3f3f-a550-7a2b421a6788/1_org_zoom.jpg,,,,,,,,,https://www.trendyol.com/deerderi/capali-deri-el-ormesi-erkek-bileklik-p-1135685672?merchantId=1155143&filterOverPriceListings=false
TY8683212031657,TY8683212031657,Çapalı Deri El Örmesi Erkek Bileklik,"- El emeği göz nuru, özel tasarım erkek bileklik.; - Yüksek kaliteli deri malzeme ile üretilmiştir, uzun ömürlü kullanım sunar.; - Şık ve modern tasarımıyla her kıyafetle uyum sağlar.; - Çapalı detayları ile dikkat çekici bir görünüm kazandırır.; - Hem günlük kullanımda hem de özel günlerde tercih edilebilir.;",299.9,299.9,10,13.216.894,Bej,0,Erkek,DEERDERİ,Bijuteri Bileklik,https://cdn.dsmcdn.com/ty1857/prod/QC_PREP/20260420/17/5d3ba454-0de9-3faf-90f5-1f5e76896511/1_org_zoom.jpg,https://cdn.dsmcdn.com/ty1859/prod/QC_PREP/20260420/17/5530d463-ff8e-3136-b884-8861e024ed7a/1_org_zoom.jpg,,,,,,,,,https://www.trendyol.com/deerderi/capali-deri-el-ormesi-erkek-bileklik-p-1135685631?merchantId=1155143&filterOverPriceListings=false
TY8683212031660,TY8683212031660,Çapalı Deri El Örmesi Erkek Bileklik,"- El emeği göz nuru, özel tasarım erkek bileklik.; - Yüksek kaliteli deri malzeme ile üretilmiştir, uzun ömürlü kullanım sunar.; - Şık ve modern tasarımıyla her kıyafetle uyum sağlar.; - Çapalı detayları ile dikkat çekici bir görünüm kazandırır.; - Hem günlük kullanımda hem de özel günlerde tercih edilebilir.;",299.9,299.9,10,13.216.894,Haki,0,Erkek,DEERDERİ,Bijuteri Bileklik,https://cdn.dsmcdn.com/ty1858/prod/QC_PREP/20260420/17/1e92a177-386a-3ec0-bd2f-046ebba6f16d/1_org_zoom.jpg,https://cdn.dsmcdn.com/ty1857/prod/QC_PREP/20260420/17/9fef3c7e-8b76-3a44-808e-c1bf436b0c9d/1_org_zoom.jpg,,,,,,,,,https://www.trendyol.com/deerderi/capali-deri-el-ormesi-erkek-bileklik-p-1135685626?merchantId=1155143&filterOverPriceListings=false
TY8683212031662,TY8683212031662,Çapalı Deri El Örmesi Erkek Bileklik,"- El emeği göz nuru, özel tasarım erkek bileklik.; - Yüksek kaliteli deri malzeme ile üretilmiştir, uzun ömürlü kullanım sunar.; - Şık ve modern tasarımıyla her kıyafetle uyum sağlar.; - Çapalı detayları ile dikkat çekici bir görünüm kazandırır.; - Hem günlük kullanımda hem de özel günlerde tercih edilebilir.;",299.9,299.9,10,13.216.894,Kahverengi,0,Erkek,DEERDERİ,Bijuteri Bileklik,https://cdn.dsmcdn.com/ty1858/prod/QC_PREP/20260420/17/d20af607-38a0-3893-96d8-838209aae070/1_org_zoom.jpg,https://cdn.dsmcdn.com/ty1857/prod/QC_PREP/20260420/17/62d5802c-273b-3b2e-9ac7-54d137931bc6/1_org_zoom.jpg,,,,,,,,,https://www.trendyol.com/deerderi/capali-deri-el-ormesi-erkek-bileklik-p-1135685489?merchantId=1155143&filterOverPriceListings=false
TY8683212031655,TY8683212031655,Mıknatısı Deri El Örmesi Erkek Bileklik,"- El yapımı deri bileklik, benzersiz ve otantik bir görünüm sunar.; - Mıknatıs detayları ile kolayca takılıp çıkarılabilir, pratik kullanım sağlar.; - Erkekler için özel olarak tasarlanmış, şık ve modern bir aksesuar seçeneği.; - Deri malzeme, dayanıklılığı ve uzun ömürlü kullanımı garanti eder.; - Günlük kullanımda veya özel günlerde stilinizi tamamlayacak ideal bir bilekliktir.;",299.9,299.9,10,65.645.641,Kahverengi,0,Erkek,DEERDERİ,Bijuteri Bileklik,https://cdn.dsmcdn.com/ty1858/prod/QC_PREP/20260420/16/5df2a1be-58bd-3c8c-aa17-4483eb85e87d/1_org_zoom.jpg,https://cdn.dsmcdn.com/ty1857/prod/QC_PREP/20260420/16/b7c0fcb2-ace6-3e0f-8c9f-b95f26dff96f/1_org_zoom.jpg,,,,,,,,,https://www.trendyol.com/deerderi/miknatisi-deri-el-ormesi-erkek-bileklik-p-1135677821?merchantId=1155143&filterOverPriceListings=false
TY8683212031652,TY8683212031652,Mıknatısı Deri El Örmesi Erkek Bileklik,"- El yapımı deri bileklik, benzersiz ve otantik bir görünüm sunar.; - Mıknatıs detayları ile kolayca takılıp çıkarılabilir, pratik kullanım sağlar.; - Erkekler için özel olarak tasarlanmış, şık ve modern bir aksesuar seçeneği.; - Deri malzeme, dayanıklılığı ve uzun ömürlü kullanımı garanti eder.; - Günlük kullanımda veya özel günlerde stilinizi tamamlayacak ideal bir bilekliktir.;",299.9,299.9,10,65.645.641,Bordo,0,Erkek,DEERDERİ,Bijuteri Bileklik,https://cdn.dsmcdn.com/ty1857/prod/QC_PREP/20260420/16/d3b27dd6-895b-3795-b030-7abb7dd6a6b8/1_org_zoom.jpg,https://cdn.dsmcdn.com/ty1858/prod/QC_PREP/20260420/16/d349ef47-2105-3415-a30f-40fc19bc9461/1_org_zoom.jpg,,,,,,,,,https://www.trendyol.com/deerderi/miknatisi-deri-el-ormesi-erkek-bileklik-p-1135677820?merchantId=1155143&filterOverPriceListings=false
TY8683212031654,TY8683212031654,Mıknatısı Deri El Örmesi Erkek Bileklik,"- El yapımı deri bileklik, benzersiz ve otantik bir görünüm sunar.; - Mıknatıs detayları ile kolayca takılıp çıkarılabilir, pratik kullanım sağlar.; - Erkekler için özel olarak tasarlanmış, şık ve modern bir aksesuar seçeneği.; - Deri malzeme, dayanıklılığı ve uzun ömürlü kullanımı garanti eder.; - Günlük kullanımda veya özel günlerde stilinizi tamamlayacak ideal bir bilekliktir.;",299.9,299.9,10,65.645.641,Siyah,0,Erkek,DEERDERİ,Bijuteri Bileklik,https://cdn.dsmcdn.com/ty1858/prod/QC_PREP/20260420/16/f61a6995-c422-3ff4-9116-8d90b40b4f8a/1_org_zoom.jpg,https://cdn.dsmcdn.com/ty1859/prod/QC_PREP/20260420/16/208fb21e-3819-3a56-8013-8f6e40d49680/1_org_zoom.jpg,,,,,,,,,https://www.trendyol.com/deerderi/miknatisi-deri-el-ormesi-erkek-bileklik-p-1135677816?merchantId=1155143&filterOverPriceListings=false
TY8683212031653,TY8683212031653,Mıknatısı Deri El Örmesi Erkek Bileklik,"- El yapımı deri bileklik, benzersiz ve otantik bir görünüm sunar.; - Mıknatıs detayları ile kolayca takılıp çıkarılabilir, pratik kullanım sağlar.; - Erkekler için özel olarak tasarlanmış, şık ve modern bir aksesuar seçeneği.; - Deri malzeme, dayanıklılığı ve uzun ömürlü kullanımı garanti eder.; - Günlük kullanımda veya özel günlerde stilinizi tamamlayacak ideal bir bilekliktir.;",299.9,299.9,10,65.645.641,Bej,0,Erkek,DEERDERİ,Bijuteri Bileklik,https://cdn.dsmcdn.com/ty1858/prod/QC_PREP/20260420/16/e02cd20f-d521-3a75-bf8d-4991ce2cb94a/1_org_zoom.jpg,https://cdn.dsmcdn.com/ty1859/prod/QC_PREP/20260420/16/13a19455-0dc4-3e88-9203-1ac1c4fcde0a/1_org_zoom.jpg,,,,,,,,,https://www.trendyol.com/deerderi/miknatisi-deri-el-ormesi-erkek-bileklik-p-1135677682?merchantId=1155143&filterOverPriceListings=false
TY8683212031650,TY8683212031650,Mıknatıslı Deri EL Örmesi Bileklik,"- El yapımı deri bileklik, her bir parça özenle örülmüştür.; - Mıknatıslı klipsi sayesinde kolayca takılıp çıkarılabilir.; - Deri malzemesi, dayanıklılığı ve şık görünümü ile dikkat çeker.; - Günlük kullanım için ideal, hem spor hem de şık kombinlerle uyum sağlar.; - El yapımı olması, her bilekliğin benzersiz ve özel olmasını sağlar.;",299.9,299.9,10,2.165.498,Kahverengi,0,Erkek,DEERDERİ,Bijuteri Bileklik,https://cdn.dsmcdn.com/ty1857/prod/QC_PREP/20260420/16/d92fcd48-31b5-3747-a75a-d6d86587224e/1_org_zoom.jpg,https://cdn.dsmcdn.com/ty1859/prod/QC_PREP/20260420/16/d1e5f58f-6d50-3880-9bbf-8faf3fb98178/1_org_zoom.jpg,,,,,,,,,https://www.trendyol.com/deerderi/miknatisli-deri-el-ormesi-bileklik-p-1135671889?merchantId=1155143&filterOverPriceListings=false
TY8683212031651,TY8683212031651,Mıknatıslı Deri EL Örmesi Bileklik,"- El yapımı deri bileklik, her bir parça özenle örülmüştür.; - Mıknatıslı klipsi sayesinde kolayca takılıp çıkarılabilir.; - Deri malzemesi, dayanıklılığı ve şık görünümü ile dikkat çeker.; - Günlük kullanım için ideal, hem spor hem de şık kombinlerle uyum sağlar.; - El yapımı olması, her bilekliğin benzersiz ve özel olmasını sağlar.;",299.9,299.9,10,2.165.498,Siyah,0,Erkek,DEERDERİ,Bijuteri Bileklik,https://cdn.dsmcdn.com/ty1857/prod/QC_PREP/20260420/16/ed3db92d-d128-3b2a-80fa-8894ba5f0abd/1_org_zoom.jpg,https://cdn.dsmcdn.com/ty1858/prod/QC_PREP/20260420/16/8ae6c70d-b81e-3b54-8d94-6352bab10de2/1_org_zoom.jpg,,,,,,,,,https://www.trendyol.com/deerderi/miknatisli-deri-el-ormesi-bileklik-p-1135671793?merchantId=1155143&filterOverPriceListings=false
TY8683212031649,TY8683212031649,Mıknatıslı Deri EL Örmesi Bileklik,"- El yapımı deri bileklik, her bir parça özenle örülmüştür.; - Mıknatıslı klipsi sayesinde kolayca takılıp çıkarılabilir.; - Deri malzemesi, dayanıklılığı ve şık görünümü ile dikkat çeker.; - Günlük kullanım için ideal, hem spor hem de şık kombinlerle uyum sağlar.; - El yapımı olması, her bilekliğin benzersiz ve özel olmasını sağlar.;",299.9,299.9,10,2.165.498,Kırmızı,0,Erkek,DEERDERİ,Bijuteri Bileklik,https://cdn.dsmcdn.com/ty1859/prod/QC_PREP/20260420/16/4a3a186c-9faf-376f-90d4-005a1b7eb028/1_org_zoom.jpg,https://cdn.dsmcdn.com/ty1858/prod/QC_PREP/20260420/16/7bf1bdcd-9b94-35b6-b4ab-f50aa3420b1f/1_org_zoom.jpg,,,,,,,,,https://www.trendyol.com/deerderi/miknatisli-deri-el-ormesi-bileklik-p-1135671447?merchantId=1155143&filterOverPriceListings=false
TY8683212031648,TY8683212031648,Mıknatıslı Deri El Örmesi Çiftli Bileklik,"- El emeği göz nuru, deri ve mıknatıs detaylarıyla zenginleştirilmiş çiftli bileklik.; - Şık ve modern tasarımıyla her kıyafetle uyum sağlar.; - Mıknatıslı yapısı sayesinde kolayca takılıp çıkarılabilir, pratik kullanım sunar.; - Dayanıklı deri malzemesi uzun ömürlü kullanım vaat eder.; - Özel günlerde veya günlük kullanım için ideal bir aksesuar seçeneği.;",299.9,299.9,10,94.541.621,Siyah,0,Erkek,DEERDERİ,Bijuteri Bileklik,https://cdn.dsmcdn.com/ty1859/prod/QC_PREP/20260420/15/c6861a30-71b7-34f9-adde-c7b23aee8475/1_org_zoom.jpg,https://cdn.dsmcdn.com/ty1858/prod/QC_PREP/20260420/15/00dd48ce-6da9-3b4c-9cc5-3ab320850814/1_org_zoom.jpg,,,,,,,,,https://www.trendyol.com/deerderi/miknatisli-deri-el-ormesi-ciftli-bileklik-p-1135665537?merchantId=1155143&filterOverPriceListings=false
TY8683212031646,TY8683212031646,Mıknatıslı Deri El Örmesi Çiftli Bileklik,"- El emeği göz nuru, deri ve mıknatıs detaylarıyla zenginleştirilmiş çiftli bileklik.; - Şık ve modern tasarımıyla her kıyafetle uyum sağlar.; - Mıknatıslı yapısı sayesinde kolayca takılıp çıkarılabilir, pratik kullanım sunar.; - Dayanıklı deri malzemesi uzun ömürlü kullanım vaat eder.; - Özel günlerde veya günlük kullanım için ideal bir aksesuar seçeneği.;",299.9,299.9,10,94.541.621,Kahverengi,0,Erkek,DEERDERİ,Bijuteri Bileklik,https://cdn.dsmcdn.com/ty1859/prod/QC_PREP/20260420/15/64939a64-2647-31ee-b8bf-462cdcd86857/1_org_zoom.jpg,https://cdn.dsmcdn.com/ty1858/prod/QC_PREP/20260420/15/76472e73-dcf1-31a6-a716-d30d1d5c4bc9/1_org_zoom.jpg,,,,,,,,,https://www.trendyol.com/deerderi/miknatisli-deri-el-ormesi-ciftli-bileklik-p-1135665390?merchantId=1155143&filterOverPriceListings=false
TY8683212031647,TY8683212031647,Mıknatıslı Deri El Örmesi Çiftli Bileklik,"- El emeği göz nuru, deri ve mıknatıs detaylarıyla zenginleştirilmiş çiftli bileklik.; - Şık ve modern tasarımıyla her kıyafetle uyum sağlar.; - Mıknatıslı yapısı sayesinde kolayca takılıp çıkarılabilir, pratik kullanım sunar.; - Dayanıklı deri malzemesi uzun ömürlü kullanım vaat eder.; - Özel günlerde veya günlük kullanım için ideal bir aksesuar seçeneği.;",299.9,299.9,10,94.541.621,Kırmızı,0,Erkek,DEERDERİ,Bijuteri Bileklik,https://cdn.dsmcdn.com/ty1858/prod/QC_PREP/20260420/15/eb12df2b-0151-3e53-899f-c8d84c76f3e4/1_org_zoom.jpg,https://cdn.dsmcdn.com/ty1857/prod/QC_PREP/20260420/15/f61b307c-684d-3e28-9194-02cec49e4576/1_org_zoom.jpg,,,,,,,,,https://www.trendyol.com/deerderi/miknatisli-deri-el-ormesi-ciftli-bileklik-p-1135665340?merchantId=1155143&filterOverPriceListings=false
TY8683212031645,TY8683212031645,Mıknatıslı Deri El Örmesi Çiftli Bileklik,"- El emeği göz nuru, deri ve mıknatıs detaylarıyla zenginleştirilmiş çiftli bileklik.; - Şık ve modern tasarımıyla her kıyafetle uyum sağlar.; - Mıknatıslı yapısı sayesinde kolayca takılıp çıkarılabilir, pratik kullanım sunar.; - Dayanıklı deri malzemesi uzun ömürlü kullanım vaat eder.; - Özel günlerde veya günlük kullanım için ideal bir aksesuar seçeneği.;",299.9,299.9,10,94.541.621,Lacivert,0,Erkek,DEERDERİ,Bijuteri Bileklik,https://cdn.dsmcdn.com/ty1859/prod/QC_PREP/20260420/15/659ef0b1-45d8-30bf-969a-b743feabcea6/1_org_zoom.jpg,https://cdn.dsmcdn.com/ty1858/prod/QC_PREP/20260420/15/a304d0d9-4515-3e23-a451-1525629476ff/1_org_zoom.jpg,,,,,,,,,https://www.trendyol.com/deerderi/miknatisli-deri-el-ormesi-ciftli-bileklik-p-1135664913?merchantId=1155143&filterOverPriceListings=false
TY8683212031643,TY8683212031643,Özel Taş Bileklik Aksesuar Erkek Bilekliği,"- Şık ve modern tasarımıyla dikkat çeken özel taş bileklik, erkeklerin tarzını tamamlar.; - Yüksek kaliteli malzemelerden üretilmiş olup, uzun ömürlü kullanım sunar.; - Özel taş detayları ile göz alıcı bir görünüm sağlar ve her kıyafetle uyum sağlar.; - Günlük kullanım için ideal olan bu bileklik, aynı zamanda özel günlerde de tercih edilebilir.; - Rahat ve ergonomik yapısı sayesinde bileğinizde konforlu bir his bırakır.;",299.9,299.9,10,548.546,E,0,Unisex,DEERDERİ,Bijuteri Bileklik,https://cdn.dsmcdn.com/ty1857/prod/QC_PREP/20260420/15/722afcd0-f005-397e-aceb-10c2ea5ea054/1_org_zoom.jpg,,,,,,,,,,https://www.trendyol.com/deerderi/ozel-tas-bileklik-aksesuar-erkek-bilekligi-p-1135652396?merchantId=1155143&filterOverPriceListings=false
TY8683212031639,TY8683212031639,Özel Taş Bileklik Aksesuar Erkek Bilekliği,"- Şık ve modern tasarımıyla dikkat çeken özel taş bileklik, erkeklerin tarzını tamamlar.; - Yüksek kaliteli malzemelerden üretilmiş olup, uzun ömürlü kullanım sunar.; - Özel taş detayları ile göz alıcı bir görünüm sağlar ve her kıyafetle uyum sağlar.; - Günlük kullanım için ideal olan bu bileklik, aynı zamanda özel günlerde de tercih edilebilir.; - Rahat ve ergonomik yapısı sayesinde bileğinizde konforlu bir his bırakır.;",299.9,299.9,10,548.546,A,0,Unisex,DEERDERİ,Bijuteri Bileklik,https://cdn.dsmcdn.com/ty1859/prod/QC_PREP/20260420/15/e5eaefe4-2881-36a2-8d7c-62e9b8260508/1_org_zoom.jpg,,,,,,,,,,https://www.trendyol.com/deerderi/ozel-tas-bileklik-aksesuar-erkek-bilekligi-p-1135652369?merchantId=1155143&filterOverPriceListings=false
TY8683212031640,TY8683212031640,Özel Taş Bileklik Aksesuar Erkek Bilekliği,"- Şık ve modern tasarımıyla dikkat çeken özel taş bileklik, erkeklerin tarzını tamamlar.; - Yüksek kaliteli malzemelerden üretilmiş olup, uzun ömürlü kullanım sunar.; - Özel taş detayları ile göz alıcı bir görünüm sağlar ve her kıyafetle uyum sağlar.; - Günlük kullanım için ideal olan bu bileklik, aynı zamanda özel günlerde de tercih edilebilir.; - Rahat ve ergonomik yapısı sayesinde bileğinizde konforlu bir his bırakır.;",299.9,299.9,10,548.546,B,0,Unisex,DEERDERİ,Bijuteri Bileklik,https://cdn.dsmcdn.com/ty1857/prod/QC_PREP/20260420/15/534e53e8-b886-36e8-b938-a746974bca7a/1_org_zoom.jpg,,,,,,,,,,https://www.trendyol.com/deerderi/ozel-tas-bileklik-aksesuar-erkek-bilekligi-p-1135651864?merchantId=1155143&filterOverPriceListings=false
TY8683212031644,TY8683212031644,Özel Taş Bileklik Aksesuar Erkek Bilekliği,"- Şık ve modern tasarımıyla dikkat çeken özel taş bileklik, erkeklerin tarzını tamamlar.; - Yüksek kaliteli malzemelerden üretilmiş olup, uzun ömürlü kullanım sunar.; - Özel taş detayları ile göz alıcı bir görünüm sağlar ve her kıyafetle uyum sağlar.; - Günlük kullanım için ideal olan bu bileklik, aynı zamanda özel günlerde de tercih edilebilir.; - Rahat ve ergonomik yapısı sayesinde bileğinizde konforlu bir his bırakır.;",299.9,299.9,10,548.546,F,0,Unisex,DEERDERİ,Bijuteri Bileklik,https://cdn.dsmcdn.com/ty1858/prod/QC_PREP/20260420/15/f616d0e4-5eee-351c-94c8-5830075cb9e0/1_org_zoom.jpg,,,,,,,,,,https://www.trendyol.com/deerderi/ozel-tas-bileklik-aksesuar-erkek-bilekligi-p-1135651845?merchantId=1155143&filterOverPriceListings=false
TY8683212031641,TY8683212031641,Özel Taş Bileklik Aksesuar Erkek Bilekliği,"- Şık ve modern tasarımıyla dikkat çeken özel taş bileklik, erkeklerin tarzını tamamlar.; - Yüksek kaliteli malzemelerden üretilmiş olup, uzun ömürlü kullanım sunar.; - Özel taş detayları ile göz alıcı bir görünüm sağlar ve her kıyafetle uyum sağlar.; - Günlük kullanım için ideal olan bu bileklik, aynı zamanda özel günlerde de tercih edilebilir.; - Rahat ve ergonomik yapısı sayesinde bileğinizde konforlu bir his bırakır.;",299.9,299.9,10,548.546,C,0,Unisex,DEERDERİ,Bijuteri Bileklik,https://cdn.dsmcdn.com/ty1857/prod/QC_PREP/20260420/15/ff2b5a5c-347a-3e18-b6f9-7c5e2b886429/1_org_zoom.jpg,,,,,,,,,,https://www.trendyol.com/deerderi/ozel-tas-bileklik-aksesuar-erkek-bilekligi-p-1135651836?merchantId=1155143&filterOverPriceListings=false
TY8683212031642,TY8683212031642,Özel Taş Bileklik Aksesuar Erkek Bilekliği,"- Şık ve modern tasarımıyla dikkat çeken özel taş bileklik, erkeklerin tarzını tamamlar.; - Yüksek kaliteli malzemelerden üretilmiş olup, uzun ömürlü kullanım sunar.; - Özel taş detayları ile göz alıcı bir görünüm sağlar ve her kıyafetle uyum sağlar.; - Günlük kullanım için ideal olan bu bileklik, aynı zamanda özel günlerde de tercih edilebilir.; - Rahat ve ergonomik yapısı sayesinde bileğinizde konforlu bir his bırakır.;",299.9,299.9,10,548.546,D,0,Unisex,DEERDERİ,Bijuteri Bileklik,https://cdn.dsmcdn.com/ty1859/prod/QC_PREP/20260420/15/f97ba232-5218-3138-b8f1-24157e8542f4/1_org_zoom.jpg,,,,,,,,,,https://www.trendyol.com/deerderi/ozel-tas-bileklik-aksesuar-erkek-bilekligi-p-1135651485?merchantId=1155143&filterOverPriceListings=false
TY8683212031638,TY8683212031638,Özel Taşlı Bileklik Aksesuar Erkek Bilekliği,"- Şık ve modern tasarımıyla her tarza uyum sağlayan özel taşlı erkek bilekliği.; - Yüksek kaliteli malzemelerden üretilmiş, uzun ömürlü kullanım sunar.; - Zarif taş detayları ile göz alıcı bir görünüm kazandırır.; - Günlük kullanım için ideal, aynı zamanda özel günlerde de tercih edilebilecek bir aksesuar.; - Hediye olarak sevdiklerinize şıklığı ve zarafeti bir arada sunan anlamlı bir seçenek.;",299.9,299.9,10,54.654,Kahverengi,0,Unisex,DEERDERİ,Bijuteri Bileklik,https://cdn.dsmcdn.com/ty1858/prod/QC_PREP/20260420/15/b9d6411b-20e8-3a04-80f8-63c55a8f1eed/1_org_zoom.jpg,,,,,,,,,,https://www.trendyol.com/deerderi/ozel-tasli-bileklik-aksesuar-erkek-bilekligi-p-1135648749?merchantId=1155143&filterOverPriceListings=false
TY8683212031637,TY8683212031637,Özel Taş Ok Sembollü Bileklik Aksesuar Erkek Bilekliği,"- El yapımı ve benzersiz tasarımıyla dikkat çeken özel taş ok sembollü bileklik.; - Erkeklerin tarzını tamamlayacak şık ve modern bir aksesuar.; - Doğal taşların enerjisiyle tasarlanmış, hem estetik hem de anlamlı bir bileklik.; - Günlük kullanım için ideal, rahat ve dayanıklı yapısıyla konforlu bir deneyim sunar.; - Hediye olarak sevdiklerinize özel bir dokunuş katmak için mükemmel bir seçenek.;",299.9,299.9,10,7.451.465,Lacivert,0,Unisex,DEERDERİ,Bijuteri Bileklik,https://cdn.dsmcdn.com/ty1858/prod/QC_PREP/20260420/15/c5573499-9e5b-399b-a173-430bc474761b/1_org_zoom.jpg,,,,,,,,,,https://www.trendyol.com/deerderi/ozel-tas-ok-sembollu-bileklik-aksesuar-erkek-bilekligi-p-1135648383?merchantId=1155143&filterOverPriceListings=false
TY8683212031635,TY8683212031635,Özel Taş Ok Sembollü Bileklik Aksesuar Erkek Bilekliği,"- El yapımı ve benzersiz tasarımıyla dikkat çeken özel taş ok sembollü bileklik.; - Erkeklerin tarzını tamamlayacak şık ve modern bir aksesuar.; - Doğal taşların enerjisiyle tasarlanmış, hem estetik hem de anlamlı bir bileklik.; - Günlük kullanım için ideal, rahat ve dayanıklı yapısıyla konforlu bir deneyim sunar.; - Hediye olarak sevdiklerinize özel bir dokunuş katmak için mükemmel bir seçenek.;",299.9,299.9,10,7.451.465,Bakır,0,Unisex,DEERDERİ,Bijuteri Bileklik,https://cdn.dsmcdn.com/ty1859/prod/QC_PREP/20260420/15/2b5b462d-9bcd-3443-8ed4-b17391ed4ed9/1_org_zoom.jpg,,,,,,,,,,https://www.trendyol.com/deerderi/ozel-tas-ok-sembollu-bileklik-aksesuar-erkek-bilekligi-p-1135648263?merchantId=1155143&filterOverPriceListings=false
TY8683212031634,TY8683212031634,Özel Taş Ok Sembollü Bileklik Aksesuar Erkek Bilekliği,"- El yapımı ve benzersiz tasarımıyla dikkat çeken özel taş ok sembollü bileklik.; - Erkeklerin tarzını tamamlayacak şık ve modern bir aksesuar.; - Doğal taşların enerjisiyle tasarlanmış, hem estetik hem de anlamlı bir bileklik.; - Günlük kullanım için ideal, rahat ve dayanıklı yapısıyla konforlu bir deneyim sunar.; - Hediye olarak sevdiklerinize özel bir dokunuş katmak için mükemmel bir seçenek.;",299.9,299.9,10,7.451.465,Antrasit,0,Unisex,DEERDERİ,Bijuteri Bileklik,https://cdn.dsmcdn.com/ty1859/prod/QC_PREP/20260420/15/683928cf-1e3e-349e-b88c-6fc6436cd549/1_org_zoom.jpg,,,,,,,,,,https://www.trendyol.com/deerderi/ozel-tas-ok-sembollu-bileklik-aksesuar-erkek-bilekligi-p-1135648156?merchantId=1155143&filterOverPriceListings=false
TY8683212031636,TY8683212031636,Özel Taş Ok Sembollü Bileklik Aksesuar Erkek Bilekliği,"- El yapımı ve benzersiz tasarımıyla dikkat çeken özel taş ok sembollü bileklik.; - Erkeklerin tarzını tamamlayacak şık ve modern bir aksesuar.; - Doğal taşların enerjisiyle tasarlanmış, hem estetik hem de anlamlı bir bileklik.; - Günlük kullanım için ideal, rahat ve dayanıklı yapısıyla konforlu bir deneyim sunar.; - Hediye olarak sevdiklerinize özel bir dokunuş katmak için mükemmel bir seçenek.;",299.9,299.9,10,7.451.465,Siyah,0,Unisex,DEERDERİ,Bijuteri Bileklik,https://cdn.dsmcdn.com/ty1857/prod/QC_PREP/20260420/15/8290dc07-0883-30a5-97c4-e9a0c53f6534/1_org_zoom.jpg,,,,,,,,,,https://www.trendyol.com/deerderi/ozel-tas-ok-sembollu-bileklik-aksesuar-erkek-bilekligi-p-1135647697?merchantId=1155143&filterOverPriceListings=false
TY8683212031623,TY8683212031623,Grand Model Fermuarlı Hakiki Deri Kadın Cüzdanı Anneler Günü Hediyesi,"- %100 hakiki deriden üretilmiş olup, uzun ömürlü ve dayanıklı bir kullanım sunar.; - Sade ve şık tasarımıyla her kıyafetle kolayca uyum sağlar.; - Yatay formu sayesinde pratik bir kullanım imkanı sunar ve eşyalarınızı düzenli tutmanıza yardımcı olur.; - Bej rengi, zamansız bir görünüm kazandırarak her mevsime uygun bir seçenektir.; - Orta boyutuyla günlük ihtiyaçlarınızı karşılamak için ideal bir alan sunar.; - Dokuma kumaş tipi, cüzdanın iç yapısını güçlendirir ve eşyalarınızın güvenliğini sağlar.; - Tüm yaş gruplarına hitap eden tasarımıyla anneler, kızlar ve yetişkin kadınlar için mükemmel bir hediye seçeneğidir.; - Basic koleksiyonuna ait olması, her gardıropta yerini alabilecek temel bir aksesuar olmasını sağlar.; - Günlük kullanım için idealdir; iş, okul veya alışveriş gibi her ortamda rahatlıkla kullanılabilir.; - Organik sürdürülebilirlik detayına sahip olması, çevreye duyarlı bir tercih yapmanızı sağlar.; - Gerçek deri kalitesiyle üstün bir dokunuş sunar ve cüzdanınıza değer katar.; - Gerçek deri materyal bileşeni sayesinde doğal bir görünüm ve his verir.; - Nemli bir bez ile kolayca temizlenebilir olması, bakımını pratik hale getirir.; - Türkiye'de üretilmiş olmasıyla yerel ekonomiye katkıda bulunur.",2499.9,2499.9,9,9.651.320,Bej,,Kadın / Kız,DEERDERİ,Cüzdan,https://cdn.dsmcdn.com/ty1857/prod/QC_PREP/20260418/10/fafd3d91-7a79-3672-8347-646084844e00/1_org_zoom.jpg,https://cdn.dsmcdn.com/ty1858/prod/QC_ENRICHMENT/20260421/17/a19053d4-289b-359f-a44f-65eb97f3e776/1_org_zoom.jpg,https://cdn.dsmcdn.com/ty1857/prod/QC_PREP/20260418/10/717d42a9-9dee-381a-a67d-6c5b8e34687c/1_org_zoom.jpg,https://cdn.dsmcdn.com/ty1859/prod/QC_PREP/20260418/10/d4349592-b7e8-3bb9-aa33-5d4c9fbeabb7/1_org_zoom.jpg,,,,,,,https://www.trendyol.com/deerderi/grand-model-fermuarli-hakiki-deri-kadin-cuzdani-anneler-gunu-hediyesi-p-1134795256?merchantId=1155143&filterOverPriceListings=false
TY8683212031625,TY8683212031625,Grand Model Fermuarlı Hakiki Deri Kadın Cüzdanı Anneler Günü Hediyesi,"- Hakiki deri malzemeden üretilmiş, uzun ömürlü kullanım sunar.; - Fermuarlı tasarımı sayesinde içerisindeki eşyaların güvenliğini sağlar.; - Şık ve zarif tasarımıyla her türlü kıyafetle uyum sağlar.; - Geniş iç hacmi, kartlar, nakit para ve diğer kişisel eşyalar için yeterli alan sunar.; - Grand Model kalitesiyle, hem fonksiyonel hem de estetik bir aksesuar seçeneği.;",2499.9,2499.9,10,9.651.320,Kahverengi,,Kadın / Kız,DEERDERİ,Cüzdan,https://cdn.dsmcdn.com/ty1858/prod/QC_PREP/20260418/10/5ddcc70c-f579-3fed-9d97-7ab7d476d712/1_org_zoom.jpg,https://cdn.dsmcdn.com/ty1858/prod/QC_ENRICHMENT/20260421/17/663c2667-0e1e-3ba7-b561-804ce2f061d2/1_org_zoom.jpg,https://cdn.dsmcdn.com/ty1857/prod/QC_PREP/20260418/10/1d7ecf49-09ab-3c76-a6ea-217cf1335c41/1_org_zoom.jpg,https://cdn.dsmcdn.com/ty1857/prod/QC_PREP/20260418/10/53b3f6ff-6350-38dd-8e62-eab369e4cf2b/1_org_zoom.jpg,,,,,,,https://www.trendyol.com/deerderi/grand-model-fermuarli-hakiki-deri-kadin-cuzdani-anneler-gunu-hediyesi-p-1134795244?merchantId=1155143&filterOverPriceListings=false
TY8683212031627,TY8683212031627,Grand Model Fermuarlı Hakiki Deri Kadın Cüzdanı Anneler Günü Hediyesi,"- Hakiki deri malzemeden üretilmiş, uzun ömürlü kullanım sunar.; - Fermuarlı tasarımı sayesinde içerisindeki eşyaların güvenliğini sağlar.; - Şık ve zarif tasarımıyla her türlü kıyafetle uyum sağlar.; - Geniş iç hacmi, kartlar, nakit para ve diğer kişisel eşyalar için yeterli alan sunar.; - Grand Model kalitesiyle, hem fonksiyonel hem de estetik bir aksesuar seçeneği.;",2499.9,2499.9,10,9.651.320,Lacivert,,Kadın / Kız,DEERDERİ,Cüzdan,https://cdn.dsmcdn.com/ty1857/prod/QC_PREP/20260418/10/cda3cf84-3b2c-3a84-961d-d354724d8218/1_org_zoom.jpg,https://cdn.dsmcdn.com/ty1858/prod/QC_PREP/20260418/10/d65206a7-3ff9-3895-857a-e5026d485159/1_org_zoom.jpg,https://cdn.dsmcdn.com/ty1857/prod/QC_PREP/20260418/10/10a7c12f-94a9-3e80-91b3-e63ed75ada8e/1_org_zoom.jpg,https://cdn.dsmcdn.com/ty1859/prod/QC_ENRICHMENT/20260421/17/94bf89db-2527-3b7f-86eb-c5f8a3a603b9/1_org_zoom.jpg,,,,,,,https://www.trendyol.com/deerderi/grand-model-fermuarli-hakiki-deri-kadin-cuzdani-anneler-gunu-hediyesi-p-1134795240?merchantId=1155143&filterOverPriceListings=false
TY8683212031624,TY8683212031624,Grand Model Fermuarlı Hakiki Deri Kadın Cüzdanı Anneler Günü Hediyesi,"- Hakiki deri malzemeden üretilmiş, uzun ömürlü kullanım sunar.; - Fermuarlı tasarımı sayesinde içerisindeki eşyaların güvenliğini sağlar.; - Şık ve zarif tasarımıyla her türlü kıyafetle uyum sağlar.; - Geniş iç hacmi, kartlar, nakit para ve diğer kişisel eşyalar için yeterli alan sunar.; - Grand Model kalitesiyle, hem fonksiyonel hem de estetik bir aksesuar seçeneği.;",2499.9,2499.9,10,9.651.320,Haki,,Kadın / Kız,DEERDERİ,Cüzdan,https://cdn.dsmcdn.com/ty1858/prod/QC_PREP/20260418/10/1c24b4b0-d3cc-35be-bcd7-2731ebc62669/1_org_zoom.jpg,https://cdn.dsmcdn.com/ty1859/prod/QC_PREP/20260418/10/9d723f40-28f0-3760-8fc3-e6d1ef127e81/1_org_zoom.jpg,https://cdn.dsmcdn.com/ty1859/prod/QC_PREP/20260418/10/328c8f8e-db93-320a-b0c6-db5b6155181e/1_org_zoom.jpg,https://cdn.dsmcdn.com/ty1859/prod/QC_ENRICHMENT/20260421/17/4166a2a1-fb4f-3ca8-b0e7-d977770869d2/1_org_zoom.jpg,,,,,,,https://www.trendyol.com/deerderi/grand-model-fermuarli-hakiki-deri-kadin-cuzdani-anneler-gunu-hediyesi-p-1134795237?merchantId=1155143&filterOverPriceListings=false
TY8683212031628,TY8683212031628,Grand Model Fermuarlı Hakiki Deri Kadın Cüzdanı Anneler Günü Hediyesi,"- Hakiki deri malzemeden üretilmiş, uzun ömürlü kullanım sunar.; - Fermuarlı tasarımı sayesinde içerisindeki eşyaların güvenliğini sağlar.; - Şık ve zarif tasarımıyla her türlü kıyafetle uyum sağlar.; - Geniş iç hacmi, kartlar, nakit para ve diğer kişisel eşyalar için yeterli alan sunar.; - Grand Model kalitesiyle, hem fonksiyonel hem de estetik bir aksesuar seçeneği.;",2499.9,2499.9,9,9.651.320,Siyah,,Kadın / Kız,DEERDERİ,Cüzdan,https://cdn.dsmcdn.com/ty1859/prod/QC_PREP/20260418/10/2a24e8bf-966f-3f90-880d-8d7d64e7c729/1_org_zoom.jpg,https://cdn.dsmcdn.com/ty1857/prod/QC_PREP/20260418/10/a4e80090-19d2-3dfd-b39f-7f9e77dbfaf1/1_org_zoom.jpg,https://cdn.dsmcdn.com/ty1859/prod/QC_PREP/20260418/10/d0bf5203-6bfb-3f1b-a02b-068aa4182c0f/1_org_zoom.jpg,https://cdn.dsmcdn.com/ty1859/prod/QC_ENRICHMENT/20260421/17/c716d6f7-d092-37bd-ac68-182b78562f99/1_org_zoom.jpg,,,,,,,https://www.trendyol.com/deerderi/grand-model-fermuarli-hakiki-deri-kadin-cuzdani-anneler-gunu-hediyesi-p-1134795228?merchantId=1155143&filterOverPriceListings=false
TY8683212031626,TY8683212031626,Grand Model Fermuarlı Hakiki Deri Kadın Cüzdanı Anneler Günü Hediyesi,"- Hakiki deri malzemeden üretilmiş, uzun ömürlü kullanım sunar.; - Fermuarlı tasarımı sayesinde içerisindeki eşyaların güvenliğini sağlar.; - Şık ve zarif tasarımıyla her türlü kıyafetle uyum sağlar.; - Geniş iç hacmi, kartlar, nakit para ve diğer kişisel eşyalar için yeterli alan sunar.; - Grand Model kalitesiyle, hem fonksiyonel hem de estetik bir aksesuar seçeneği.;",2499.9,2499.9,8,9.651.320,Vizon,,Kadın / Kız,DEERDERİ,Cüzdan,https://cdn.dsmcdn.com/ty1857/prod/QC_PREP/20260418/10/2c90c2d0-3d5b-3427-ac88-d9ba03e1692b/1_org_zoom.jpg,https://cdn.dsmcdn.com/ty1857/prod/QC_PREP/20260418/10/99c2b4e2-5452-3e1d-b90f-10bc650766c2/1_org_zoom.jpg,https://cdn.dsmcdn.com/ty1858/prod/QC_PREP/20260418/10/171a0119-8410-3ef2-975e-b28152609cfb/1_org_zoom.jpg,,,,,,,,https://www.trendyol.com/deerderi/grand-model-fermuarli-hakiki-deri-kadin-cuzdani-anneler-gunu-hediyesi-p-1134795071?merchantId=1155143&filterOverPriceListings=false
TY8683212031620,TY8683212031620,Lyon Model Mıknatıslı Hakiki Deri Cüzdan,- Hakiki deri malzemesiyle uzun ömürlü kullanım sunar.; - Mıknatıslı tasarımı sayesinde cüzdanınız güvenli bir şekilde kapanır ve eşyalarınızın düşmesini önler.; - Şık ve zarif görünümüyle günlük kullanım için idealdir.; - Dayanıklı yapısı sayesinde sık kullanımlarda bile formunu korur.; - Mıknatıslı yapısı sayesinde kartların ve nakit paranın kolayca erişilebilir olmasını sağlar.; Ürün Ölçüleri: 9x11 cm,1999.9,1999.9,20,265.496.854,Bordo,,Erkek,DEERDERİ,Cüzdan,https://cdn.dsmcdn.com/ty1857/prod/QC_PREP/20260418/09/5a9c7afc-7bb1-37fa-be9c-899511a7529f/1_org_zoom.jpg,https://cdn.dsmcdn.com/ty1857/prod/QC_PREP/20260418/09/79fadf9c-a7ea-357f-aa06-95b4e42a0494/1_org_zoom.jpg,https://cdn.dsmcdn.com/ty1858/prod/QC_PREP/20260418/09/8c1ab6d7-3fbe-34ae-a311-babfc423a7a8/1_org_zoom.jpg,,,,,,,,https://www.trendyol.com/deerderi/lyon-model-miknatisli-hakiki-deri-cuzdan-p-1134756411?merchantId=1155143&filterOverPriceListings=false
TY8683212031619,TY8683212031619,Lyon Model Mıknatıslı Hakiki Deri Cüzdan,- Hakiki deri malzemesiyle uzun ömürlü kullanım sunar.; - Mıknatıslı tasarımı sayesinde cüzdanınız güvenli bir şekilde kapanır ve eşyalarınızın düşmesini önler.; - Şık ve zarif görünümüyle günlük kullanım için idealdir.; - Dayanıklı yapısı sayesinde sık kullanımlarda bile formunu korur.; - Mıknatıslı yapısı sayesinde kartların ve nakit paranın kolayca erişilebilir olmasını sağlar.; Ürün Ölçüleri: 9x11 cm,1999.9,1999.9,20,265.496.854,Siyah,,Erkek,DEERDERİ,Cüzdan,https://cdn.dsmcdn.com/ty1858/prod/QC_PREP/20260418/09/8a641321-4ac4-334d-9245-32f5dee09c38/1_org_zoom.jpg,https://cdn.dsmcdn.com/ty1857/prod/QC_PREP/20260418/09/73320f92-c374-34ad-ab47-9189da0488a2/1_org_zoom.jpg,https://cdn.dsmcdn.com/ty1859/prod/QC_PREP/20260418/09/fcc9e47e-68f3-30b9-b380-fc8503a515b4/1_org_zoom.jpg,https://cdn.dsmcdn.com/ty1857/prod/QC_ENRICHMENT/20260421/17/155f77b6-c3c8-39b7-b303-8f0f63a57f77/1_org_zoom.jpg,,,,,,,https://www.trendyol.com/deerderi/lyon-model-miknatisli-hakiki-deri-cuzdan-p-1134756410?merchantId=1155143&filterOverPriceListings=false
TY8683212031622,TY8683212031622,Lyon Model Mıknatıslı Hakiki Deri Cüzdan,- Hakiki deri malzemesiyle uzun ömürlü kullanım sunar.; - Mıknatıslı tasarımı sayesinde cüzdanınız güvenli bir şekilde kapanır ve eşyalarınızın düşmesini önler.; - Şık ve zarif görünümüyle günlük kullanım için idealdir.; - Dayanıklı yapısı sayesinde sık kullanımlarda bile formunu korur.; - Mıknatıslı yapısı sayesinde kartların ve nakit paranın kolayca erişilebilir olmasını sağlar.; Ürün Ölçüleri: 9x11 cm,1999.9,1999.9,20,265.496.854,Kahverengi,,Erkek,DEERDERİ,Cüzdan,https://cdn.dsmcdn.com/ty1857/prod/QC_PREP/20260418/09/942bbf5b-6cee-3ff1-a330-a8618fa232d0/1_org_zoom.jpg,https://cdn.dsmcdn.com/ty1857/prod/QC_PREP/20260418/09/3b66a8d5-1fac-3624-9ba0-67f124fe9127/1_org_zoom.jpg,https://cdn.dsmcdn.com/ty1859/prod/QC_PREP/20260418/09/8eff1a38-237c-3c5f-9016-9152b555024c/1_org_zoom.jpg,,,,,,,,https://www.trendyol.com/deerderi/lyon-model-miknatisli-hakiki-deri-cuzdan-p-1134756403?merchantId=1155143&filterOverPriceListings=false
TY8683212031618,TY8683212031618,Lyon Model Mıknatıslı Hakiki Deri Cüzdan,- Hakiki deri malzemesiyle uzun ömürlü kullanım sunar.; - Mıknatıslı tasarımı sayesinde cüzdanınız güvenli bir şekilde kapanır ve eşyalarınızın düşmesini önler.; - Şık ve zarif görünümüyle günlük kullanım için idealdir.; - Dayanıklı yapısı sayesinde sık kullanımlarda bile formunu korur.; - Mıknatıslı yapısı sayesinde kartların ve nakit paranın kolayca erişilebilir olmasını sağlar.; Ürün Ölçüleri: 9x11 cm,1999.9,1999.9,20,265.496.854,Lacivert,,Erkek,DEERDERİ,Cüzdan,https://cdn.dsmcdn.com/ty1859/prod/QC_PREP/20260418/09/c9a80cce-7580-38eb-9611-c8d761bc68bd/1_org_zoom.jpg,https://cdn.dsmcdn.com/ty1858/prod/QC_PREP/20260418/09/455efd12-2d79-32eb-b899-cb28d52cd6c8/1_org_zoom.jpg,https://cdn.dsmcdn.com/ty1857/prod/QC_PREP/20260418/09/24e591df-5558-311f-b5dd-104eb2df38db/1_org_zoom.jpg,,,,,,,,https://www.trendyol.com/deerderi/lyon-model-miknatisli-hakiki-deri-cuzdan-p-1134756394?merchantId=1155143&filterOverPriceListings=false
TY8683212031621,TY8683212031621,Lyon Model Mıknatıslı Hakiki Deri Cüzdan,- Hakiki deri malzemesiyle uzun ömürlü kullanım sunar.; - Mıknatıslı tasarımı sayesinde cüzdanınız güvenli bir şekilde kapanır ve eşyalarınızın düşmesini önler.; - Şık ve zarif görünümüyle günlük kullanım için idealdir.; - Dayanıklı yapısı sayesinde sık kullanımlarda bile formunu korur.; - Mıknatıslı yapısı sayesinde kartların ve nakit paranın kolayca erişilebilir olmasını sağlar.; Ürün Ölçüleri: 9x11 cm,1999.9,1999.9,20,265.496.854,Taba,,Erkek,DEERDERİ,Cüzdan,https://cdn.dsmcdn.com/ty1857/prod/QC_PREP/20260418/09/7c1608cc-d4a4-37f5-b11c-3e20d854e113/1_org_zoom.jpg,https://cdn.dsmcdn.com/ty1858/prod/QC_PREP/20260418/09/eeb4eb1f-873f-3160-ae35-3f9eccd4d695/1_org_zoom.jpg,https://cdn.dsmcdn.com/ty1859/prod/QC_PREP/20260418/09/9dd6dbbe-bc79-36c4-9acb-756b1329b8f3/1_org_zoom.jpg,https://cdn.dsmcdn.com/ty1858/prod/QC_ENRICHMENT/20260421/17/6cfd832a-cba5-314c-bde9-7096c0ab051f/1_org_zoom.jpg,,,,,,,https://www.trendyol.com/deerderi/lyon-model-miknatisli-hakiki-deri-cuzdan-p-1134756336?merchantId=1155143&filterOverPriceListings=false
TY8683212031613,TY8683212031613,Passy Model Maşalı Hakiki Deri Kartlık,,1999.9,1999.9,20,89.495.812,Mürdüm,,Erkek,DEERDERİ,Kartlık,https://cdn.dsmcdn.com/ty1855/prod/QC_PREP/20260417/17/043a4c28-9542-36c5-8d61-aee76abe38bc/1_org_zoom.jpg,https://cdn.dsmcdn.com/ty1854/prod/QC_PREP/20260417/17/51f38082-6ff6-31a3-8c8f-88181e54aebc/1_org_zoom.jpg,https://cdn.dsmcdn.com/ty1856/prod/QC_PREP/20260417/17/a3cb41b4-d277-314d-984a-297422a31a98/1_org_zoom.jpg,,,,,,,,https://www.trendyol.com/deerderi/passy-model-masali-hakiki-deri-kartlik-p-1134502569?merchantId=1155143&filterOverPriceListings=false
TY8683212031614,TY8683212031614,Passy Model Maşalı Hakiki Deri Kartlık,,1999.9,1999.9,20,89.495.812,Kahverengi,,Erkek,DEERDERİ,Kartlık,https://cdn.dsmcdn.com/ty1856/prod/QC_PREP/20260417/17/9f3e0fb7-7c9b-3cc5-9f60-1366d8892775/1_org_zoom.jpg,https://cdn.dsmcdn.com/ty1854/prod/QC_PREP/20260417/17/1a996fc0-f5f0-3f8f-bd29-0190c016e468/1_org_zoom.jpg,https://cdn.dsmcdn.com/ty1854/prod/QC_PREP/20260417/17/425eb042-9d19-321f-8d46-e02cc57d5575/1_org_zoom.jpg,https://cdn.dsmcdn.com/ty1857/prod/QC_ENRICHMENT/20260421/17/b8e0ab7e-398b-39f9-ad79-4682b17826d2/1_org_zoom.jpg,,,,,,,https://www.trendyol.com/deerderi/passy-model-masali-hakiki-deri-kartlik-p-1134502503?merchantId=1155143&filterOverPriceListings=false
TY8683212031616,TY8683212031616,Passy Model Maşalı Hakiki Deri Kartlık,,1999.9,1999.9,20,89.495.812,Koyu Kahverengi,,Erkek,DEERDERİ,Kartlık,https://cdn.dsmcdn.com/ty1854/prod/QC_PREP/20260417/17/53bc3254-b87f-34b8-a8e2-6c8df964c438/1_org_zoom.jpg,https://cdn.dsmcdn.com/ty1856/prod/QC_PREP/20260417/17/67a911e1-80c0-3639-8b76-bdd88f20fcf5/1_org_zoom.jpg,https://cdn.dsmcdn.com/ty1854/prod/QC_PREP/20260417/17/e3181bda-97be-38bb-bdd4-5eaac1024092/1_org_zoom.jpg,,,,,,,,https://www.trendyol.com/deerderi/passy-model-masali-hakiki-deri-kartlik-p-1134502465?merchantId=1155143&filterOverPriceListings=false
TY8683212031615,TY8683212031615,Passy Model Maşalı Hakiki Deri Kartlık,,1999.9,1999.9,20,89.495.812,Lacivert,,Erkek,DEERDERİ,Kartlık,https://cdn.dsmcdn.com/ty1855/prod/QC_PREP/20260417/17/a5edc705-f8ed-3c08-a0b7-35247450d20a/1_org_zoom.jpg,https://cdn.dsmcdn.com/ty1856/prod/QC_PREP/20260417/17/227c08ac-7173-39d4-aac8-4e0e48b86067/1_org_zoom.jpg,https://cdn.dsmcdn.com/ty1854/prod/QC_PREP/20260417/17/0686d9b7-ae36-376b-9173-488c28ee8bd5/1_org_zoom.jpg,https://cdn.dsmcdn.com/ty1858/prod/QC_ENRICHMENT/20260421/17/7aebc94b-64c7-3fe4-9873-4d0b32b187e2/1_org_zoom.jpg,,,,,,,https://www.trendyol.com/deerderi/passy-model-masali-hakiki-deri-kartlik-p-1134502461?merchantId=1155143&filterOverPriceListings=false
TY8683212031617,TY8683212031617,Passy Model Maşalı Hakiki Deri Kartlık,,1999.9,1999.9,20,89.495.812,Siyah,,Erkek,DEERDERİ,Kartlık,https://cdn.dsmcdn.com/ty1855/prod/QC_PREP/20260417/17/5978f46e-49a5-324e-9e92-17fc750633e3/1_org_zoom.jpg,https://cdn.dsmcdn.com/ty1855/prod/QC_PREP/20260417/17/ffd393b1-a32f-30a2-98b1-1bc62a4af16e/1_org_zoom.jpg,https://cdn.dsmcdn.com/ty1854/prod/QC_PREP/20260417/17/672a451e-b5d5-3d64-89b1-b1294f41089e/1_org_zoom.jpg,,,,,,,,https://www.trendyol.com/deerderi/passy-model-masali-hakiki-deri-kartlik-p-1134502252?merchantId=1155143&filterOverPriceListings=false
TY8683212031607,TY8683212031607,Temple Model Hakiki Deri Kadın Cüzdan Anneler Günü Hediyesi,"Kişiye özel baskı talepleriniz için bizimle iletişime geçebilirsiniz 15 Adet Kart Bölümü Mevcut 1 Adet Kağıt Para Bölmesi Mevcut Geniş İç Hacim 2 Adet Gizli Bölmesi Mevcut Bozuk Para Bölmesİ Mevcut 1 Adet Fermuar Bölmesi Mevcut %100 Birinci Sınıf Hakiki Deriden ,Tamamen El Yapımı Üretimdir.; Ürün Ölçüsü: 10 cm - 15,5 cm Ürün özel kutuda korumalı şekilde gönderilmektedir.; - Yüksek kaliteli hakiki deriden üretilmiştir, uzun ömürlü kullanım sunar.; - Şık ve zarif tasarımıyla her kombininize uyum sağlar.; - Geniş iç hacmi sayesinde kartlarınızı, banknotlarınızı ve diğer kişisel eşyalarınızı düzenli bir şekilde saklamanızı sağlar.; - Dayanıklı dikişleri ve sağlam yapısıyla günlük kullanıma uygun bir aksesuardır.; - Klasik ve zamansız görünümüyle her yaş grubuna hitap eder.;",2499.9,2499.9,10,1.561.321,Kırmızı,,Kadın / Kız,DEERDERİ,Cüzdan,https://cdn.dsmcdn.com/ty1856/prod/QC_PREP/20260417/17/46753d00-f5b1-399c-985b-afe3b3fd97b1/1_org_zoom.jpg,https://cdn.dsmcdn.com/ty1854/prod/QC_PREP/20260417/17/90c2ec33-c537-3919-948d-f92742a14be3/1_org_zoom.jpg,https://cdn.dsmcdn.com/ty1855/prod/QC_PREP/20260417/17/c792ac92-0fd4-3d60-9ca6-110b9d00caaf/1_org_zoom.jpg,https://cdn.dsmcdn.com/ty1859/prod/QC_ENRICHMENT/20260421/17/e92b9aea-e715-37f2-8df5-6297b933c55c/1_org_zoom.jpg,,,,,,,https://www.trendyol.com/deerderi/temple-model-hakiki-deri-kadin-cuzdan-anneler-gunu-hediyesi-p-1134497385?merchantId=1155143&filterOverPriceListings=false
TY8683212031611,TY8683212031611,Temple Model Hakiki Deri Kadın Cüzdan Anneler Günü Hediyesi,"Kişiye özel baskı talepleriniz için bizimle iletişime geçebilirsiniz 15 Adet Kart Bölümü Mevcut 1 Adet Kağıt Para Bölmesi Mevcut Geniş İç Hacim 2 Adet Gizli Bölmesi Mevcut Bozuk Para Bölmesİ Mevcut 1 Adet Fermuar Bölmesi Mevcut %100 Birinci Sınıf Hakiki Deriden ,Tamamen El Yapımı Üretimdir.; Ürün Ölçüsü: 10 cm - 15,5 cm Ürün özel kutuda korumalı şekilde gönderilmektedir.; - Yüksek kaliteli hakiki deriden üretilmiştir, uzun ömürlü kullanım sunar.; - Şık ve zarif tasarımıyla her kombininize uyum sağlar.; - Geniş iç hacmi sayesinde kartlarınızı, banknotlarınızı ve diğer kişisel eşyalarınızı düzenli bir şekilde saklamanızı sağlar.; - Dayanıklı dikişleri ve sağlam yapısıyla günlük kullanıma uygun bir aksesuardır.; - Klasik ve zamansız görünümüyle her yaş grubuna hitap eder.;",2499.9,2499.9,10,1.561.321,Siyah,,Kadın / Kız,DEERDERİ,Cüzdan,https://cdn.dsmcdn.com/ty1856/prod/QC_PREP/20260417/17/8665d0bd-d944-3ad6-b045-19a982d3f772/1_org_zoom.jpg,https://cdn.dsmcdn.com/ty1857/prod/QC_ENRICHMENT/20260421/17/189831c7-af4c-3e80-830f-8b8d271e335b/1_org_zoom.jpg,https://cdn.dsmcdn.com/ty1854/prod/QC_PREP/20260417/17/e1d6458a-b8c9-3327-99a2-2d1b5c3a76bc/1_org_zoom.jpg,https://cdn.dsmcdn.com/ty1856/prod/QC_PREP/20260417/17/ebacd557-a798-30cd-9431-885dc8bbd912/1_org_zoom.jpg,,,,,,,https://www.trendyol.com/deerderi/temple-model-hakiki-deri-kadin-cuzdan-anneler-gunu-hediyesi-p-1134497383?merchantId=1155143&filterOverPriceListings=false
TY8683212031612,TY8683212031612,Temple Model Hakiki Deri Kadın Cüzdan Anneler Günü Hediyesi,"Kişiye özel baskı talepleriniz için bizimle iletişime geçebilirsiniz 15 Adet Kart Bölümü Mevcut 1 Adet Kağıt Para Bölmesi Mevcut Geniş İç Hacim 2 Adet Gizli Bölmesi Mevcut Bozuk Para Bölmesİ Mevcut 1 Adet Fermuar Bölmesi Mevcut %100 Birinci Sınıf Hakiki Deriden ,Tamamen El Yapımı Üretimdir.; Ürün Ölçüsü: 10 cm - 15,5 cm Ürün özel kutuda korumalı şekilde gönderilmektedir.; - Yüksek kaliteli hakiki deriden üretilmiştir, uzun ömürlü kullanım sunar.; - Şık ve zarif tasarımıyla her kombininize uyum sağlar.; - Geniş iç hacmi sayesinde kartlarınızı, banknotlarınızı ve diğer kişisel eşyalarınızı düzenli bir şekilde saklamanızı sağlar.; - Dayanıklı dikişleri ve sağlam yapısıyla günlük kullanıma uygun bir aksesuardır.; - Klasik ve zamansız görünümüyle her yaş grubuna hitap eder.;",2499.9,2499.9,10,1.561.321,Haki,,Kadın / Kız,DEERDERİ,Cüzdan,https://cdn.dsmcdn.com/ty1855/prod/QC_PREP/20260417/17/a837596e-7a9a-3f3c-9a72-90046b2479d7/1_org_zoom.jpg,https://cdn.dsmcdn.com/ty1919/prod/QC_ENRICHMENT/20260428/15/e45ae459-883f-31c0-b9f0-7506ad669c70/1_org_zoom.jpg,https://cdn.dsmcdn.com/ty1855/prod/QC_PREP/20260417/17/6bdb24a3-9438-32ea-968d-22663d9738d5/1_org_zoom.jpg,https://cdn.dsmcdn.com/ty1855/prod/QC_PREP/20260417/17/70b43e4e-27e0-356a-8efe-549657dea4bd/1_org_zoom.jpg,,,,,,,https://www.trendyol.com/deerderi/temple-model-hakiki-deri-kadin-cuzdan-anneler-gunu-hediyesi-p-1134497376?merchantId=1155143&filterOverPriceListings=false
TY8683212031610,TY8683212031610,Temple Model Hakiki Deri Kadın Cüzdan Anneler Günü Hediyesi,"Kişiye özel baskı talepleriniz için bizimle iletişime geçebilirsiniz 15 Adet Kart Bölümü Mevcut 1 Adet Kağıt Para Bölmesi Mevcut Geniş İç Hacim 2 Adet Gizli Bölmesi Mevcut Bozuk Para Bölmesİ Mevcut 1 Adet Fermuar Bölmesi Mevcut %100 Birinci Sınıf Hakiki Deriden ,Tamamen El Yapımı Üretimdir.; Ürün Ölçüsü: 10 cm - 15,5 cm Ürün özel kutuda korumalı şekilde gönderilmektedir.; - Yüksek kaliteli hakiki deriden üretilmiştir, uzun ömürlü kullanım sunar.; - Şık ve zarif tasarımıyla her kombininize uyum sağlar.; - Geniş iç hacmi sayesinde kartlarınızı, banknotlarınızı ve diğer kişisel eşyalarınızı düzenli bir şekilde saklamanızı sağlar.; - Dayanıklı dikişleri ve sağlam yapısıyla günlük kullanıma uygun bir aksesuardır.; - Klasik ve zamansız görünümüyle her yaş grubuna hitap eder.;",2499.9,2499.9,10,1.561.321,Bordo,,Kadın / Kız,DEERDERİ,Cüzdan,https://cdn.dsmcdn.com/ty1854/prod/QC_PREP/20260417/17/afc989e8-5a63-3f78-a676-04d6e74c61d3/1_org_zoom.jpg,https://cdn.dsmcdn.com/ty1855/prod/QC_PREP/20260417/17/c0dccc25-a1d4-39d0-b2cc-47511052c0e8/1_org_zoom.jpg,https://cdn.dsmcdn.com/ty1859/prod/QC_ENRICHMENT/20260421/17/d8051ae1-2d86-3313-8081-08ebb0a8936a/1_org_zoom.jpg,https://cdn.dsmcdn.com/ty1855/prod/QC_PREP/20260417/17/5d44aee0-ec51-392c-abc9-d6170defb31a/1_org_zoom.jpg,,,,,,,https://www.trendyol.com/deerderi/temple-model-hakiki-deri-kadin-cuzdan-anneler-gunu-hediyesi-p-1134497369?merchantId=1155143&filterOverPriceListings=false
TY8683212031608,TY8683212031608,Temple Model Hakiki Deri Kadın Cüzdan,"Kişiye özel baskı talepleriniz için bizimle iletişime geçebilirsiniz 15 Adet Kart Bölümü Mevcut 1 Adet Kağıt Para Bölmesi Mevcut Geniş İç Hacim 2 Adet Gizli Bölmesi Mevcut Bozuk Para Bölmesİ Mevcut 1 Adet Fermuar Bölmesi Mevcut %100 Birinci Sınıf Hakiki Deriden ,Tamamen El Yapımı Üretimdir.; Ürün Ölçüsü: 10 cm - 15,5 cm Ürün özel kutuda korumalı şekilde gönderilmektedir.; - Yüksek kaliteli hakiki deriden üretilmiştir, uzun ömürlü kullanım sunar.; - Şık ve zarif tasarımıyla her kombininize uyum sağlar.; - Geniş iç hacmi sayesinde kartlarınızı, banknotlarınızı ve diğer kişisel eşyalarınızı düzenli bir şekilde saklamanızı sağlar.; - Dayanıklı dikişleri ve sağlam yapısıyla günlük kullanıma uygun bir aksesuardır.; - Klasik ve zamansız görünümüyle her yaş grubuna hitap eder.;",2499.9,2499.9,10,1.561.321,Mürdüm,,Kadın / Kız,DEERDERİ,Cüzdan,https://cdn.dsmcdn.com/ty1856/prod/QC_PREP/20260417/17/d0617d9c-1c7b-3516-8cd0-df706e6b05d2/1_org_zoom.jpg,https://cdn.dsmcdn.com/ty1856/prod/QC_PREP/20260417/17/0a23068a-9e52-3765-ae55-3f0e109973f3/1_org_zoom.jpg,https://cdn.dsmcdn.com/ty1855/prod/QC_PREP/20260417/17/6f57e5bb-7f36-31b8-92c1-cbf87d0859d6/1_org_zoom.jpg,https://cdn.dsmcdn.com/ty1859/prod/QC_ENRICHMENT/20260421/17/c08715f1-b412-3c59-beab-0808ce01ab39/1_org_zoom.jpg,,,,,,,https://www.trendyol.com/deerderi/temple-model-hakiki-deri-kadin-cuzdan-p-1134497362?merchantId=1155143&filterOverPriceListings=false
TY8683212031609,TY8683212031609,Temple Model Hakiki Deri Kadın Cüzdan Anneler Günü Hediyesi,"Kişiye özel baskı talepleriniz için bizimle iletişime geçebilirsiniz 15 Adet Kart Bölümü Mevcut 1 Adet Kağıt Para Bölmesi Mevcut Geniş İç Hacim 2 Adet Gizli Bölmesi Mevcut Bozuk Para Bölmesİ Mevcut 1 Adet Fermuar Bölmesi Mevcut %100 Birinci Sınıf Hakiki Deriden ,Tamamen El Yapımı Üretimdir.; Ürün Ölçüsü: 10 cm - 15,5 cm Ürün özel kutuda korumalı şekilde gönderilmektedir.; - Yüksek kaliteli hakiki deriden üretilmiştir, uzun ömürlü kullanım sunar.; - Şık ve zarif tasarımıyla her kombininize uyum sağlar.; - Geniş iç hacmi sayesinde kartlarınızı, banknotlarınızı ve diğer kişisel eşyalarınızı düzenli bir şekilde saklamanızı sağlar.; - Dayanıklı dikişleri ve sağlam yapısıyla günlük kullanıma uygun bir aksesuardır.; - Klasik ve zamansız görünümüyle her yaş grubuna hitap eder.;",2499.9,2499.9,9,1.561.321,Vizon,,Kadın / Kız,DEERDERİ,Cüzdan,https://cdn.dsmcdn.com/ty1856/prod/QC_PREP/20260417/17/5dd4a887-90a6-3e6e-9f13-004ddbd6f304/1_org_zoom.jpg,https://cdn.dsmcdn.com/ty1854/prod/QC_PREP/20260417/17/791cd568-8820-392b-b5a3-33674cdbe72e/1_org_zoom.jpg,https://cdn.dsmcdn.com/ty1854/prod/QC_PREP/20260417/17/6eed139c-5a37-3bc1-b30c-39b4b8f00ec9/1_org_zoom.jpg,https://cdn.dsmcdn.com/ty1857/prod/QC_ENRICHMENT/20260421/17/f5cd7de3-fef5-3931-b848-ef2c50418cb2/1_org_zoom.jpg,,,,,,,https://www.trendyol.com/deerderi/temple-model-hakiki-deri-kadin-cuzdan-anneler-gunu-hediyesi-p-1134497246?merchantId=1155143&filterOverPriceListings=false
TY8683212031601,TY8683212031601,Louvre Telefon Bölmeli Mıknatıslı Hakiki Deri El Tutamaçlı Cüzdan,"Ürün Özellikleri 12 Kart bölmesi 2 Uzun bölme 1 Fermuarlı bölme 1 Telefon Bölmesi Mıknatıslı kapanma sistemi 1 Tutma sapı Ürün Ölçüsü 19 x 9,5 cm dir(+-1).; Telefon Bölme Ölçüsü 17,5 x 8 cm dir(+-1).; - Hakiki deri malzemesi ile şık ve dayanıklı bir yapı sunar.; - Telefon bölmesi sayesinde telefonunuzu güvenle taşımanızı sağlar.; - Mıknatıslı kapak tasarımı, kolay açılıp kapanma ve güvenli kullanım imkanı verir.; - El tutamaçlı tasarımı, rahat taşıma ve kullanım kolaylığı sağlar.; - Cüzdan bölmesi ile kartlarınızı ve nakit paranızı düzenli bir şekilde saklayabilirsiniz.",2499.9,2499.9,10,3.216.543,Siyah,,Unisex,DEERDERİ,Cüzdan,https://cdn.dsmcdn.com/ty1855/prod/QC_PREP/20260417/15/a558a019-7988-3d5d-a457-5631f241830f/1_org_zoom.jpg,https://cdn.dsmcdn.com/ty1855/prod/QC_PREP/20260417/15/0fdc9f37-389c-3513-9334-028b916e2c33/1_org_zoom.jpg,https://cdn.dsmcdn.com/ty1854/prod/QC_PREP/20260417/15/06476856-a621-3f00-bf1e-a9aa24bec0bd/1_org_zoom.jpg,https://cdn.dsmcdn.com/ty1857/prod/QC_ENRICHMENT/20260421/17/c3ebfea2-d9d7-39a4-ae5f-6de02a5b874e/1_org_zoom.jpg,,,,,,,https://www.trendyol.com/deerderi/louvre-telefon-bolmeli-miknatisli-hakiki-deri-el-tutamacli-cuzdan-p-1134444517?merchantId=1155143&filterOverPriceListings=false
TY8683212031604,TY8683212031604,Louvre Telefon Bölmeli Mıknatıslı Hakiki Deri El Tutamaçlı Cüzdan,"Ürün Özellikleri 12 Kart bölmesi 2 Uzun bölme 1 Fermuarlı bölme 1 Telefon Bölmesi Mıknatıslı kapanma sistemi 1 Tutma sapı Ürün Ölçüsü 19 x 9,5 cm dir(+-1).; Telefon Bölme Ölçüsü 17,5 x 8 cm dir(+-1).; - Hakiki deri malzemesi ile şık ve dayanıklı bir yapı sunar.; - Telefon bölmesi sayesinde telefonunuzu güvenle taşımanızı sağlar.; - Mıknatıslı kapak tasarımı, kolay açılıp kapanma ve güvenli kullanım imkanı verir.; - El tutamaçlı tasarımı, rahat taşıma ve kullanım kolaylığı sağlar.; - Cüzdan bölmesi ile kartlarınızı ve nakit paranızı düzenli bir şekilde saklayabilirsiniz.",2499.9,2499.9,10,3.216.543,Lacivert,,Unisex,DEERDERİ,Cüzdan,https://cdn.dsmcdn.com/ty1854/prod/QC_PREP/20260417/15/ca113a15-9673-350c-88c0-d727d6767d57/1_org_zoom.jpg,https://cdn.dsmcdn.com/ty1856/prod/QC_PREP/20260417/15/fec9d04b-25ae-33cb-97d6-ec401db0f6c1/1_org_zoom.jpg,https://cdn.dsmcdn.com/ty1856/prod/QC_PREP/20260417/15/24c6a50c-d861-3523-85bb-80724393969a/1_org_zoom.jpg,,,,,,,,https://www.trendyol.com/deerderi/louvre-telefon-bolmeli-miknatisli-hakiki-deri-el-tutamacli-cuzdan-p-1134444320?merchantId=1155143&filterOverPriceListings=false
TY8683212031606,TY8683212031606,Louvre Telefon Bölmeli Mıknatıslı Hakiki Deri El Tutamaçlı Cüzdan,"Ürün Özellikleri 12 Kart bölmesi 2 Uzun bölme 1 Fermuarlı bölme 1 Telefon Bölmesi Mıknatıslı kapanma sistemi 1 Tutma sapı Ürün Ölçüsü 19 x 9,5 cm dir(+-1).; Telefon Bölme Ölçüsü 17,5 x 8 cm dir(+-1).; - Hakiki deri malzemesi ile şık ve dayanıklı bir yapı sunar.; - Telefon bölmesi sayesinde telefonunuzu güvenle taşımanızı sağlar.; - Mıknatıslı kapak tasarımı, kolay açılıp kapanma ve güvenli kullanım imkanı verir.; - El tutamaçlı tasarımı, rahat taşıma ve kullanım kolaylığı sağlar.; - Cüzdan bölmesi ile kartlarınızı ve nakit paranızı düzenli bir şekilde saklayabilirsiniz.",2499.9,2499.9,10,3.216.543,Bordo,,Unisex,DEERDERİ,Cüzdan,https://cdn.dsmcdn.com/ty1854/prod/QC_PREP/20260417/15/4ae3f5c8-8e67-374e-94b0-fc6d07b48736/1_org_zoom.jpg,https://cdn.dsmcdn.com/ty1856/prod/QC_PREP/20260417/15/0b858786-1ebb-3b83-8025-776061ee3724/1_org_zoom.jpg,https://cdn.dsmcdn.com/ty1856/prod/QC_PREP/20260417/15/83e9a394-59a6-3936-8b16-ba1cea8df7d6/1_org_zoom.jpg,https://cdn.dsmcdn.com/ty1857/prod/QC_ENRICHMENT/20260421/17/5d4e75eb-ffe4-3deb-ae75-cefa6fb6b762/1_org_zoom.jpg,,,,,,,https://www.trendyol.com/deerderi/louvre-telefon-bolmeli-miknatisli-hakiki-deri-el-tutamacli-cuzdan-p-1134442632?merchantId=1155143&filterOverPriceListings=false
TY8683212031602,TY8683212031602,Louvre Telefon Bölmeli Mıknatıslı Hakiki Deri El Tutamaçlı Cüzdan,"Ürün Özellikleri 12 Kart bölmesi 2 Uzun bölme 1 Fermuarlı bölme 1 Telefon Bölmesi Mıknatıslı kapanma sistemi 1 Tutma sapı Ürün Ölçüsü 19 x 9,5 cm dir(+-1).; Telefon Bölme Ölçüsü 17,5 x 8 cm dir(+-1).; - Hakiki deri malzemesi ile şık ve dayanıklı bir yapı sunar.; - Telefon bölmesi sayesinde telefonunuzu güvenle taşımanızı sağlar.; - Mıknatıslı kapak tasarımı, kolay açılıp kapanma ve güvenli kullanım imkanı verir.; - El tutamaçlı tasarımı, rahat taşıma ve kullanım kolaylığı sağlar.; - Cüzdan bölmesi ile kartlarınızı ve nakit paranızı düzenli bir şekilde saklayabilirsiniz.",2499.9,2499.9,10,3.216.543,Taba,,Unisex,DEERDERİ,Cüzdan,https://cdn.dsmcdn.com/ty1856/prod/QC_PREP/20260417/15/e16c8787-ebc2-3f8b-b78b-6082747fb605/1_org_zoom.jpg,https://cdn.dsmcdn.com/ty1855/prod/QC_PREP/20260417/15/a2cb8873-dbc0-3269-b670-c59c4e3310eb/1_org_zoom.jpg,https://cdn.dsmcdn.com/ty1854/prod/QC_PREP/20260417/15/1a317f32-1432-3e0b-aec5-b42ba2803b7a/1_org_zoom.jpg,,,,,,,,https://www.trendyol.com/deerderi/louvre-telefon-bolmeli-miknatisli-hakiki-deri-el-tutamacli-cuzdan-p-1134442613?merchantId=1155143&filterOverPriceListings=false
TY8683212031605,TY8683212031605,Louvre Telefon Bölmeli Mıknatıslı Hakiki Deri El Tutamaçlı Cüzdan,"Ürün Özellikleri 12 Kart bölmesi 2 Uzun bölme 1 Fermuarlı bölme 1 Telefon Bölmesi Mıknatıslı kapanma sistemi 1 Tutma sapı Ürün Ölçüsü 19 x 9,5 cm dir(+-1).; Telefon Bölme Ölçüsü 17,5 x 8 cm dir(+-1).; - Hakiki deri malzemesi ile şık ve dayanıklı bir yapı sunar.; - Telefon bölmesi sayesinde telefonunuzu güvenle taşımanızı sağlar.; - Mıknatıslı kapak tasarımı, kolay açılıp kapanma ve güvenli kullanım imkanı verir.; - El tutamaçlı tasarımı, rahat taşıma ve kullanım kolaylığı sağlar.; - Cüzdan bölmesi ile kartlarınızı ve nakit paranızı düzenli bir şekilde saklayabilirsiniz.",2499.9,2499.9,10,3.216.543,Kahverengi,,Unisex,DEERDERİ,Cüzdan,https://cdn.dsmcdn.com/ty1854/prod/QC_PREP/20260417/15/ef31333f-96ee-337f-ba18-4d9a73265aa3/1_org_zoom.jpg,https://cdn.dsmcdn.com/ty1856/prod/QC_PREP/20260417/15/72846321-0c3b-31a4-b537-ffd29f9a96a9/1_org_zoom.jpg,https://cdn.dsmcdn.com/ty1854/prod/QC_PREP/20260417/15/4ee408de-34f3-3ee3-b5aa-75bdd4b3c56d/1_org_zoom.jpg,,,,,,,,https://www.trendyol.com/deerderi/louvre-telefon-bolmeli-miknatisli-hakiki-deri-el-tutamacli-cuzdan-p-1134442563?merchantId=1155143&filterOverPriceListings=false
,TY8683212031603,Louvre Telefon Bölmeli Mıknatıslı Hakiki Deri El Tutamaçlı Cüzdan,"Ürün Özellikleri 12 Kart bölmesi 2 Uzun bölme 1 Fermuarlı bölme 1 Telefon Bölmesi Mıknatıslı kapanma sistemi 1 Tutma sapı Ürün Ölçüsü 19 x 9,5 cm dir(+-1).; Telefon Bölme Ölçüsü 17,5 x 8 cm dir(+-1).; - Hakiki deri malzemesi ile şık ve dayanıklı bir yapı sunar.; - Telefon bölmesi sayesinde telefonunuzu güvenle taşımanızı sağlar.; - Mıknatıslı kapak tasarımı, kolay açılıp kapanma ve güvenli kullanım imkanı verir.; - El tutamaçlı tasarımı, rahat taşıma ve kullanım kolaylığı sağlar.; - Cüzdan bölmesi ile kartlarınızı ve nakit paranızı düzenli bir şekilde saklayabilirsiniz.",1999.9,2499.9,10,3.216.543,Haki,,Unisex,DEERDERİ,Cüzdan,https://cdn.dsmcdn.com/ty1854/prod/QC_PREP/20260417/15/101c74dd-4839-34c8-b146-f99065bfc118/1_org_zoom.jpg,https://cdn.dsmcdn.com/ty1854/prod/QC_PREP/20260417/15/57b0d59c-e7b3-3749-9f61-a3e7076f3206/1_org_zoom.jpg,https://cdn.dsmcdn.com/ty1855/prod/QC_PREP/20260417/15/ad8d34ee-eb0c-3155-860e-5d3f20b999da/1_org_zoom.jpg,https://cdn.dsmcdn.com/ty1857/prod/QC_ENRICHMENT/20260421/17/9930ba0f-c10e-36b8-9121-e414a164358f/1_org_zoom.jpg,,,,,,,https://www.trendyol.com/deerderi/louvre-telefon-bolmeli-miknatisli-hakiki-deri-el-tutamacli-cuzdan-p-1134441857?merchantId=1155143&filterOverPriceListings=false
TY8681278498517,TY8681278498517,6 Bölmeli Hakiki Deri El İşçilikli Mekanizmalı Cüzdan,"KİŞİYE ÖZEL BASKI YAPILABİLMEKTEDİR Kişiye özel baskı talepleriniz için bizimle iletişime geçebilirsiniz.; Termin süresinde herhangi bir değişiklik olmayacaktır.; - %100 hakiki deri malzemeden üretilmiştir, uzun ömürlü kullanım sunar.; - El işçiliği ile özenle üretilmiş, her bir cüzdan benzersiz bir tasarıma sahiptir.; - Mekanizmalı yapısı sayesinde kartların kolayca erişilebilir olmasını sağlar.; - 6 ayrı bölmesi ile kredi kartları, kimlik, ehliyet ve nakit para için düzenli bir saklama alanı sunar.; - Şık ve profesyonel tasarımıyla günlük kullanım için idealdir.;",899.9,899.9,20,51.468.463,Gri,,Unisex,DEERDERİ,Cüzdan,https://cdn.dsmcdn.com/ty1839/prod/QC_PREP/20260316/16/9d6b4475-6424-37bc-88f1-d4da5836b3c6/1_org_zoom.jpg,https://cdn.dsmcdn.com/ty1840/prod/QC_PREP/20260316/16/675029b2-41d6-379d-9c66-2694c2911f3c/1_org_zoom.jpg,https://cdn.dsmcdn.com/ty1841/prod/QC_PREP/20260316/16/b7c92241-2919-3a74-bf28-3e60c5d4c57f/1_org_zoom.jpg,https://cdn.dsmcdn.com/ty1841/prod/QC_PREP/20260316/16/6acdbc4c-b57e-3f3d-86d1-d2695723d96e/1_org_zoom.jpg,https://cdn.dsmcdn.com/ty1840/prod/QC_PREP/20260316/16/18f00ced-51fa-3213-a1ec-9eca948e13d9/1_org_zoom.jpg,https://cdn.dsmcdn.com/ty1839/prod/QC_PREP/20260316/16/c9db4235-aa54-3342-88d9-8c0940d83544/1_org_zoom.jpg,https://cdn.dsmcdn.com/ty1841/prod/QC_PREP/20260316/16/d5f70e5d-564c-3cdb-968f-a2b18eb0b590/1_org_zoom.jpg,https://cdn.dsmcdn.com/ty1839/prod/QC_PREP/20260316/16/c562e12c-9736-3dcd-992e-36489a058fda/1_org_zoom.jpg,1,Bugün Kargoda,https://www.trendyol.com/deerderi/6-bolmeli-hakiki-deri-el-iscilikli-mekanizmali-cuzdan-p-1120136762?merchantId=1155143&filterOverPriceListings=false
TY8681278498513,TY8681278498513,6 Bölmeli Hakiki Deri El İşçilikli Mekanizmalı Cüzdan,"KİŞİYE ÖZEL BASKI YAPILABİLMEKTEDİR Kişiye özel baskı talepleriniz için bizimle iletişime geçebilirsiniz.; Termin süresinde herhangi bir değişiklik olmayacaktır.; - %100 hakiki deri malzemeden üretilmiştir, uzun ömürlü kullanım sunar.; - El işçiliği ile özenle üretilmiş, her bir cüzdan benzersiz bir tasarıma sahiptir.; - Mekanizmalı yapısı sayesinde kartların kolayca erişilebilir olmasını sağlar.; - 6 ayrı bölmesi ile kredi kartları, kimlik, ehliyet ve nakit para için düzenli bir saklama alanı sunar.; - Şık ve profesyonel tasarımıyla günlük kullanım için idealdir.;",899.9,899.9,20,51.468.463,Taba,,Unisex,DEERDERİ,Cüzdan,https://cdn.dsmcdn.com/ty1840/prod/QC_PREP/20260316/16/3382d641-df07-3cb0-92ab-8ffbc968e405/1_org_zoom.jpg,https://cdn.dsmcdn.com/ty1841/prod/QC_PREP/20260316/16/3b439728-5bd1-38c8-8e9e-d03e8efce5c3/1_org_zoom.jpg,https://cdn.dsmcdn.com/ty1839/prod/QC_PREP/20260316/16/001ae05b-c818-3e17-8af0-f7ef361d9df6/1_org_zoom.jpg,https://cdn.dsmcdn.com/ty1841/prod/QC_PREP/20260316/16/1f98b9d8-e38e-311f-b222-4dc2c7ce742e/1_org_zoom.jpg,https://cdn.dsmcdn.com/ty1840/prod/QC_PREP/20260316/16/c441f3bf-8e32-3c6f-8c07-296b399fcded/1_org_zoom.jpg,https://cdn.dsmcdn.com/ty1841/prod/QC_PREP/20260316/16/1d38be9b-3dfa-31c2-a964-c5af369be883/1_org_zoom.jpg,https://cdn.dsmcdn.com/ty1839/prod/QC_PREP/20260316/16/40150bc8-f9f0-3cf0-aeb8-fd0dea15abc4/1_org_zoom.jpg,https://cdn.dsmcdn.com/ty1858/prod/QC_ENRICHMENT/20260421/17/dd1991d2-8bff-36be-8415-7fc9fbe712fc/1_org_zoom.jpg,1,Bugün Kargoda,https://www.trendyol.com/deerderi/6-bolmeli-hakiki-deri-el-iscilikli-mekanizmali-cuzdan-p-1120136760?merchantId=1155143&filterOverPriceListings=false
TY8681278498515,TY8681278498515,6 Bölmeli Hakiki Deri El İşçilikli Mekanizmalı Cüzdan,"KİŞİYE ÖZEL BASKI YAPILABİLMEKTEDİR Kişiye özel baskı talepleriniz için bizimle iletişime geçebilirsiniz.; Termin süresinde herhangi bir değişiklik olmayacaktır.; - %100 hakiki deri malzemeden üretilmiştir, uzun ömürlü kullanım sunar.; - El işçiliği ile özenle üretilmiş, her bir cüzdan benzersiz bir tasarıma sahiptir.; - Mekanizmalı yapısı sayesinde kartların kolayca erişilebilir olmasını sağlar.; - 6 ayrı bölmesi ile kredi kartları, kimlik, ehliyet ve nakit para için düzenli bir saklama alanı sunar.; - Şık ve profesyonel tasarımıyla günlük kullanım için idealdir.;",899.9,899.9,20,51.468.463,Kahverengi,,Unisex,DEERDERİ,Cüzdan,https://cdn.dsmcdn.com/ty1839/prod/QC_PREP/20260316/16/bdbc2025-c16b-3b94-84e5-82ea2bfb50e1/1_org_zoom.jpg,https://cdn.dsmcdn.com/ty1840/prod/QC_PREP/20260316/16/29ff436f-0ee0-3d9d-bbed-2d805eeba6ae/1_org_zoom.jpg,https://cdn.dsmcdn.com/ty1839/prod/QC_PREP/20260316/16/7a2e2d96-b667-30c7-a99e-895c8430ca9b/1_org_zoom.jpg,https://cdn.dsmcdn.com/ty1839/prod/QC_PREP/20260316/16/0cee18de-026a-3d3c-8eac-3db5c6c7f069/1_org_zoom.jpg,https://cdn.dsmcdn.com/ty1840/prod/QC_PREP/20260316/16/58de2f60-976a-3467-a78b-d2744007e99d/1_org_zoom.jpg,https://cdn.dsmcdn.com/ty1841/prod/QC_PREP/20260316/16/7dc9a6e2-cfdf-36e9-a471-07675d1e22fb/1_org_zoom.jpg,https://cdn.dsmcdn.com/ty1840/prod/QC_PREP/20260316/16/0dbea1e8-c310-3dbe-b520-29c501a9b5d0/1_org_zoom.jpg,https://cdn.dsmcdn.com/ty1840/prod/QC_PREP/20260316/16/49c0dc5e-7aa8-3096-ab1f-ffa24ecbe651/1_org_zoom.jpg,1,Bugün Kargoda,https://www.trendyol.com/deerderi/6-bolmeli-hakiki-deri-el-iscilikli-mekanizmali-cuzdan-p-1120136743?merchantId=1155143&filterOverPriceListings=false
TY8681278498516,TY8681278498516,6 Bölmeli Hakiki Deri El İşçilikli Mekanizmalı Cüzdan,"KİŞİYE ÖZEL BASKI YAPILABİLMEKTEDİR Kişiye özel baskı talepleriniz için bizimle iletişime geçebilirsiniz.; Termin süresinde herhangi bir değişiklik olmayacaktır.; - %100 hakiki deri malzemeden üretilmiştir, uzun ömürlü kullanım sunar.; - El işçiliği ile özenle üretilmiş, her bir cüzdan benzersiz bir tasarıma sahiptir.; - Mekanizmalı yapısı sayesinde kartların kolayca erişilebilir olmasını sağlar.; - 6 ayrı bölmesi ile kredi kartları, kimlik, ehliyet ve nakit para için düzenli bir saklama alanı sunar.; - Şık ve profesyonel tasarımıyla günlük kullanım için idealdir.;",899.9,899.9,20,51.468.463,Siyah,,Unisex,DEERDERİ,Cüzdan,https://cdn.dsmcdn.com/ty1841/prod/QC_PREP/20260316/16/494d58d4-ebdc-3e2e-a42a-ac6b2ac0d5c9/1_org_zoom.jpg,https://cdn.dsmcdn.com/ty1841/prod/QC_PREP/20260316/16/4b590296-2697-3b4c-8a38-9b6c24930df1/1_org_zoom.jpg,https://cdn.dsmcdn.com/ty1839/prod/QC_PREP/20260316/16/18acdad9-55aa-3c3c-8115-9d17df92b507/1_org_zoom.jpg,https://cdn.dsmcdn.com/ty1839/prod/QC_PREP/20260316/16/6cd715ae-b79d-3606-90bd-9057699b9530/1_org_zoom.jpg,https://cdn.dsmcdn.com/ty1839/prod/QC_PREP/20260316/16/4bcaf66f-46d4-3a3a-a08c-1a96c64e62fe/1_org_zoom.jpg,https://cdn.dsmcdn.com/ty1839/prod/QC_PREP/20260316/16/1affc380-87f2-363c-ac4a-91bc8b148b1c/1_org_zoom.jpg,https://cdn.dsmcdn.com/ty1841/prod/QC_PREP/20260316/16/d5afff4c-a315-3fa8-a562-92bf9424dcb3/1_org_zoom.jpg,https://cdn.dsmcdn.com/ty1859/prod/QC_ENRICHMENT/20260421/17/27ad6a4d-3856-3498-bf9f-8196d9f71a76/1_org_zoom.jpg,1,Bugün Kargoda,https://www.trendyol.com/deerderi/6-bolmeli-hakiki-deri-el-iscilikli-mekanizmali-cuzdan-p-1120136705?merchantId=1155143&filterOverPriceListings=false
TY8681278498514,TY8681278498514,6 Bölmeli Hakiki Deri El İşçilikli Mekanizmalı Cüzdan,"KİŞİYE ÖZEL BASKI YAPILABİLMEKTEDİR Kişiye özel baskı talepleriniz için bizimle iletişime geçebilirsiniz.; Termin süresinde herhangi bir değişiklik olmayacaktır.; - %100 hakiki deri malzemeden üretilmiştir, uzun ömürlü kullanım sunar.; - El işçiliği ile özenle üretilmiş, her bir cüzdan benzersiz bir tasarıma sahiptir.; - Mekanizmalı yapısı sayesinde kartların kolayca erişilebilir olmasını sağlar.; - 6 ayrı bölmesi ile kredi kartları, kimlik, ehliyet ve nakit para için düzenli bir saklama alanı sunar.; - Şık ve profesyonel tasarımıyla günlük kullanım için idealdir.;",899.9,899.9,20,51.468.463,Bordo,,Unisex,DEERDERİ,Cüzdan,https://cdn.dsmcdn.com/ty1840/prod/QC_PREP/20260316/16/a5c5c7e3-b151-3c59-9992-32915cb761dd/1_org_zoom.jpg,https://cdn.dsmcdn.com/ty1841/prod/QC_PREP/20260316/16/d17fde63-6617-3293-ae07-c4d39aea35bc/1_org_zoom.jpg,https://cdn.dsmcdn.com/ty1839/prod/QC_PREP/20260316/16/8a75717e-72a4-3e02-b887-e7f1e2a9fcae/1_org_zoom.jpg,https://cdn.dsmcdn.com/ty1841/prod/QC_PREP/20260316/16/330c6efb-ad9f-3c81-9848-a6ebc267b567/1_org_zoom.jpg,https://cdn.dsmcdn.com/ty1839/prod/QC_PREP/20260316/16/eadcb898-4c96-3617-92b0-5a82306fb9e7/1_org_zoom.jpg,https://cdn.dsmcdn.com/ty1841/prod/QC_PREP/20260316/16/e2fcd445-f234-3353-9435-9565c7bb47ea/1_org_zoom.jpg,https://cdn.dsmcdn.com/ty1839/prod/QC_PREP/20260316/16/14f1a20f-895f-3109-9e57-040554cac637/1_org_zoom.jpg,https://cdn.dsmcdn.com/ty1840/prod/QC_PREP/20260316/16/6f426ac7-9f31-32c7-abb3-146402ddeb2f/1_org_zoom.jpg,1,Bugün Kargoda,https://www.trendyol.com/deerderi/6-bolmeli-hakiki-deri-el-iscilikli-mekanizmali-cuzdan-p-1120136675?merchantId=1155143&filterOverPriceListings=false
TY8681278498511,TY8681278498511,Merkür Hakiki Deri El İşçiliği Cüzdan,KİŞİYE ÖZEL BASKI YAPILABİLMEKTEDİR Kişiye özel baskı talepleriniz için bizimle iletişime geçebilirsiniz.; Termin süresinde herhangi bir değişiklik olmamaktadır.; - Hakiki deri malzemesiyle uzun ömürlü kullanım sunar.; - El işçiliği detaylarıyla benzersiz bir tasarıma sahiptir.; - Şık ve modern görünümüyle her türlü kıyafetle uyum sağlar.; - Fonksiyonel iç bölmeleri sayesinde kartlarınızı ve paranızı düzenli bir şekilde saklayabilirsiniz.; - Dayanıklı yapısı ile günlük kullanım için idealdir.;,899.9,899.9,14,6.468.541,Gri,,Unisex,DEERDERİ,Cüzdan,https://cdn.dsmcdn.com/ty1839/prod/QC_PREP/20260316/14/29912c0d-7723-39bb-bbe7-2c1dc9b38219/1_org_zoom.jpg,https://cdn.dsmcdn.com/ty1839/prod/QC_PREP/20260316/14/dadc888e-b6cf-3cad-907f-ddc66a0912a7/1_org_zoom.jpg,https://cdn.dsmcdn.com/ty1839/prod/QC_PREP/20260316/14/c5729634-a84b-393d-9acb-38a0e8ecfd3f/1_org_zoom.jpg,https://cdn.dsmcdn.com/ty1839/prod/QC_PREP/20260316/14/af11a0e0-132b-393b-ba18-673d4449dd17/1_org_zoom.jpg,https://cdn.dsmcdn.com/ty1841/prod/QC_PREP/20260316/14/0a69367d-2019-3b1f-9b57-46ff1a41dff1/1_org_zoom.jpg,https://cdn.dsmcdn.com/ty1840/prod/QC_PREP/20260316/14/6b1ab1eb-b021-3044-ae4c-f2ee1099fe49/1_org_zoom.jpg,https://cdn.dsmcdn.com/ty1839/prod/QC_PREP/20260316/14/1bef46a1-92d1-3b08-bf65-4ba5c529ab37/1_org_zoom.jpg,https://cdn.dsmcdn.com/ty1858/prod/QC_ENRICHMENT/20260421/17/cbaaf60d-e534-38f9-b6e2-35539ef499fd/1_org_zoom.jpg,1,Bugün Kargoda,https://www.trendyol.com/deerderi/merkur-hakiki-deri-el-isciligi-cuzdan-p-1120083762?merchantId=1155143&filterOverPriceListings=false
TY8681278498512,TY8681278498512,Merkür Hakiki Deri El İşçiliği Cüzdan,KİŞİYE ÖZEL BASKI YAPILABİLMEKTEDİR Kişiye özel baskı talepleriniz için bizimle iletişime geçebilirsiniz.; Termin süresinde herhangi bir değişiklik olmamaktadır.; - Hakiki deri malzemesiyle uzun ömürlü kullanım sunar.; - El işçiliği detaylarıyla benzersiz bir tasarıma sahiptir.; - Şık ve modern görünümüyle her türlü kıyafetle uyum sağlar.; - Fonksiyonel iç bölmeleri sayesinde kartlarınızı ve paranızı düzenli bir şekilde saklayabilirsiniz.; - Dayanıklı yapısı ile günlük kullanım için idealdir.;,899.9,899.9,21,6.468.541,Siyah,,Unisex,DEERDERİ,Cüzdan,https://cdn.dsmcdn.com/ty1840/prod/QC_PREP/20260316/14/3202a12f-3b2e-3a1d-96ac-6ceefff9ffe2/1_org_zoom.jpg,https://cdn.dsmcdn.com/ty1839/prod/QC_PREP/20260316/14/8a9c208e-6c9b-33f2-9c76-8a39a1b2ea92/1_org_zoom.jpg,https://cdn.dsmcdn.com/ty1841/prod/QC_PREP/20260316/14/018326bc-39a3-34f8-a9e9-f7ed61163c2e/1_org_zoom.jpg,https://cdn.dsmcdn.com/ty1840/prod/QC_PREP/20260316/14/50d47817-88ec-350b-9cc7-35c1f81430a3/1_org_zoom.jpg,https://cdn.dsmcdn.com/ty1840/prod/QC_PREP/20260316/14/54af55b9-01a5-3250-8356-be13670ce994/1_org_zoom.jpg,https://cdn.dsmcdn.com/ty1839/prod/QC_PREP/20260316/14/e83222bd-b9e4-35d6-8bb4-1a6822123de6/1_org_zoom.jpg,https://cdn.dsmcdn.com/ty1841/prod/QC_PREP/20260316/14/7906f749-fa23-3467-b900-e85b66935e50/1_org_zoom.jpg,https://cdn.dsmcdn.com/ty1839/prod/QC_PREP/20260316/14/105eeef3-62b3-3631-823c-efc17ac26149/1_org_zoom.jpg,1,Bugün Kargoda,https://www.trendyol.com/deerderi/merkur-hakiki-deri-el-isciligi-cuzdan-p-1120083761?merchantId=1155143&filterOverPriceListings=false
TY8681278498510,TY8681278498510,Merkür Hakiki Deri El İşçiliği Cüzdan,KİŞİYE ÖZEL BASKI YAPILABİLMEKTEDİR Kişiye özel baskı talepleriniz için bizimle iletişime geçebilirsiniz.; Termin süresinde herhangi bir değişiklik olmamaktadır.; - Hakiki deri malzemesiyle uzun ömürlü kullanım sunar.; - El işçiliği detaylarıyla benzersiz bir tasarıma sahiptir.; - Şık ve modern görünümüyle her türlü kıyafetle uyum sağlar.; - Fonksiyonel iç bölmeleri sayesinde kartlarınızı ve paranızı düzenli bir şekilde saklayabilirsiniz.; - Dayanıklı yapısı ile günlük kullanım için idealdir.;,899.9,899.9,12,6.468.541,Taba,,Unisex,DEERDERİ,Cüzdan,https://cdn.dsmcdn.com/ty1839/prod/QC_PREP/20260316/14/5824affa-5206-3bf2-9678-a0fc105906a7/1_org_zoom.jpg,https://cdn.dsmcdn.com/ty1840/prod/QC_PREP/20260316/14/0834b3f0-eec7-3f34-a14a-91f55ac275ce/1_org_zoom.jpg,https://cdn.dsmcdn.com/ty1841/prod/QC_PREP/20260316/14/e9ce6111-5f4e-37dd-89b9-7aa814834619/1_org_zoom.jpg,https://cdn.dsmcdn.com/ty1841/prod/QC_PREP/20260316/14/3fc40917-e430-3bcb-ba45-2bc04b56b85c/1_org_zoom.jpg,https://cdn.dsmcdn.com/ty1840/prod/QC_PREP/20260316/14/5abf81c6-c266-31d2-9b52-35013cb07c58/1_org_zoom.jpg,https://cdn.dsmcdn.com/ty1839/prod/QC_PREP/20260316/14/21628458-71c8-3dac-badc-2f3d6cb04f99/1_org_zoom.jpg,https://cdn.dsmcdn.com/ty1841/prod/QC_PREP/20260316/14/853694af-4902-3d2d-8336-3102cea1243b/1_org_zoom.jpg,https://cdn.dsmcdn.com/ty1859/prod/QC_ENRICHMENT/20260421/17/0e0ad98c-cca2-3e1c-bea4-15e1542cc720/1_org_zoom.jpg,1,Bugün Kargoda,https://www.trendyol.com/deerderi/merkur-hakiki-deri-el-isciligi-cuzdan-p-1120083758?merchantId=1155143&filterOverPriceListings=false
TY8681278498509,TY8681278498509,Pluton Hakiki Deri El İşçiliği Kartlık Cüzdan,"KİŞİYE ÖZEL BASKI YAPILABİLMEKTEDİR Kişiye özel baskı talepleriniz için bizimle iletişime geçebilirsiniz.; Özel baskı işlemlerinde termin süresinde herhangi bir değişiklik olmamaktadır.; - Hakiki deri malzemesi ile üretilmiş, uzun ömürlü ve dayanıklı kullanım sunar.; - El işçiliği detaylarıyla öne çıkan bu kartlık, benzersiz bir tasarıma sahiptir.; - Kartlarınızı güvenle taşıyabileceğiniz pratik ve şık bir aksesuardır.; - Derinin doğal dokusu ve el işçiliği sayesinde her bir cüzdan farklı ve özeldir.; - Pluton markasının kalite ve zarafetini yansıtan bu kartlık, günlük kullanım için idealdir.;",899.9,899.9,14,3.215.613,Gri,,Unisex,DEERDERİ,Kartlık,https://cdn.dsmcdn.com/ty1839/prod/QC_PREP/20260316/14/e3129b6c-26c0-3e7b-9166-6ecacc69ecfe/1_org_zoom.jpg,https://cdn.dsmcdn.com/ty1841/prod/QC_PREP/20260316/14/0fba14ea-2918-3a56-8fd8-13118b13fb9e/1_org_zoom.jpg,https://cdn.dsmcdn.com/ty1839/prod/QC_PREP/20260316/14/9e155903-f4e8-3311-95fc-532b38d5b8ee/1_org_zoom.jpg,https://cdn.dsmcdn.com/ty1841/prod/QC_PREP/20260316/14/afc2e190-229f-30c1-80e8-b4ed5258f690/1_org_zoom.jpg,https://cdn.dsmcdn.com/ty1839/prod/QC_PREP/20260316/14/e8901ddc-908d-3977-8a51-12d954985745/1_org_zoom.jpg,https://cdn.dsmcdn.com/ty1839/prod/QC_PREP/20260316/14/9b253171-6149-3225-9a72-3997b4b2a141/1_org_zoom.jpg,https://cdn.dsmcdn.com/ty1840/prod/QC_PREP/20260316/14/f5a0b83e-0103-30de-bd9a-43ed1c4a4836/1_org_zoom.jpg,https://cdn.dsmcdn.com/ty1841/prod/QC_PREP/20260316/14/dc28aa2a-59a1-3782-a58a-219e6a9598ad/1_org_zoom.jpg,1,Bugün Kargoda,https://www.trendyol.com/deerderi/pluton-hakiki-deri-el-isciligi-kartlik-cuzdan-p-1120082008?merchantId=1155143&filterOverPriceListings=false
TY8681278498506,TY8681278498506,Aten Hakiki Deri El İşçiliği Kartlık,"KİŞİYE ÖZEL BASKI YAPILABİLMEKTEDİR Kişiye özel baskı talepleriniz için bizimle iletişime geçebilir.; - %100 hakiki deri malzemeden üretilmiştir, uzun ömürlü kullanım sunar.; - El işçiliği ile özenle üretilmiş, her bir parçası benzersizdir.; - Şık ve kompakt tasarımı sayesinde cebinizde veya çantanızda kolayca taşınabilir.; - Kartlarınızı güvenli bir şekilde saklayabileceğiniz bölmeler içerir.; - Klasik ve zamansız tasarımıyla her türlü kıyafetle uyum sağlar.;",799.9,799.9,14,45.416.541,Gri,,Unisex,DEERDERİ,Kartlık,https://cdn.dsmcdn.com/ty1841/prod/QC_PREP/20260316/13/bbaf5a0d-28ae-3594-aa33-ba1193f2100f/1_org_zoom.jpg,https://cdn.dsmcdn.com/ty1840/prod/QC_PREP/20260316/13/2fef198a-101e-381d-9560-c334892a88db/1_org_zoom.jpg,https://cdn.dsmcdn.com/ty1840/prod/QC_PREP/20260316/13/db6211e3-a13e-3dad-8f1e-a9f49edecb26/1_org_zoom.jpg,https://cdn.dsmcdn.com/ty1841/prod/QC_PREP/20260316/13/c29da76a-6193-3cb6-a754-f7b8ae410533/1_org_zoom.jpg,https://cdn.dsmcdn.com/ty1840/prod/QC_PREP/20260316/13/43034b15-8da7-37d7-b4a2-dde00f10a64d/1_org_zoom.jpg,https://cdn.dsmcdn.com/ty1839/prod/QC_PREP/20260316/13/171e2867-7803-36c9-9af5-54b48615a035/1_org_zoom.jpg,https://cdn.dsmcdn.com/ty1841/prod/QC_PREP/20260316/13/f6cf8620-3ff3-3e30-87a7-9cd38e829574/1_org_zoom.jpg,https://cdn.dsmcdn.com/ty1857/prod/QC_ENRICHMENT/20260421/17/686819f8-de2a-3008-b8ac-01da7249c8c2/1_org_zoom.jpg,1,Bugün Kargoda,https://www.trendyol.com/deerderi/aten-hakiki-deri-el-isciligi-kartlik-p-1120044213?merchantId=1155143&filterOverPriceListings=false
TY8681278498507,TY8681278498507,Aten Hakiki Deri El İşçiliği Kartlık,"KİŞİYE ÖZEL BASKI YAPILABİLMEKTEDİR Kişiye özel baskı talepleriniz için bizimle iletişime geçebilir.; - %100 hakiki deri malzemeden üretilmiştir, uzun ömürlü kullanım sunar.; - El işçiliği ile özenle üretilmiş, her bir parçası benzersizdir.; - Şık ve kompakt tasarımı sayesinde cebinizde veya çantanızda kolayca taşınabilir.; - Kartlarınızı güvenli bir şekilde saklayabileceğiniz bölmeler içerir.; - Klasik ve zamansız tasarımıyla her türlü kıyafetle uyum sağlar.;",799.9,799.9,16,45.416.541,Lacivert,,Unisex,DEERDERİ,Kartlık,https://cdn.dsmcdn.com/ty1840/prod/QC_PREP/20260316/13/e919c179-6124-3c48-af7a-1fbd74d3378c/1_org_zoom.jpg,https://cdn.dsmcdn.com/ty1840/prod/QC_PREP/20260316/13/2156e0df-59db-320d-ae56-97daa4944a1f/1_org_zoom.jpg,https://cdn.dsmcdn.com/ty1840/prod/QC_PREP/20260316/13/d9d62f3f-c3c5-3bf2-82af-10c0a7348f53/1_org_zoom.jpg,https://cdn.dsmcdn.com/ty1841/prod/QC_PREP/20260316/13/8d1d0366-8d87-3216-a44a-0bd0778c5634/1_org_zoom.jpg,https://cdn.dsmcdn.com/ty1840/prod/QC_PREP/20260316/13/79faadd1-cc01-348c-8551-cb1dcc4bb74d/1_org_zoom.jpg,https://cdn.dsmcdn.com/ty1839/prod/QC_PREP/20260316/13/d57fd9dd-f74b-350a-9640-9c41f7538755/1_org_zoom.jpg,https://cdn.dsmcdn.com/ty1839/prod/QC_PREP/20260316/13/22fb18fa-968e-3d66-b2df-a4b91d196fb7/1_org_zoom.jpg,https://cdn.dsmcdn.com/ty1858/prod/QC_ENRICHMENT/20260421/17/7bf0dbd4-cc0e-36f1-9f35-f03700d315bc/1_org_zoom.jpg,1,Bugün Kargoda,https://www.trendyol.com/deerderi/aten-hakiki-deri-el-isciligi-kartlik-p-1120043573?merchantId=1155143&filterOverPriceListings=false
TY8681278498504,TY8681278498504,Aten Hakiki Deri El İşçiliği Kartlık,"KİŞİYE ÖZEL BASKI YAPILABİLMEKTEDİR Kişiye özel baskı talepleriniz için bizimle iletişime geçebilir.; - %100 hakiki deri malzemeden üretilmiştir, uzun ömürlü kullanım sunar.; - El işçiliği ile özenle üretilmiş, her bir parçası benzersizdir.; - Şık ve kompakt tasarımı sayesinde cebinizde veya çantanızda kolayca taşınabilir.; - Kartlarınızı güvenli bir şekilde saklayabileceğiniz bölmeler içerir.; - Klasik ve zamansız tasarımıyla her türlü kıyafetle uyum sağlar.;",799.9,799.9,6,45.416.541,Siyah,,Unisex,DEERDERİ,Kartlık,https://cdn.dsmcdn.com/ty1839/prod/QC_PREP/20260316/13/549a06de-57cb-3302-b321-1ac5a9a9ea40/1_org_zoom.jpg,https://cdn.dsmcdn.com/ty1840/prod/QC_PREP/20260316/13/528e058f-884f-3112-9d95-82e412c5b7d1/1_org_zoom.jpg,https://cdn.dsmcdn.com/ty1839/prod/QC_PREP/20260316/13/0fcc3bd0-365c-39ac-8e79-887d3318fa76/1_org_zoom.jpg,https://cdn.dsmcdn.com/ty1840/prod/QC_PREP/20260316/13/4cff2ddf-012c-35de-882a-bf28dc33a1c0/1_org_zoom.jpg,https://cdn.dsmcdn.com/ty1841/prod/QC_PREP/20260316/13/63496095-5732-3dca-bb25-226412241551/1_org_zoom.jpg,https://cdn.dsmcdn.com/ty1840/prod/QC_PREP/20260316/13/d1229859-d4fe-3233-b215-e463e0f47103/1_org_zoom.jpg,https://cdn.dsmcdn.com/ty1840/prod/QC_PREP/20260316/13/00448903-e735-3064-929e-ff15dabc6920/1_org_zoom.jpg,https://cdn.dsmcdn.com/ty1841/prod/QC_PREP/20260316/13/f3673941-ab46-399b-b4f6-896054b4335a/1_org_zoom.jpg,1,Bugün Kargoda,https://www.trendyol.com/deerderi/aten-hakiki-deri-el-isciligi-kartlik-p-1120043570?merchantId=1155143&filterOverPriceListings=false
TY8681278498505,TY8681278498505,Aten Hakiki Deri El İşçiliği Kartlık,"KİŞİYE ÖZEL BASKI YAPILABİLMEKTEDİR Kişiye özel baskı talepleriniz için bizimle iletişime geçebilir.; - %100 hakiki deri malzemeden üretilmiştir, uzun ömürlü kullanım sunar.; - El işçiliği ile özenle üretilmiş, her bir parçası benzersizdir.; - Şık ve kompakt tasarımı sayesinde cebinizde veya çantanızda kolayca taşınabilir.; - Kartlarınızı güvenli bir şekilde saklayabileceğiniz bölmeler içerir.; - Klasik ve zamansız tasarımıyla her türlü kıyafetle uyum sağlar.;",799.9,799.9,6,45.416.541,Koyu Kahverengi,,Unisex,DEERDERİ,Kartlık,https://cdn.dsmcdn.com/ty1839/prod/QC_PREP/20260316/13/ba2004e0-9825-3663-a4d8-1e71292e4286/1_org_zoom.jpg,https://cdn.dsmcdn.com/ty1839/prod/QC_PREP/20260316/13/288c101e-c009-3c4e-8b9a-6d30bf1464f6/1_org_zoom.jpg,https://cdn.dsmcdn.com/ty1840/prod/QC_PREP/20260316/13/601dc9d6-9804-3963-942f-2424716b6bd1/1_org_zoom.jpg,https://cdn.dsmcdn.com/ty1840/prod/QC_PREP/20260316/13/8441fa78-98e3-3143-9e5d-8b3149caf93f/1_org_zoom.jpg,https://cdn.dsmcdn.com/ty1840/prod/QC_PREP/20260316/13/7cf6e615-4c27-382e-af7e-fc1eb09bb9d4/1_org_zoom.jpg,https://cdn.dsmcdn.com/ty1841/prod/QC_PREP/20260316/13/1845f281-175b-37d3-a97d-ebd527e32e07/1_org_zoom.jpg,https://cdn.dsmcdn.com/ty1839/prod/QC_PREP/20260316/13/c44c0f07-a501-34d9-83c2-946f1cf2387b/1_org_zoom.jpg,https://cdn.dsmcdn.com/ty1839/prod/QC_PREP/20260316/13/e12ba2df-32de-3976-8686-3ce4c05661bb/1_org_zoom.jpg,1,Bugün Kargoda,https://www.trendyol.com/deerderi/aten-hakiki-deri-el-isciligi-kartlik-p-1120043549?merchantId=1155143&filterOverPriceListings=false
TY8681278498508,TY8681278498508,Aten Hakiki Deri El İşçiliği Kartlık,"KİŞİYE ÖZEL BASKI YAPILABİLMEKTEDİR Kişiye özel baskı talepleriniz için bizimle iletişime geçebilir.; - %100 hakiki deri malzemeden üretilmiştir, uzun ömürlü kullanım sunar.; - El işçiliği ile özenle üretilmiş, her bir parçası benzersizdir.; - Şık ve kompakt tasarımı sayesinde cebinizde veya çantanızda kolayca taşınabilir.; - Kartlarınızı güvenli bir şekilde saklayabileceğiniz bölmeler içerir.; - Klasik ve zamansız tasarımıyla her türlü kıyafetle uyum sağlar.;",799.9,799.9,15,45.416.541,Haki,,Unisex,DEERDERİ,Kartlık,https://cdn.dsmcdn.com/ty1840/prod/QC_PREP/20260316/13/d8f0ef6e-e40a-36d4-8a9b-f554ad786555/1_org_zoom.jpg,https://cdn.dsmcdn.com/ty1839/prod/QC_PREP/20260316/13/9df5748e-e38f-3135-9b21-0d58688ef857/1_org_zoom.jpg,https://cdn.dsmcdn.com/ty1841/prod/QC_PREP/20260316/13/81795d36-88c4-3588-bdec-1a45dbf9de72/1_org_zoom.jpg,https://cdn.dsmcdn.com/ty1839/prod/QC_PREP/20260316/13/e8f47ac9-e6a5-3102-9bb5-e0be3e64b4ef/1_org_zoom.jpg,https://cdn.dsmcdn.com/ty1839/prod/QC_PREP/20260316/13/5b7168f4-e491-3f6a-b620-a8e67d8d368e/1_org_zoom.jpg,https://cdn.dsmcdn.com/ty1840/prod/QC_PREP/20260316/13/febaff9e-82d8-35aa-8449-560a3ddd1842/1_org_zoom.jpg,https://cdn.dsmcdn.com/ty1839/prod/QC_PREP/20260316/13/9c2a4aa4-e719-31b0-9083-8fdf864b0e82/1_org_zoom.jpg,https://cdn.dsmcdn.com/ty1859/prod/QC_ENRICHMENT/20260421/17/e4524ef3-9a04-3dde-9723-a87e5bc34671/1_org_zoom.jpg,1,Bugün Kargoda,https://www.trendyol.com/deerderi/aten-hakiki-deri-el-isciligi-kartlik-p-1120043546?merchantId=1155143&filterOverPriceListings=false
TY8681278498503,TY8681278498503,Aten Hakiki Deri El İşçiliği Kartlık,"KİŞİYE ÖZEL BASKI YAPILABİLMEKTEDİR Kişiye özel baskı talepleriniz için bizimle iletişime geçebilir.; - %100 hakiki deri malzemeden üretilmiştir, uzun ömürlü kullanım sunar.; - El işçiliği ile özenle üretilmiş, her bir parçası benzersizdir.; - Şık ve kompakt tasarımı sayesinde cebinizde veya çantanızda kolayca taşınabilir.; - Kartlarınızı güvenli bir şekilde saklayabileceğiniz bölmeler içerir.; - Klasik ve zamansız tasarımıyla her türlü kıyafetle uyum sağlar.;",799.9,799.9,6,45.416.541,Kahverengi,,Unisex,DEERDERİ,Kartlık,https://cdn.dsmcdn.com/ty1840/prod/QC_PREP/20260316/13/3945ce73-d580-328b-bf75-44d484bf6264/1_org_zoom.jpg,https://cdn.dsmcdn.com/ty1841/prod/QC_PREP/20260316/13/85e425bd-afea-3978-9509-8ace2972046c/1_org_zoom.jpg,https://cdn.dsmcdn.com/ty1840/prod/QC_PREP/20260316/13/8189f5b8-1c3a-310a-a806-9d7cdaa2f937/1_org_zoom.jpg,https://cdn.dsmcdn.com/ty1839/prod/QC_PREP/20260316/13/d954c4c7-a722-379f-8486-8562bc12b318/1_org_zoom.jpg,https://cdn.dsmcdn.com/ty1839/prod/QC_PREP/20260316/13/07112e56-b8ba-383f-9331-4633da4248b4/1_org_zoom.jpg,https://cdn.dsmcdn.com/ty1840/prod/QC_PREP/20260316/13/db3fccd8-4452-390c-a837-30bcff6ba8ef/1_org_zoom.jpg,https://cdn.dsmcdn.com/ty1839/prod/QC_PREP/20260316/13/65ded97d-923e-313a-8b7b-ffeaf68d3628/1_org_zoom.jpg,https://cdn.dsmcdn.com/ty1841/prod/QC_PREP/20260316/13/cd67d9f4-c530-364d-8bae-60d7c45c721b/1_org_zoom.jpg,1,Bugün Kargoda,https://www.trendyol.com/deerderi/aten-hakiki-deri-el-isciligi-kartlik-p-1120043545?merchantId=1155143&filterOverPriceListings=false
TY8681278498502,TY8681278498502,Rhea Hakiki Deri El İşçiliği Kartlık,"KİŞİYE ÖZEL BASKI İÇİN BİZİMLE İLETİŞİME GEÇEBİLİRSİNİZ Kişiye özel baskı istediğinizde termin süresinde herhangi bir değişiklik olmayacaktır.; - Hakiki deri malzemeden üretilmiş, uzun ömürlü kullanım sunar.; - El işçiliği ile özenle hazırlanmış, her bir kartlık benzersiz bir tasarıma sahiptir.; - Şık ve modern tasarımıyla dikkat çeker, günlük kullanım için idealdir.; - Kartlarınızı güvenle taşıyabileceğiniz pratik ve kullanışlı bir aksesuardır.; - Derinin doğal dokusu ve görünümü ile tarzınıza sofistike bir dokunuş katar.;",799.9,799.9,14,8.498.496,Koyu Kahverengi,,Unisex,DEERDERİ,Kartlık,https://cdn.dsmcdn.com/ty1840/prod/QC_PREP/20260316/12/b5374c2f-32fc-35fb-8017-004c5a034f94/1_org_zoom.jpg,https://cdn.dsmcdn.com/ty1840/prod/QC_PREP/20260316/12/8de89865-ca4f-3d8c-82a0-d75a224d04b2/1_org_zoom.jpg,https://cdn.dsmcdn.com/ty1840/prod/QC_PREP/20260316/12/76c7a38c-8201-3b8f-b89f-017f50f13afd/1_org_zoom.jpg,https://cdn.dsmcdn.com/ty1839/prod/QC_PREP/20260316/12/74657ab8-307f-3a1f-808c-b1c2eee2920e/1_org_zoom.jpg,https://cdn.dsmcdn.com/ty1840/prod/QC_PREP/20260316/12/f8d2a8ab-edec-3a17-bfa4-6ee133d067f7/1_org_zoom.jpg,https://cdn.dsmcdn.com/ty1839/prod/QC_PREP/20260316/12/405ebe3c-1fcc-3b12-9e42-7538e7aa34c3/1_org_zoom.jpg,https://cdn.dsmcdn.com/ty1859/prod/QC_ENRICHMENT/20260421/17/22b69f8e-4e72-3583-b16e-d8be2afa99bb/1_org_zoom.jpg,,1,Bugün Kargoda,https://www.trendyol.com/deerderi/rhea-hakiki-deri-el-isciligi-kartlik-p-1120007554?merchantId=1155143&filterOverPriceListings=false
TY8681278498500,TY8681278498500,Rhea Hakiki Deri El İşçiliği Kartlık,"KİŞİYE ÖZEL BASKI İÇİN BİZİMLE İLETİŞİME GEÇEBİLİRSİNİZ Kişiye özel baskı istediğinizde termin süresinde herhangi bir değişiklik olmayacaktır.; - Hakiki deri malzemeden üretilmiş, uzun ömürlü kullanım sunar.; - El işçiliği ile özenle hazırlanmış, her bir kartlık benzersiz bir tasarıma sahiptir.; - Şık ve modern tasarımıyla dikkat çeker, günlük kullanım için idealdir.; - Kartlarınızı güvenle taşıyabileceğiniz pratik ve kullanışlı bir aksesuardır.; - Derinin doğal dokusu ve görünümü ile tarzınıza sofistike bir dokunuş katar.;",799.9,799.9,3,8.498.496,Bordo,,Unisex,DEERDERİ,Kartlık,https://cdn.dsmcdn.com/ty1839/prod/QC_PREP/20260316/12/ffb88a97-1cba-35de-be1c-9e8880046461/1_org_zoom.jpg,https://cdn.dsmcdn.com/ty1840/prod/QC_PREP/20260316/12/98176222-a93e-33ac-82fd-e8a6842c0c30/1_org_zoom.jpg,https://cdn.dsmcdn.com/ty1841/prod/QC_PREP/20260316/12/7e6d6a3f-7cb1-3798-8b8c-f3a6c6bc7028/1_org_zoom.jpg,https://cdn.dsmcdn.com/ty1840/prod/QC_PREP/20260316/12/0cd8637a-101a-33d7-923f-28c087312a4a/1_org_zoom.jpg,https://cdn.dsmcdn.com/ty1839/prod/QC_PREP/20260316/12/09c8d8ab-12fc-3fee-80b3-28277001e1f7/1_org_zoom.jpg,https://cdn.dsmcdn.com/ty1841/prod/QC_PREP/20260316/12/535f5a5b-5e64-3d97-ace5-f77ad307a2c1/1_org_zoom.jpg,https://cdn.dsmcdn.com/ty1839/prod/QC_PREP/20260316/12/24426f41-9844-34be-b57f-9fc2026bb600/1_org_zoom.jpg,https://cdn.dsmcdn.com/ty1840/prod/QC_PREP/20260316/12/2f8dda2e-d162-317e-9d22-09e6831627e4/1_org_zoom.jpg,1,Bugün Kargoda,https://www.trendyol.com/deerderi/rhea-hakiki-deri-el-isciligi-kartlik-p-1120007484?merchantId=1155143&filterOverPriceListings=false
TY8681278498497,TY8681278498497,Rhea Hakiki Deri El İşçiliği Kartlık,"KİŞİYE ÖZEL BASKI İÇİN BİZİMLE İLETİŞİME GEÇEBİLİRSİNİZ Kişiye özel baskı istediğinizde termin süresinde herhangi bir değişiklik olmayacaktır.; - Hakiki deri malzemeden üretilmiş, uzun ömürlü kullanım sunar.; - El işçiliği ile özenle hazırlanmış, her bir kartlık benzersiz bir tasarıma sahiptir.; - Şık ve modern tasarımıyla dikkat çeker, günlük kullanım için idealdir.; - Kartlarınızı güvenle taşıyabileceğiniz pratik ve kullanışlı bir aksesuardır.; - Derinin doğal dokusu ve görünümü ile tarzınıza sofistike bir dokunuş katar.;",799.9,799.9,8,8.498.496,Haki,,Unisex,DEERDERİ,Kartlık,https://cdn.dsmcdn.com/ty1840/prod/QC_PREP/20260316/12/d4c92802-de0d-32c0-b370-ce88683f8a56/1_org_zoom.jpg,https://cdn.dsmcdn.com/ty1841/prod/QC_PREP/20260316/12/402443a5-c4c2-3692-a49a-ca4ac529c5c0/1_org_zoom.jpg,https://cdn.dsmcdn.com/ty1839/prod/QC_PREP/20260316/12/3c2008a4-387b-3b70-b227-76571ee1b425/1_org_zoom.jpg,https://cdn.dsmcdn.com/ty1840/prod/QC_PREP/20260316/12/a172fc1e-1605-3eae-8b88-dc49eef3a17a/1_org_zoom.jpg,https://cdn.dsmcdn.com/ty1841/prod/QC_PREP/20260316/12/5b3c7998-2ca4-36b5-a9e2-3c9d5b95bf1e/1_org_zoom.jpg,https://cdn.dsmcdn.com/ty1839/prod/QC_PREP/20260316/12/483f1b01-1dda-3e98-a01b-f4ab40d44da9/1_org_zoom.jpg,https://cdn.dsmcdn.com/ty1840/prod/QC_PREP/20260316/12/cbf0ae86-1700-37c7-ac09-b2d2fc257438/1_org_zoom.jpg,https://cdn.dsmcdn.com/ty1839/prod/QC_PREP/20260316/12/a4c731c4-ecd7-3d43-b8bc-04ef118cb385/1_org_zoom.jpg,1,Bugün Kargoda,https://www.trendyol.com/deerderi/rhea-hakiki-deri-el-isciligi-kartlik-p-1120007478?merchantId=1155143&filterOverPriceListings=false
TY8681278498501,TY8681278498501,Rhea Hakiki Deri El İşçiliği Kartlık,"KİŞİYE ÖZEL BASKI İÇİN BİZİMLE İLETİŞİME GEÇEBİLİRSİNİZ Kişiye özel baskı istediğinizde termin süresinde herhangi bir değişiklik olmayacaktır.; - Hakiki deri malzemeden üretilmiş, uzun ömürlü kullanım sunar.; - El işçiliği ile özenle hazırlanmış, her bir kartlık benzersiz bir tasarıma sahiptir.; - Şık ve modern tasarımıyla dikkat çeker, günlük kullanım için idealdir.; - Kartlarınızı güvenle taşıyabileceğiniz pratik ve kullanışlı bir aksesuardır.; - Derinin doğal dokusu ve görünümü ile tarzınıza sofistike bir dokunuş katar.;",799.9,799.9,16,8.498.496,Gri,,Unisex,DEERDERİ,Kartlık,https://cdn.dsmcdn.com/ty1839/prod/QC_PREP/20260316/12/86e1b329-2233-38a9-af9c-9c0a2adf874d/1_org_zoom.jpg,https://cdn.dsmcdn.com/ty1841/prod/QC_PREP/20260316/12/fd772459-55c5-37c2-8d07-696eea9c1ad9/1_org_zoom.jpg,https://cdn.dsmcdn.com/ty1841/prod/QC_PREP/20260316/12/51be212d-a7e3-344a-8aee-d5fdbea489ee/1_org_zoom.jpg,https://cdn.dsmcdn.com/ty1841/prod/QC_PREP/20260316/12/3e7fef21-ca1c-36e9-bdc7-ebff92139c74/1_org_zoom.jpg,https://cdn.dsmcdn.com/ty1839/prod/QC_PREP/20260316/12/662a79bb-f91f-3577-8977-e7e8d20772a3/1_org_zoom.jpg,https://cdn.dsmcdn.com/ty1841/prod/QC_PREP/20260316/12/9f412ef9-2b0c-3d7e-8c39-40e8b455630a/1_org_zoom.jpg,https://cdn.dsmcdn.com/ty1841/prod/QC_PREP/20260316/12/b6a0eede-f7e1-3798-afab-ce67464a8c8a/1_org_zoom.jpg,https://cdn.dsmcdn.com/ty1857/prod/QC_ENRICHMENT/20260421/17/92ff92d5-c7d8-3647-8cf0-2e9eefe2cd0e/1_org_zoom.jpg,1,Bugün Kargoda,https://www.trendyol.com/deerderi/rhea-hakiki-deri-el-isciligi-kartlik-p-1120007469?merchantId=1155143&filterOverPriceListings=false
TY8681278498499,TY8681278498499,Rhea Hakiki Deri El İşçiliği Kartlık,"KİŞİYE ÖZEL BASKI İÇİN BİZİMLE İLETİŞİME GEÇEBİLİRSİNİZ Kişiye özel baskı istediğinizde termin süresinde herhangi bir değişiklik olmayacaktır.; - Hakiki deri malzemeden üretilmiş, uzun ömürlü kullanım sunar.; - El işçiliği ile özenle hazırlanmış, her bir kartlık benzersiz bir tasarıma sahiptir.; - Şık ve modern tasarımıyla dikkat çeker, günlük kullanım için idealdir.; - Kartlarınızı güvenle taşıyabileceğiniz pratik ve kullanışlı bir aksesuardır.; - Derinin doğal dokusu ve görünümü ile tarzınıza sofistike bir dokunuş katar.;",799.9,799.9,6,8.498.496,Lacivert,,Unisex,DEERDERİ,Kartlık,https://cdn.dsmcdn.com/ty1841/prod/QC_PREP/20260316/12/4c7a73b7-87ab-321e-b8a1-f2f5c214c4e6/1_org_zoom.jpg,https://cdn.dsmcdn.com/ty1840/prod/QC_PREP/20260316/12/626d54f1-ee59-32a2-bad7-f29bdfd2edcb/1_org_zoom.jpg,https://cdn.dsmcdn.com/ty1841/prod/QC_PREP/20260316/12/24e4cb62-b01b-3143-80e6-5d8532306ae3/1_org_zoom.jpg,https://cdn.dsmcdn.com/ty1841/prod/QC_PREP/20260316/12/3a00b879-51fc-3a9d-99f5-cb170f33dc89/1_org_zoom.jpg,https://cdn.dsmcdn.com/ty1840/prod/QC_PREP/20260316/12/c4089b56-1565-3077-b088-a16e88bffcc8/1_org_zoom.jpg,https://cdn.dsmcdn.com/ty1841/prod/QC_PREP/20260316/12/00250fbe-e1c3-358b-8c12-31c918ad656d/1_org_zoom.jpg,https://cdn.dsmcdn.com/ty1839/prod/QC_PREP/20260316/12/468f2fac-0500-38de-ae4a-1ffdee64ec10/1_org_zoom.jpg,https://cdn.dsmcdn.com/ty1840/prod/QC_PREP/20260316/12/5a4975bc-f2fc-3c9e-8301-ff3c9ca29d2c/1_org_zoom.jpg,1,Bugün Kargoda,https://www.trendyol.com/deerderi/rhea-hakiki-deri-el-isciligi-kartlik-p-1120007466?merchantId=1155143&filterOverPriceListings=false
TY8681278498498,TY8681278498498,Rhea Hakiki Deri El İşçiliği Kartlık,"KİŞİYE ÖZEL BASKI İÇİN BİZİMLE İLETİŞİME GEÇEBİLİRSİNİZ Kişiye özel baskı istediğinizde termin süresinde herhangi bir değişiklik olmayacaktır.; - Hakiki deri malzemeden üretilmiş, uzun ömürlü kullanım sunar.; - El işçiliği ile özenle hazırlanmış, her bir kartlık benzersiz bir tasarıma sahiptir.; - Şık ve modern tasarımıyla dikkat çeker, günlük kullanım için idealdir.; - Kartlarınızı güvenle taşıyabileceğiniz pratik ve kullanışlı bir aksesuardır.; - Derinin doğal dokusu ve görünümü ile tarzınıza sofistike bir dokunuş katar.;",799.9,799.9,10,8.498.496,Kahverengi,,Unisex,DEERDERİ,Kartlık,https://cdn.dsmcdn.com/ty1840/prod/QC_PREP/20260316/12/48f6fab2-1b10-3d20-9b33-5ebd491b6362/1_org_zoom.jpg,https://cdn.dsmcdn.com/ty1839/prod/QC_PREP/20260316/12/b59be266-d87f-3ade-a7f0-2a7e1441284b/1_org_zoom.jpg,https://cdn.dsmcdn.com/ty1839/prod/QC_PREP/20260316/12/19cdfdff-06ee-36d0-9129-cfd6fe1f7640/1_org_zoom.jpg,https://cdn.dsmcdn.com/ty1840/prod/QC_PREP/20260316/12/bb31d813-0d6c-365b-9211-af75499ad026/1_org_zoom.jpg,https://cdn.dsmcdn.com/ty1840/prod/QC_PREP/20260316/12/6c2c52f7-2e74-3490-a532-ce4465c600a2/1_org_zoom.jpg,https://cdn.dsmcdn.com/ty1840/prod/QC_PREP/20260316/12/d9841678-3239-39e0-bea7-7e58c6c90779/1_org_zoom.jpg,https://cdn.dsmcdn.com/ty1839/prod/QC_PREP/20260316/12/07cd9ffe-fcf7-3c83-b159-d8fd7efb375a/1_org_zoom.jpg,https://cdn.dsmcdn.com/ty1839/prod/QC_PREP/20260316/12/17fe8aaf-1051-36ef-b531-08efb36d02b9/1_org_zoom.jpg,1,Bugün Kargoda,https://www.trendyol.com/deerderi/rhea-hakiki-deri-el-isciligi-kartlik-p-1120007465?merchantId=1155143&filterOverPriceListings=false
TY8681278498492,TY8681278498492,Akılllı Mekanizmalı Mıknatıslı Hakiki Deri El İşçilikli Cüzdan,- Akıllı mekanizmalı tasarımı sayesinde kartlarınızı kolayca çıkarıp takabilirsiniz.; - Mıknatıslı yapısı ile cüzdanınızın güvenliğini artırır ve kartlarınızın kaybolmasını önler.; - Hakiki deri malzemesiyle uzun ömürlü kullanım sunar ve şık bir görünüm sağlar.; - El işçiliği detaylarıyla her bir cüzdan benzersizdir ve kaliteyi hissettirir.; - Günlük kullanım için idealdir; hem pratik hem de stil sahibi bir aksesuardır.;,999.9,999.9,4,145.646,Siyah,,Erkek,DEERDERİ,Kartlık,https://cdn.dsmcdn.com/ty1835/prod/QC_PREP/20260309/11/110e2161-6ae9-3aa1-94b1-372b84cdc3b2/1_org_zoom.jpg,https://cdn.dsmcdn.com/ty1833/prod/QC_PREP/20260309/11/c37f7502-6f72-3301-a6b9-a7652b8843e5/1_org_zoom.jpg,https://cdn.dsmcdn.com/ty1835/prod/QC_PREP/20260309/11/58ec3073-ce87-3513-9261-a654e7432c62/1_org_zoom.jpg,https://cdn.dsmcdn.com/ty1836/prod/QC_ENRICHMENT/20260310/01/63db2a5d-51b6-343c-a436-a3c5a5da9f46/1_org_zoom.jpg,https://cdn.dsmcdn.com/ty1836/prod/QC_ENRICHMENT/20260310/01/9e500712-798d-3bc2-8f0c-d24fd6486138/1_org_zoom.jpg,https://cdn.dsmcdn.com/ty1838/prod/QC_ENRICHMENT/20260310/01/54ddf320-3bdc-3c43-bc21-34f9b3354ec1/1_org_zoom.jpg,https://cdn.dsmcdn.com/ty1838/prod/QC_ENRICHMENT/20260310/01/eaf422b2-8043-3a29-b5bd-33685d312720/1_org_zoom.jpg,https://cdn.dsmcdn.com/ty1839/prod/QC_ENRICHMENT/20260316/12/bbb1065e-e72a-3305-a29c-81beb59f17be/1_org_zoom.jpg,1,Bugün Kargoda,https://www.trendyol.com/deerderi/akillli-mekanizmali-miknatisli-hakiki-deri-el-iscilikli-cuzdan-p-1116260258?merchantId=1155143&filterOverPriceListings=false
TY8681278498489,TY8681278498489,Akılllı Mekanizmalı Mıknatıslı Hakiki Deri El İşçilikli Cüzdan,- Akıllı mekanizmalı tasarımı sayesinde kartlarınızı kolayca çıkarıp takabilirsiniz.; - Mıknatıslı yapısı ile cüzdanınızın güvenliğini artırır ve kartlarınızın kaybolmasını önler.; - Hakiki deri malzemesiyle uzun ömürlü kullanım sunar ve şık bir görünüm sağlar.; - El işçiliği detaylarıyla her bir cüzdan benzersizdir ve kaliteyi hissettirir.; - Günlük kullanım için idealdir; hem pratik hem de stil sahibi bir aksesuardır.;,999.9,999.9,10,145.646,Guti Lacivert,,Erkek,DEERDERİ,Kartlık,https://cdn.dsmcdn.com/ty1835/prod/QC_PREP/20260309/11/f48c3c09-b870-3ef4-90fc-246c81ac415d/1_org_zoom.jpg,https://cdn.dsmcdn.com/ty1833/prod/QC_PREP/20260309/11/c3b86fa7-3d1c-39f6-a13c-4e0831071a42/1_org_zoom.jpg,https://cdn.dsmcdn.com/ty1833/prod/QC_PREP/20260309/11/652083eb-dec3-3eff-8d8d-7c917bc95185/1_org_zoom.jpg,https://cdn.dsmcdn.com/ty1834/prod/QC_ENRICHMENT/20260309/13/bb1a3f92-e0fc-35d6-a92e-2e5650cf41ea/1_org_zoom.jpg,https://cdn.dsmcdn.com/ty1835/prod/QC_ENRICHMENT/20260309/13/2f2c2cf4-2521-34e4-9503-02ed3a52e170/1_org_zoom.jpg,https://cdn.dsmcdn.com/ty1833/prod/QC_ENRICHMENT/20260309/13/70760a66-d726-3988-8289-f85b752f774f/1_org_zoom.jpg,https://cdn.dsmcdn.com/ty1833/prod/QC_ENRICHMENT/20260309/13/cecc95c1-2837-39e6-b719-ea0d516be847/1_org_zoom.jpg,https://cdn.dsmcdn.com/ty1859/prod/QC_ENRICHMENT/20260421/17/7a704cba-b047-38a0-8fa6-ea0fd7e4adb2/1_org_zoom.jpg,1,Bugün Kargoda,https://www.trendyol.com/deerderi/akillli-mekanizmali-miknatisli-hakiki-deri-el-iscilikli-cuzdan-p-1116260252?merchantId=1155143&filterOverPriceListings=false
TY8681278498490,TY8681278498490,Akılllı Mekanizmalı Mıknatıslı Hakiki Deri El İşçilikli Cüzdan,- Akıllı mekanizmalı tasarımı sayesinde kartlarınızı kolayca çıkarıp takabilirsiniz.; - Mıknatıslı yapısı ile cüzdanınızın güvenliğini artırır ve kartlarınızın kaybolmasını önler.; - Hakiki deri malzemesiyle uzun ömürlü kullanım sunar ve şık bir görünüm sağlar.; - El işçiliği detaylarıyla her bir cüzdan benzersizdir ve kaliteyi hissettirir.; - Günlük kullanım için idealdir; hem pratik hem de stil sahibi bir aksesuardır.;,999.9,999.9,3,145.646,Taba,,Erkek,DEERDERİ,Kartlık,https://cdn.dsmcdn.com/ty1833/prod/QC_PREP/20260309/11/5082d0ef-77fd-3e54-a5f7-6c0daf588e3c/1_org_zoom.jpg,https://cdn.dsmcdn.com/ty1834/prod/QC_PREP/20260309/11/996f3425-4fc0-3909-9f2e-d5ca825d0417/1_org_zoom.jpg,https://cdn.dsmcdn.com/ty1834/prod/QC_PREP/20260309/11/c50962ec-538f-3427-9100-cbcf862b8161/1_org_zoom.jpg,https://cdn.dsmcdn.com/ty1834/prod/QC_ENRICHMENT/20260309/16/80707caa-fdbb-3c73-b63b-9c92abe3f727/1_org_zoom.jpg,https://cdn.dsmcdn.com/ty1835/prod/QC_ENRICHMENT/20260309/16/e4aef0e3-39e1-33a6-b210-8ea643a1840a/1_org_zoom.jpg,https://cdn.dsmcdn.com/ty1833/prod/QC_ENRICHMENT/20260309/16/633219bb-433c-30b3-a036-ffa3d4a4f61e/1_org_zoom.jpg,https://cdn.dsmcdn.com/ty1834/prod/QC_ENRICHMENT/20260309/16/1425c84c-2583-3086-bc3c-2e10c7cf81ae/1_org_zoom.jpg,,1,Bugün Kargoda,https://www.trendyol.com/deerderi/akillli-mekanizmali-miknatisli-hakiki-deri-el-iscilikli-cuzdan-p-1116259849?merchantId=1155143&filterOverPriceListings=false
TY8681278498488,TY8681278498488,Akılllı Mekanizmalı Mıknatıslı Hakiki Deri El İşçilikli Cüzdan,- Akıllı mekanizmalı tasarımı sayesinde kartlarınızı kolayca çıkarıp takabilirsiniz.; - Mıknatıslı yapısı ile cüzdanınızın güvenliğini artırır ve kartlarınızın kaybolmasını önler.; - Hakiki deri malzemesiyle uzun ömürlü kullanım sunar ve şık bir görünüm sağlar.; - El işçiliği detaylarıyla her bir cüzdan benzersizdir ve kaliteyi hissettirir.; - Günlük kullanım için idealdir; hem pratik hem de stil sahibi bir aksesuardır.;,999.9,999.9,7,145.646,Lacivert,,Erkek,DEERDERİ,Kartlık,https://cdn.dsmcdn.com/ty1834/prod/QC_PREP/20260309/11/aec1771c-2c8c-3aeb-bb67-dc9f7d983e2b/1_org_zoom.jpg,https://cdn.dsmcdn.com/ty1835/prod/QC_PREP/20260309/11/5ba4c702-ad51-3717-a6cb-2bc069b7c79a/1_org_zoom.jpg,https://cdn.dsmcdn.com/ty1833/prod/QC_PREP/20260309/11/fc53cf4e-a386-3eb3-a363-2130bc237544/1_org_zoom.jpg,,,,,,1,Bugün Kargoda,https://www.trendyol.com/deerderi/akillli-mekanizmali-miknatisli-hakiki-deri-el-iscilikli-cuzdan-p-1116259848?merchantId=1155143&filterOverPriceListings=false
TY8681278498491,TY8681278498491,Akılllı Mekanizmalı Mıknatıslı Hakiki Deri El İşçilikli Cüzdan,- Akıllı mekanizmalı tasarımı sayesinde kartlarınızı kolayca çıkarıp takabilirsiniz.; - Mıknatıslı yapısı ile cüzdanınızın güvenliğini artırır ve kartlarınızın kaybolmasını önler.; - Hakiki deri malzemesiyle uzun ömürlü kullanım sunar ve şık bir görünüm sağlar.; - El işçiliği detaylarıyla her bir cüzdan benzersizdir ve kaliteyi hissettirir.; - Günlük kullanım için idealdir; hem pratik hem de stil sahibi bir aksesuardır.;,999.9,999.9,1,145.646,Kahverengi,,Erkek,DEERDERİ,Kartlık,https://cdn.dsmcdn.com/ty1835/prod/QC_PREP/20260309/11/1ea4e002-95df-35f6-966c-50ecdf49de42/1_org_zoom.jpg,https://cdn.dsmcdn.com/ty1835/prod/QC_PREP/20260309/11/e35210c5-c809-3e2e-aadd-bdba0dbd312c/1_org_zoom.jpg,https://cdn.dsmcdn.com/ty1834/prod/QC_PREP/20260309/11/c1688fb6-d29e-3305-9283-2eea2d6493c4/1_org_zoom.jpg,https://cdn.dsmcdn.com/ty1834/prod/QC_PREP/20260309/11/1e8ea95c-ccdf-3149-b8aa-82e0bd3ccc9c/1_org_zoom.jpg,,,,,1,Bugün Kargoda,https://www.trendyol.com/deerderi/akillli-mekanizmali-miknatisli-hakiki-deri-el-iscilikli-cuzdan-p-1116259846?merchantId=1155143&filterOverPriceListings=false
TY8681278498487,TY8681278498487,Akılllı Mekanizmalı Mıknatıslı Hakiki Deri El İşçilikli Cüzdan,- Akıllı mekanizmalı tasarımı sayesinde kartlarınızı kolayca çıkarıp takabilirsiniz.; - Mıknatıslı yapısı ile cüzdanınızın güvenliğini artırır ve kartlarınızın kaybolmasını önler.; - Hakiki deri malzemesiyle uzun ömürlü kullanım sunar ve şık bir görünüm sağlar.; - El işçiliği detaylarıyla her bir cüzdan benzersizdir ve kaliteyi hissettirir.; - Günlük kullanım için idealdir; hem pratik hem de stil sahibi bir aksesuardır.;,999.9,999.9,5,145.646,Kırmızı,,Erkek,DEERDERİ,Kartlık,https://cdn.dsmcdn.com/ty1834/prod/QC_PREP/20260309/11/a56ff3fd-2d57-3ea3-8eeb-03819c08dc66/1_org_zoom.jpg,https://cdn.dsmcdn.com/ty1835/prod/QC_PREP/20260309/11/d65c16e7-f4a0-3fd9-877a-69bfd6a5272e/1_org_zoom.jpg,https://cdn.dsmcdn.com/ty1834/prod/QC_PREP/20260309/11/cf827ab5-a928-38e9-8401-ecc24866136a/1_org_zoom.jpg,https://cdn.dsmcdn.com/ty1839/prod/QC_ENRICHMENT/20260316/12/a75ae903-0643-3cea-9bc9-7056dfb71db2/1_org_zoom.jpg,,,,,1,Bugün Kargoda,https://www.trendyol.com/deerderi/akillli-mekanizmali-miknatisli-hakiki-deri-el-iscilikli-cuzdan-p-1116259842?merchantId=1155143&filterOverPriceListings=false
TY8681278498485,TY8681278498485,Akılllı Mekanizmalı Mıknatıslı Hakiki Deri El İşçilikli Cüzdan,- Akıllı mekanizmalı tasarımı sayesinde kartlarınızı kolayca çıkarıp takabilirsiniz.; - Mıknatıslı yapısı ile cüzdanınızın güvenliğini artırır ve kartlarınızın kaybolmasını önler.; - Hakiki deri malzemesiyle uzun ömürlü kullanım sunar ve şık bir görünüm sağlar.; - El işçiliği detaylarıyla her bir cüzdan benzersizdir ve kaliteyi hissettirir.; - Günlük kullanım için idealdir; hem pratik hem de stil sahibi bir aksesuardır.;,999.9,999.9,4,145.646,Haki,,Erkek,DEERDERİ,Kartlık,https://cdn.dsmcdn.com/ty1834/prod/QC_PREP/20260309/11/45878c2b-6808-3e25-833c-4a33f93d36e5/1_org_zoom.jpg,https://cdn.dsmcdn.com/ty1835/prod/QC_PREP/20260309/11/c8db88de-4d45-392d-94d6-595ad229af08/1_org_zoom.jpg,https://cdn.dsmcdn.com/ty1833/prod/QC_PREP/20260309/11/28285c02-8a04-3f6b-8be5-a0e40240fc46/1_org_zoom.jpg,https://cdn.dsmcdn.com/ty1858/prod/QC_ENRICHMENT/20260421/17/7ae03be2-a059-37f1-9c84-830b2a021955/1_org_zoom.jpg,,,,,1,Bugün Kargoda,https://www.trendyol.com/deerderi/akillli-mekanizmali-miknatisli-hakiki-deri-el-iscilikli-cuzdan-p-1116259841?merchantId=1155143&filterOverPriceListings=false
TY8681278498486,TY8681278498486,Akılllı Mekanizmalı Mıknatıslı Hakiki Deri El İşçilikli Cüzdan,- Akıllı mekanizmalı tasarımı sayesinde kartlarınızı kolayca çıkarıp takabilirsiniz.; - Mıknatıslı yapısı ile cüzdanınızın güvenliğini artırır ve kartlarınızın kaybolmasını önler.; - Hakiki deri malzemesiyle uzun ömürlü kullanım sunar ve şık bir görünüm sağlar.; - El işçiliği detaylarıyla her bir cüzdan benzersizdir ve kaliteyi hissettirir.; - Günlük kullanım için idealdir; hem pratik hem de stil sahibi bir aksesuardır.;,999.9,999.9,4,145.646,Bordo,,Erkek,DEERDERİ,Kartlık,https://cdn.dsmcdn.com/ty1833/prod/QC_PREP/20260309/11/48fec84f-5019-371b-9c5b-16197cdb8c86/1_org_zoom.jpg,https://cdn.dsmcdn.com/ty1833/prod/QC_PREP/20260309/11/6496fe83-31d9-317c-b2f5-2e0f288c6284/1_org_zoom.jpg,https://cdn.dsmcdn.com/ty1834/prod/QC_PREP/20260309/11/6fe9f4ce-f791-3cc1-81cc-ee9f3f50ac57/1_org_zoom.jpg,,,,,,1,Bugün Kargoda,https://www.trendyol.com/deerderi/akillli-mekanizmali-miknatisli-hakiki-deri-el-iscilikli-cuzdan-p-1116259837?merchantId=1155143&filterOverPriceListings=false
TY8681278498482,TY8681278498482,Artemis Hakiki Deri Cüzdan,"- Yüksek kaliteli hakiki deri malzemeden üretilmiş, uzun ömürlü kullanım sunar.; - Şık ve modern tasarımıyla her tarza uyum sağlar, günlük kullanım için idealdir.; - İç bölmeleri sayesinde kartlarınızı, banknotlarınızı ve kimliklerinizi düzenli bir şekilde saklayabilirsiniz.; - Dayanıklı dikişleri ve sağlam yapısıyla uzun süreli kullanım vaat eder.; - Zarif görünümüyle hem erkekler hem de kadınlar için mükemmel bir aksesuar seçeneği sunar.;",1099.9,1099.9,36,4.646.485,Siyah,,Unisex,DEERDERİ,Cüzdan,https://cdn.dsmcdn.com/ty1833/prod/QC_PREP/20260306/12/bc677001-9a80-30bc-a47e-3d418fb552da/1_org_zoom.jpg,https://cdn.dsmcdn.com/ty1834/prod/QC_PREP/20260306/12/80201680-dc8a-3334-917f-0f79f8368a5b/1_org_zoom.jpg,https://cdn.dsmcdn.com/ty1858/prod/QC_ENRICHMENT/20260421/17/c40609d1-a3f9-3173-a7b7-0e9f72fb03b1/1_org_zoom.jpg,https://cdn.dsmcdn.com/ty1834/prod/QC_PREP/20260306/12/df2b8a02-b456-3767-a13a-1bdcba225bbd/1_org_zoom.jpg,https://cdn.dsmcdn.com/ty1833/prod/QC_PREP/20260306/12/363c826d-1554-385b-8e0b-f19ab526b4c4/1_org_zoom.jpg,https://cdn.dsmcdn.com/ty1835/prod/QC_PREP/20260306/12/12ed4c25-8589-3d0c-a87c-b2edc3a804b4/1_org_zoom.jpg,https://cdn.dsmcdn.com/ty1834/prod/QC_PREP/20260306/12/300cb323-eb11-3244-8933-7b67ec9a18c7/1_org_zoom.jpg,,1,Bugün Kargoda,https://www.trendyol.com/deerderi/artemis-hakiki-deri-cuzdan-p-1115039344?merchantId=1155143&filterOverPriceListings=false
TY8681278498483,TY8681278498483,Artemis Hakiki Deri Cüzdan,"- Yüksek kaliteli hakiki deri malzemeden üretilmiş, uzun ömürlü kullanım sunar.; - Şık ve modern tasarımıyla her tarza uyum sağlar, günlük kullanım için idealdir.; - İç bölmeleri sayesinde kartlarınızı, banknotlarınızı ve kimliklerinizi düzenli bir şekilde saklayabilirsiniz.; - Dayanıklı dikişleri ve sağlam yapısıyla uzun süreli kullanım vaat eder.; - Zarif görünümüyle hem erkekler hem de kadınlar için mükemmel bir aksesuar seçeneği sunar.;",1099.9,1099.9,1,4.646.485,Taba,,Unisex,DEERDERİ,Cüzdan,https://cdn.dsmcdn.com/ty1834/prod/QC_PREP/20260306/12/4e946ceb-e9c4-32a2-b440-772bc4cc97cf/1_org_zoom.jpg,https://cdn.dsmcdn.com/ty1834/prod/QC_PREP/20260306/12/23ab7066-78e4-3349-943e-05dc701bb00c/1_org_zoom.jpg,https://cdn.dsmcdn.com/ty1833/prod/QC_PREP/20260306/12/c9cb7b90-af26-3c0e-9a0e-07bf870774e7/1_org_zoom.jpg,https://cdn.dsmcdn.com/ty1834/prod/QC_PREP/20260306/12/f1a7ca80-d8a8-30ed-b11d-2392a382a0fd/1_org_zoom.jpg,,,,,1,Bugün Kargoda,https://www.trendyol.com/deerderi/artemis-hakiki-deri-cuzdan-p-1115038848?merchantId=1155143&filterOverPriceListings=false
TY8681278498484,TY8681278498484,Artemis Hakiki Deri Cüzdan,"- Yüksek kaliteli hakiki deri malzemeden üretilmiş, uzun ömürlü kullanım sunar.; - Şık ve modern tasarımıyla her tarza uyum sağlar, günlük kullanım için idealdir.; - İç bölmeleri sayesinde kartlarınızı, banknotlarınızı ve kimliklerinizi düzenli bir şekilde saklayabilirsiniz.; - Dayanıklı dikişleri ve sağlam yapısıyla uzun süreli kullanım vaat eder.; - Zarif görünümüyle hem erkekler hem de kadınlar için mükemmel bir aksesuar seçeneği sunar.;",1099.9,1099.9,5,4.646.485,Bordo,,Unisex,DEERDERİ,Cüzdan,https://cdn.dsmcdn.com/ty1833/prod/QC_PREP/20260306/12/5c18fd9d-0434-36f8-a3a9-214f05f69999/1_org_zoom.jpg,https://cdn.dsmcdn.com/ty1835/prod/QC_PREP/20260306/12/2e84e2db-85fe-3f3f-9e96-700e74782b2a/1_org_zoom.jpg,https://cdn.dsmcdn.com/ty1834/prod/QC_PREP/20260306/12/68e602c8-26a4-301a-a79a-e21485dab83c/1_org_zoom.jpg,https://cdn.dsmcdn.com/ty1835/prod/QC_PREP/20260306/12/c3cb59bc-7cae-3d88-bb93-dc6db01b7080/1_org_zoom.jpg,https://cdn.dsmcdn.com/ty1833/prod/QC_PREP/20260306/12/db858e2d-77e2-3bf8-ae01-68445957c689/1_org_zoom.jpg,,,,1,Bugün Kargoda,https://www.trendyol.com/deerderi/artemis-hakiki-deri-cuzdan-p-1115038815?merchantId=1155143&filterOverPriceListings=false
TY8681278498481,TY8681278498481,Herakles Hakiki Deri El Çantası,"- Hakiki deri malzemesiyle uzun ömürlü kullanım sunar ve dayanıklılığı artırır.; - Şık ve modern tasarımıyla günlük kullanım için idealdir.; - Geniş iç hacmi sayesinde kişisel eşyalarınızı rahatça taşımanızı sağlar.; - Fermuarlı yapısı, eşyalarınızın güvenliğini korur ve kolay erişim imkanı sunar.; - Ergonomik sap tasarımı, konforlu taşıma deneyimi sağlar.;",1999.9,1999.9,1,1.564.163,Kahverengi,,Erkek,DEERDERİ,El Çantası,https://cdn.dsmcdn.com/ty1833/prod/QC_PREP/20260306/11/dd463851-da99-374f-b1fe-72c6ff3e49b2/1_org_zoom.jpg,https://cdn.dsmcdn.com/ty1835/prod/QC_PREP/20260306/11/a449d6fc-d0b2-376c-ad6f-abc90061d455/1_org_zoom.jpg,https://cdn.dsmcdn.com/ty1835/prod/QC_PREP/20260306/11/91a2fd52-d5d4-31e2-9a7c-30e2bd69d90f/1_org_zoom.jpg,https://cdn.dsmcdn.com/ty1835/prod/QC_PREP/20260306/11/e78fbc72-2811-32d5-988f-f58c682d5781/1_org_zoom.jpg,https://cdn.dsmcdn.com/ty1834/prod/QC_PREP/20260306/11/54ca9297-0951-3002-b077-08c12f30465e/1_org_zoom.jpg,,,,1,Bugün Kargoda,https://www.trendyol.com/deerderi/herakles-hakiki-deri-el-cantasi-p-1115020492?merchantId=1155143&filterOverPriceListings=false
TY8681278498480,TY8681278498480,Herakles Hakiki Deri El Çantası,"- Hakiki deri malzemesiyle uzun ömürlü kullanım sunar ve dayanıklılığı artırır.; - Şık ve modern tasarımıyla günlük kullanım için idealdir.; - Geniş iç hacmi sayesinde kişisel eşyalarınızı rahatça taşımanızı sağlar.; - Fermuarlı yapısı, eşyalarınızın güvenliğini korur ve kolay erişim imkanı sunar.; - Ergonomik sap tasarımı, konforlu taşıma deneyimi sağlar.;",1999.9,1999.9,1,1.564.163,Siyah,,Erkek,DEERDERİ,El Çantası,https://cdn.dsmcdn.com/ty1833/prod/QC_PREP/20260306/11/13042422-7960-378b-9290-768c7708e16f/1_org_zoom.jpg,https://cdn.dsmcdn.com/ty1834/prod/QC_PREP/20260306/11/b107cdc2-7929-3af0-b228-2c284546252a/1_org_zoom.jpg,https://cdn.dsmcdn.com/ty1835/prod/QC_PREP/20260306/11/4b9d10c7-591b-37f6-863b-9767dbd1556c/1_org_zoom.jpg,https://cdn.dsmcdn.com/ty1834/prod/QC_PREP/20260306/11/7d46638b-fbd3-36df-aded-464f8be32b3c/1_org_zoom.jpg,https://cdn.dsmcdn.com/ty1835/prod/QC_PREP/20260306/11/1ad27da7-02ba-34b3-9ae6-7b88ba4d85e3/1_org_zoom.jpg,,,,1,Bugün Kargoda,https://www.trendyol.com/deerderi/herakles-hakiki-deri-el-cantasi-p-1115020491?merchantId=1155143&filterOverPriceListings=false
TY8684894949155,TY8684894949155,Poseidon Hakiki Deri El Çantası,"- Yüksek kaliteli hakiki deri malzemesi ile üretilmiş, uzun ömürlü kullanım sunar.; - Şık ve modern tasarımıyla her türlü kıyafetle kolayca kombinlenebilir.; - Geniş iç hacmi sayesinde günlük eşyalarınızı rahatça taşımanızı sağlar.; - Dayanıklı dikişleri ve sağlam fermuarları ile güvenilir bir kullanım deneyimi sunar.; - Klasik ve zamansız tasarımı ile her mevsim tercih edilebilir.;",2999.9,2999.9,2,DD123476,Siyah,,Unisex,DEERDERİ,El Çantası,https://cdn.dsmcdn.com/ty1835/prod/QC_PREP/20260306/11/e8406ff9-5b31-3b4f-a6df-ac29d8d2d6cf/1_org_zoom.jpg,https://cdn.dsmcdn.com/ty1834/prod/QC_PREP/20260306/11/f38728ac-c43c-3cd4-b8e2-183714e7da91/1_org_zoom.jpg,https://cdn.dsmcdn.com/ty1835/prod/QC_PREP/20260306/11/e2801ad3-39fa-3065-baf2-192ff135957e/1_org_zoom.jpg,https://cdn.dsmcdn.com/ty1833/prod/QC_PREP/20260306/11/0fa56ec5-0712-3041-8e58-1ea1222f6df9/1_org_zoom.jpg,https://cdn.dsmcdn.com/ty1833/prod/QC_PREP/20260306/11/95ad636f-f6f7-3549-ba34-51d70870656a/1_org_zoom.jpg,https://cdn.dsmcdn.com/ty1835/prod/QC_ENRICHMENT/20260309/13/62c5575a-964a-3d2e-b28b-65239a18a692/1_org_zoom.jpg,https://cdn.dsmcdn.com/ty1834/prod/QC_ENRICHMENT/20260309/13/fcbbe5f5-1ed6-3986-8c8d-31bcff285fef/1_org_zoom.jpg,https://cdn.dsmcdn.com/ty1835/prod/QC_ENRICHMENT/20260309/13/244458ef-9ba9-30fa-be5d-4ecf2f7148ca/1_org_zoom.jpg,1,Bugün Kargoda,https://www.trendyol.com/deerderi/poseidon-hakiki-deri-el-cantasi-p-1115017543?merchantId=1155143&filterOverPriceListings=false
TY8684894949133,TY8684894949133,Poseidon Hakiki Deri El Çantası,"- Yüksek kaliteli hakiki deri malzemesi ile üretilmiş, uzun ömürlü kullanım sunar.; - Şık ve modern tasarımıyla her türlü kıyafetle kolayca kombinlenebilir.; - Geniş iç hacmi sayesinde günlük eşyalarınızı rahatça taşımanızı sağlar.; - Dayanıklı dikişleri ve sağlam fermuarları ile güvenilir bir kullanım deneyimi sunar.; - Klasik ve zamansız tasarımı ile her mevsim tercih edilebilir.;",2999.9,2999.9,1,DD123476,Taba,,Unisex,DEERDERİ,El Çantası,https://cdn.dsmcdn.com/ty1833/prod/QC_PREP/20260306/11/f235d3eb-fcd1-3ccb-8c61-87a447e99cb5/1_org_zoom.jpg,https://cdn.dsmcdn.com/ty1833/prod/QC_PREP/20260306/11/6af14c70-c54f-357a-9ff2-f02ee4ff9531/1_org_zoom.jpg,https://cdn.dsmcdn.com/ty1834/prod/QC_PREP/20260306/11/a719ebf6-5a8d-388a-a852-3f31179785d4/1_org_zoom.jpg,https://cdn.dsmcdn.com/ty1834/prod/QC_PREP/20260306/11/9b2ee741-fcf4-3161-8006-fb1824822e86/1_org_zoom.jpg,https://cdn.dsmcdn.com/ty1833/prod/QC_PREP/20260306/11/a6680247-2215-3560-a197-4b71b920163e/1_org_zoom.jpg,https://cdn.dsmcdn.com/ty1835/prod/QC_PREP/20260306/11/2e8acb8a-316a-3f1f-8192-eb0b8851be64/1_org_zoom.jpg,,,1,Bugün Kargoda,https://www.trendyol.com/deerderi/poseidon-hakiki-deri-el-cantasi-p-1115017542?merchantId=1155143&filterOverPriceListings=false
TY8681278498479,TY8681278498479,Her Çantaya Sığabilecek Ölçüde Hakiki Deri Juno Model Sihirli Kadın Cüzdanı Anneler Günü Hediyesi,,1199.9,1199.9,10,6.546.546,Siyah,,Kadın / Kız,DEERDERİ,Cüzdan,https://cdn.dsmcdn.com/ty1835/prod/QC_PREP/20260306/10/98d17a2d-49bc-3c91-a544-bb9a15f77d1d/1_org_zoom.jpg,https://cdn.dsmcdn.com/ty1834/prod/QC_PREP/20260306/10/8f17cf4f-0f86-376e-bcf7-09d19b7e0b0c/1_org_zoom.jpg,https://cdn.dsmcdn.com/ty1834/prod/QC_PREP/20260306/10/71e6ad83-4c2d-304c-9b4f-05da41266126/1_org_zoom.jpg,https://cdn.dsmcdn.com/ty1834/prod/QC_PREP/20260306/10/f6734526-02a3-31de-a690-bde05e3e2ddc/1_org_zoom.jpg,https://cdn.dsmcdn.com/ty1834/prod/QC_PREP/20260306/10/f32d9cf3-11ee-3e47-9d29-f88786f7dfcc/1_org_zoom.jpg,https://cdn.dsmcdn.com/ty1833/prod/QC_PREP/20260306/10/8c415349-e596-314c-8437-5e312c4a91f4/1_org_zoom.jpg,,,1,Bugün Kargoda,https://www.trendyol.com/deerderi/her-cantaya-sigabilecek-olcude-hakiki-deri-juno-model-sihirli-kadin-cuzdani-anneler-gunu-hediyesi-p-1115003242?merchantId=1155143&filterOverPriceListings=false
TY8681278498473,TY8681278498473,Her Çantaya Sığabilecek Ölçüde Hakiki Deri Juno Model Sihirli Kadın Cüzdanı Anneler Günü Hediyesi,,1199.9,1199.9,10,6.546.546,Mor,,Kadın / Kız,DEERDERİ,Cüzdan,https://cdn.dsmcdn.com/ty1834/prod/QC_PREP/20260306/10/e906fac5-ca0f-30c3-8bcc-aab83e8c4ea7/1_org_zoom.jpg,https://cdn.dsmcdn.com/ty1859/prod/QC_ENRICHMENT/20260421/17/fb8eb621-7be3-359e-b0fb-112dcf3cdb42/1_org_zoom.jpg,https://cdn.dsmcdn.com/ty1835/prod/QC_PREP/20260306/10/e2fe0459-c2f6-31bc-877b-bf40a29a1d03/1_org_zoom.jpg,https://cdn.dsmcdn.com/ty1834/prod/QC_PREP/20260306/10/343bed02-24c0-3712-add1-b0a110e1b764/1_org_zoom.jpg,https://cdn.dsmcdn.com/ty1833/prod/QC_PREP/20260306/10/2878d967-7e37-351b-8d98-e36408efd557/1_org_zoom.jpg,https://cdn.dsmcdn.com/ty1834/prod/QC_PREP/20260306/10/28e22c3a-7b10-3f6f-b6da-3bd01b030e16/1_org_zoom.jpg,https://cdn.dsmcdn.com/ty1834/prod/QC_PREP/20260306/10/7af38e95-7505-3f87-848a-d661b879fd13/1_org_zoom.jpg,https://cdn.dsmcdn.com/ty1834/prod/QC_ENRICHMENT/20260309/16/0cf85be7-982b-3a22-8cc5-35ac4d3f76fa/1_org_zoom.jpg,1,Bugün Kargoda,https://www.trendyol.com/deerderi/her-cantaya-sigabilecek-olcude-hakiki-deri-juno-model-sihirli-kadin-cuzdani-anneler-gunu-hediyesi-p-1115003237?merchantId=1155143&filterOverPriceListings=false
TY8681278498476,TY8681278498476,Her Çantaya Sığabilecek Ölçüde Hakiki Deri Juno Model Sihirli Kadın Cüzdanı Anneler Günü Hediyesi,,1199.9,1199.9,10,6.546.546,Gri,,Kadın / Kız,DEERDERİ,Cüzdan,https://cdn.dsmcdn.com/ty1835/prod/QC_PREP/20260306/10/753fe180-f950-3da4-9715-7ca45a22c5d9/1_org_zoom.jpg,https://cdn.dsmcdn.com/ty1834/prod/QC_PREP/20260306/10/889c6d27-f27c-3b39-a3ff-a1ebd13f852b/1_org_zoom.jpg,https://cdn.dsmcdn.com/ty1835/prod/QC_PREP/20260306/10/e6893d3b-b819-3a87-8c51-abf27702ebea/1_org_zoom.jpg,https://cdn.dsmcdn.com/ty1833/prod/QC_PREP/20260306/10/b74cda32-fa52-3fa9-bd66-aeae5d13a765/1_org_zoom.jpg,https://cdn.dsmcdn.com/ty1833/prod/QC_PREP/20260306/10/716a8c19-eed8-36c6-bd2c-0d7c38b691c4/1_org_zoom.jpg,https://cdn.dsmcdn.com/ty1833/prod/QC_PREP/20260306/10/9bad8c59-0f12-3e34-919f-2281af59182b/1_org_zoom.jpg,,,1,Bugün Kargoda,https://www.trendyol.com/deerderi/her-cantaya-sigabilecek-olcude-hakiki-deri-juno-model-sihirli-kadin-cuzdani-anneler-gunu-hediyesi-p-1115003226?merchantId=1155143&filterOverPriceListings=false
TY8681278498472,TY8681278498472,Her Çantaya Sığabilecek Ölçüde Hakiki Deri Juno Model Sihirli Kadın Cüzdanı Anneler Günü Hediyesi,,1199.9,1199.9,10,6.546.546,Kırmızı,,Kadın / Kız,DEERDERİ,Cüzdan,https://cdn.dsmcdn.com/ty1835/prod/QC_PREP/20260306/10/ab0c7213-7883-3079-aba7-4549e6522a5f/1_org_zoom.jpg,https://cdn.dsmcdn.com/ty1858/prod/QC_ENRICHMENT/20260421/17/a0244f55-8513-3c18-9559-dcc8e5f83632/1_org_zoom.jpg,https://cdn.dsmcdn.com/ty1833/prod/QC_PREP/20260306/10/a1f2054f-53b7-3377-9155-9ae9e869f100/1_org_zoom.jpg,https://cdn.dsmcdn.com/ty1833/prod/QC_PREP/20260306/10/9736319c-d083-361d-96f7-fa0233338894/1_org_zoom.jpg,https://cdn.dsmcdn.com/ty1833/prod/QC_PREP/20260306/10/d67c3bb1-e134-34c7-866d-f63ebd00766f/1_org_zoom.jpg,https://cdn.dsmcdn.com/ty1833/prod/QC_PREP/20260306/10/a42a4473-e92a-35be-904e-5af7545b5fe1/1_org_zoom.jpg,https://cdn.dsmcdn.com/ty1833/prod/QC_PREP/20260306/10/84824f96-0b7b-32f1-9523-acb7e3d68127/1_org_zoom.jpg,https://cdn.dsmcdn.com/ty1834/prod/QC_ENRICHMENT/20260309/17/e90589f5-fd98-3439-9c9f-f0097d7c7e43/1_org_zoom.jpg,1,Bugün Kargoda,https://www.trendyol.com/deerderi/her-cantaya-sigabilecek-olcude-hakiki-deri-juno-model-sihirli-kadin-cuzdani-anneler-gunu-hediyesi-p-1115003222?merchantId=1155143&filterOverPriceListings=false
TY8681278498477,TY8681278498477,Her Çantaya Sığabilecek Ölçüde Hakiki Deri Juno Model Sihirli Kadın Cüzdanı Anneler Günü Hediyesi,,1199.9,1199.9,10,6.546.546,Taba,,Kadın / Kız,DEERDERİ,Cüzdan,https://cdn.dsmcdn.com/ty1833/prod/QC_PREP/20260306/10/b9f25437-ea27-323b-8d98-561bd0b880a0/1_org_zoom.jpg,https://cdn.dsmcdn.com/ty1835/prod/QC_PREP/20260306/10/7f0ca8d5-4c96-3d0d-934d-8cb4706a9277/1_org_zoom.jpg,https://cdn.dsmcdn.com/ty1835/prod/QC_PREP/20260306/10/02b8722a-1844-370d-89bf-fa4ca59072bd/1_org_zoom.jpg,https://cdn.dsmcdn.com/ty1834/prod/QC_PREP/20260306/10/26976c59-565d-3a39-a4dd-13432f3d4496/1_org_zoom.jpg,https://cdn.dsmcdn.com/ty1833/prod/QC_PREP/20260306/10/04fa35fe-e958-3025-9ccc-f42f7af58811/1_org_zoom.jpg,https://cdn.dsmcdn.com/ty1835/prod/QC_PREP/20260306/10/e4c42813-e6af-3a1e-a7f0-18363a87c5e6/1_org_zoom.jpg,,,1,Bugün Kargoda,https://www.trendyol.com/deerderi/her-cantaya-sigabilecek-olcude-hakiki-deri-juno-model-sihirli-kadin-cuzdani-anneler-gunu-hediyesi-p-1115003214?merchantId=1155143&filterOverPriceListings=false
TY8681278498470,TY8681278498470,Her Çantaya Sığabilecek Ölçüde Hakiki Deri Juno Model Sihirli Kadın Cüzdanı Anneler Günü Hediyesi,,1199.9,1199.9,9,6.546.546,Pembe,,Kadın / Kız,DEERDERİ,Cüzdan,https://cdn.dsmcdn.com/ty1835/prod/QC_PREP/20260306/10/9b72bbbf-4e5d-3e02-b719-608d8ec0cb8a/1_org_zoom.jpg,https://cdn.dsmcdn.com/ty1833/prod/QC_PREP/20260306/10/a0d3274d-3972-3ec2-8583-5aab9cad8c6f/1_org_zoom.jpg,https://cdn.dsmcdn.com/ty1926/prod/QC_ENRICHMENT/20260428/15/d0eabdcc-60eb-3a32-bfb1-b64c5100d875/1_org_zoom.jpg,https://cdn.dsmcdn.com/ty1835/prod/QC_PREP/20260306/10/46013812-1dc4-3049-aee6-5e9a1a1d26c4/1_org_zoom.jpg,https://cdn.dsmcdn.com/ty1833/prod/QC_PREP/20260306/10/0e8a4d37-d6c7-3ec3-89bd-d6ff56ae5bc5/1_org_zoom.jpg,https://cdn.dsmcdn.com/ty1835/prod/QC_PREP/20260306/10/54819857-9a5a-3d94-8b3d-8b4222be9432/1_org_zoom.jpg,https://cdn.dsmcdn.com/ty1834/prod/QC_PREP/20260306/10/c8b5e24e-f022-33a9-909e-946e2c60bee5/1_org_zoom.jpg,,1,Bugün Kargoda,https://www.trendyol.com/deerderi/her-cantaya-sigabilecek-olcude-hakiki-deri-juno-model-sihirli-kadin-cuzdani-anneler-gunu-hediyesi-p-1115003206?merchantId=1155143&filterOverPriceListings=false
TY8681278498475,TY8681278498475,Her Çantaya Sığabilecek Ölçüde Hakiki Deri Juno Model Sihirli Kadın Cüzdanı Anneler Günü Hediyesi,,1199.9,1199.9,10,6.546.546,Haki,,Kadın / Kız,DEERDERİ,Cüzdan,https://cdn.dsmcdn.com/ty1833/prod/QC_PREP/20260306/10/7bfa41f6-e6c9-3f63-8649-3cc1aeea887b/1_org_zoom.jpg,https://cdn.dsmcdn.com/ty1834/prod/QC_PREP/20260306/10/f57b406a-315c-3461-a4c3-dda309e7d97f/1_org_zoom.jpg,https://cdn.dsmcdn.com/ty1833/prod/QC_PREP/20260306/10/c0b09d75-4085-3d95-8113-effa546ec64c/1_org_zoom.jpg,https://cdn.dsmcdn.com/ty1835/prod/QC_PREP/20260306/10/24ad0c2c-c395-34e7-b5d6-d42de26f80d9/1_org_zoom.jpg,https://cdn.dsmcdn.com/ty1834/prod/QC_PREP/20260306/10/f9a382df-1eae-35cc-b9ee-4a0731a61c65/1_org_zoom.jpg,,,,1,Bugün Kargoda,https://www.trendyol.com/deerderi/her-cantaya-sigabilecek-olcude-hakiki-deri-juno-model-sihirli-kadin-cuzdani-anneler-gunu-hediyesi-p-1115003200?merchantId=1155143&filterOverPriceListings=false
TY8681278498471,TY8681278498471,Her Çantaya Sığabilecek Ölçüde Hakiki Deri Juno Model Sihirli Kadın Cüzdanı Anneler Günü Hediyesi,,1199.9,1199.9,9,6.546.546,Turuncu,,Kadın / Kız,DEERDERİ,Cüzdan,https://cdn.dsmcdn.com/ty1834/prod/QC_PREP/20260306/10/2df0a3e6-1929-37d9-8287-b8871f9ef80a/1_org_zoom.jpg,https://cdn.dsmcdn.com/ty1833/prod/QC_PREP/20260306/10/91d32f7d-5024-3240-8460-a6f881366c3f/1_org_zoom.jpg,https://cdn.dsmcdn.com/ty1834/prod/QC_PREP/20260306/10/8292d62a-f6ae-3555-9eb6-45096c00cb0b/1_org_zoom.jpg,https://cdn.dsmcdn.com/ty1835/prod/QC_PREP/20260306/10/293dc66e-ef1a-3aa4-b546-b829e01098df/1_org_zoom.jpg,https://cdn.dsmcdn.com/ty1835/prod/QC_PREP/20260306/10/f4da1e28-6f8f-34c7-ad77-6d8cf5ca50e2/1_org_zoom.jpg,https://cdn.dsmcdn.com/ty1834/prod/QC_PREP/20260306/10/50393386-b050-345e-83f0-4657a9d91e83/1_org_zoom.jpg,,,1,Bugün Kargoda,https://www.trendyol.com/deerderi/her-cantaya-sigabilecek-olcude-hakiki-deri-juno-model-sihirli-kadin-cuzdani-anneler-gunu-hediyesi-p-1115003197?merchantId=1155143&filterOverPriceListings=false
TY8681278498474,TY8681278498474,Her Çantaya Sığabilecek Ölçüde Hakiki Deri Juno Model Sihirli Kadın Cüzdanı Anneler Günü Hediyesi,,1199.9,1199.9,10,6.546.546,Bordo,,Kadın / Kız,DEERDERİ,Cüzdan,https://cdn.dsmcdn.com/ty1835/prod/QC_PREP/20260306/10/0b6c42b1-d8c5-3449-9059-472df5683b37/1_org_zoom.jpg,https://cdn.dsmcdn.com/ty1834/prod/QC_PREP/20260306/10/b6541c47-ea74-3612-8fad-6ad7b6643c52/1_org_zoom.jpg,https://cdn.dsmcdn.com/ty1835/prod/QC_PREP/20260306/10/1afa8f67-0ad3-3b2d-805b-b8e3b8bd38fd/1_org_zoom.jpg,https://cdn.dsmcdn.com/ty1835/prod/QC_PREP/20260306/10/a2ac4c72-af8e-3df3-b031-30ee68f22df6/1_org_zoom.jpg,https://cdn.dsmcdn.com/ty1833/prod/QC_PREP/20260306/10/16d7c425-0950-3578-bbfc-026a17c6d925/1_org_zoom.jpg,https://cdn.dsmcdn.com/ty1834/prod/QC_PREP/20260306/10/3a835923-9a79-3435-9ad2-2402706e1946/1_org_zoom.jpg,,,1,Bugün Kargoda,https://www.trendyol.com/deerderi/her-cantaya-sigabilecek-olcude-hakiki-deri-juno-model-sihirli-kadin-cuzdani-anneler-gunu-hediyesi-p-1115003193?merchantId=1155143&filterOverPriceListings=false
TY8681278498478,TY8681278498478,Her Çantaya Sığabilecek Ölçüde Hakiki Deri Juno Model Sihirli Kadın Cüzdanı Anneler Günü Hediyesi,,1199.9,1199.9,10,6.546.546,Lacivert,,Kadın / Kız,DEERDERİ,Cüzdan,https://cdn.dsmcdn.com/ty1835/prod/QC_PREP/20260306/10/44f06fe3-4986-37e5-891f-c9c49265b6ba/1_org_zoom.jpg,https://cdn.dsmcdn.com/ty1833/prod/QC_PREP/20260306/10/b12c0742-117a-3e61-aee7-46ae018f5fdc/1_org_zoom.jpg,https://cdn.dsmcdn.com/ty1833/prod/QC_PREP/20260306/10/16f128ce-5d2e-30c9-b287-a3b6c21347f3/1_org_zoom.jpg,https://cdn.dsmcdn.com/ty1834/prod/QC_PREP/20260306/10/559edbeb-003c-3f7c-834a-899af716e3bb/1_org_zoom.jpg,https://cdn.dsmcdn.com/ty1835/prod/QC_PREP/20260306/10/a657392a-5344-3706-b0dd-471effb643b9/1_org_zoom.jpg,https://cdn.dsmcdn.com/ty1834/prod/QC_PREP/20260306/10/29ec960c-d15f-3f48-92eb-b664e5b700a8/1_org_zoom.jpg,,,1,Bugün Kargoda,https://www.trendyol.com/deerderi/her-cantaya-sigabilecek-olcude-hakiki-deri-juno-model-sihirli-kadin-cuzdani-anneler-gunu-hediyesi-p-1115003188?merchantId=1155143&filterOverPriceListings=false
TY8681278498465,TY8681278498465,Dıştan Patlı Kibar Hakiki Deri Kadın Cüzdanı Anneler Günü Hediyesi,"- Gerçek deri kullanılarak üretilmiş, uzun ömürlü ve kaliteli bir cüzdan deneyimi sunar.; - Tüm yaş gruplarına hitap eden tasarımıyla her kadının günlük kullanımına uygunluk gösterir.; - Büyük boyutu sayesinde geniş iç hacmiyle kredi kartları, banknotlar ve diğer kişisel eşyalarınızı rahatça taşımanızı sağlar.; - Basic koleksiyonuna ait sade ve şık tasarımıyla her kıyafetle kolayca uyum sağlar.; - Yatay yapısı sayesinde çantalarınızda daha kolay yerleştirilebilir ve pratik kullanım imkanı sunar.; - Casual ve günlük ortamlarda rahatlıkla tercih edebileceğiniz düz desenli tasarımıyla zamansız bir şıklık yaratır.; - Türkiye'de üretilmiş olup, yerel işçilik ve kalite standartlarına uygun olarak hazırlanmıştır.; Boyutları: Genişlik 18,5 cm Yükseklik 9 cm",1499.9,1499.9,10,54.654.163,Turuncu,,Kadın / Kız,DEERDERİ,Cüzdan,https://cdn.dsmcdn.com/ty1835/prod/QC_PREP/20260305/16/df2162de-1599-3bfe-a3ce-e822732b82d1/1_org_zoom.jpg,https://cdn.dsmcdn.com/ty1859/prod/QC_ENRICHMENT/20260421/17/dba67a08-05c0-36c6-9378-b0ee4c1e60ac/1_org_zoom.jpg,https://cdn.dsmcdn.com/ty1835/prod/QC_PREP/20260305/16/c753dcf0-45e9-37b8-ac1d-eea181601f59/1_org_zoom.jpg,https://cdn.dsmcdn.com/ty1835/prod/QC_PREP/20260305/16/c2792948-c1b4-3ece-8a95-ddca97a3b9c6/1_org_zoom.jpg,https://cdn.dsmcdn.com/ty1838/prod/QC_ENRICHMENT/20260310/00/49d93a81-5d4d-3471-b7fb-362b5050cdfe/1_org_zoom.jpg,https://cdn.dsmcdn.com/ty1833/prod/QC_PREP/20260305/16/03ec83d7-4b42-3eaa-ae55-2627a15ff6cd/1_org_zoom.jpg,https://cdn.dsmcdn.com/ty1836/prod/QC_ENRICHMENT/20260310/00/cd1cd83a-23a5-3fcd-bdfd-5338a6fb03e2/1_org_zoom.jpg,https://cdn.dsmcdn.com/ty1835/prod/QC_PREP/20260305/16/f0490dd8-ce0d-3580-9e45-6ac8700d2289/1_org_zoom.jpg,1,Bugün Kargoda,https://www.trendyol.com/deerderi/distan-patli-kibar-hakiki-deri-kadin-cuzdani-anneler-gunu-hediyesi-p-1114394143?merchantId=1155143&filterOverPriceListings=false
TY8681278498466,TY8681278498466,Dıştan Patlı Kibar Hakiki Deri Kadın Cüzdanı Anneler Günü Hediyesi,"- Gerçek deri kullanılarak üretilmiş, uzun ömürlü ve kaliteli bir cüzdan deneyimi sunar.; - Tüm yaş gruplarına hitap eden tasarımıyla her kadının günlük kullanımına uygunluk gösterir.; - Büyük boyutu sayesinde geniş iç hacmiyle kredi kartları, banknotlar ve diğer kişisel eşyalarınızı rahatça taşımanızı sağlar.; - Basic koleksiyonuna ait sade ve şık tasarımıyla her kıyafetle kolayca uyum sağlar.; - Yatay yapısı sayesinde çantalarınızda daha kolay yerleştirilebilir ve pratik kullanım imkanı sunar.; - Casual ve günlük ortamlarda rahatlıkla tercih edebileceğiniz düz desenli tasarımıyla zamansız bir şıklık yaratır.; - Türkiye'de üretilmiş olup, yerel işçilik ve kalite standartlarına uygun olarak hazırlanmıştır.; Boyutları: Genişlik 18,5 cm Yükseklik 9 cm",1499.9,1499.9,8,54.654.163,Mor,,Kadın / Kız,DEERDERİ,Cüzdan,https://cdn.dsmcdn.com/ty1834/prod/QC_PREP/20260305/16/5b7f66bf-8704-3c3c-91ce-2799049557a6/1_org_zoom.jpg,https://cdn.dsmcdn.com/ty1942/prod/QC_ENRICHMENT/20260428/15/49d3ae7c-c8c5-3cb5-bcc1-7d1bf50c35f5/1_org_zoom.jpg,https://cdn.dsmcdn.com/ty1833/prod/QC_PREP/20260305/16/e1ec6819-1f52-3182-bdb3-191fbc19b8af/1_org_zoom.jpg,https://cdn.dsmcdn.com/ty1834/prod/QC_PREP/20260305/16/a51aeffa-af3d-3c77-8c17-24aee4ea6cd8/1_org_zoom.jpg,,,,,1,Bugün Kargoda,https://www.trendyol.com/deerderi/distan-patli-kibar-hakiki-deri-kadin-cuzdani-anneler-gunu-hediyesi-p-1114394052?merchantId=1155143&filterOverPriceListings=false
TY8681278498467,TY8681278498467,Dıştan Patlı Kibar Hakiki Deri Kadın Cüzdanı Anneler Günü Hediyesi,"- Gerçek deri kullanılarak üretilmiş, uzun ömürlü ve kaliteli bir cüzdan deneyimi sunar.; - Tüm yaş gruplarına hitap eden tasarımıyla her kadının günlük kullanımına uygunluk gösterir.; - Büyük boyutu sayesinde geniş iç hacmiyle kredi kartları, banknotlar ve diğer kişisel eşyalarınızı rahatça taşımanızı sağlar.; - Basic koleksiyonuna ait sade ve şık tasarımıyla her kıyafetle kolayca uyum sağlar.; - Yatay yapısı sayesinde çantalarınızda daha kolay yerleştirilebilir ve pratik kullanım imkanı sunar.; - Casual ve günlük ortamlarda rahatlıkla tercih edebileceğiniz düz desenli tasarımıyla zamansız bir şıklık yaratır.; - Türkiye'de üretilmiş olup, yerel işçilik ve kalite standartlarına uygun olarak hazırlanmıştır.; Boyutları: Genişlik 18,5 cm Yükseklik 9 cm",1499.9,1499.9,9,54.654.163,Siyah,,Kadın / Kız,DEERDERİ,Cüzdan,https://cdn.dsmcdn.com/ty1834/prod/QC_PREP/20260305/16/6efc5575-17b2-35ad-9807-36720ccc94a0/1_org_zoom.jpg,https://cdn.dsmcdn.com/ty1833/prod/QC_PREP/20260305/16/75bea746-ec90-3dfb-a02b-235ba40b35c5/1_org_zoom.jpg,https://cdn.dsmcdn.com/ty1940/prod/QC_ENRICHMENT/20260428/15/ad686a20-781e-3a5f-a6ca-d779da960d9b/1_org_zoom.jpg,https://cdn.dsmcdn.com/ty1835/prod/QC_PREP/20260305/16/c693667a-2a0d-39a6-8b46-6b4a6590c401/1_org_zoom.jpg,,,,,1,Bugün Kargoda,https://www.trendyol.com/deerderi/distan-patli-kibar-hakiki-deri-kadin-cuzdani-anneler-gunu-hediyesi-p-1114394028?merchantId=1155143&filterOverPriceListings=false
TY8681278498469,TY8681278498469,Dıştan Patlı Kibar Hakiki Deri Kadın Cüzdanı Anneler Günü Hediyesi,"- Gerçek deri kullanılarak üretilmiş, uzun ömürlü ve kaliteli bir cüzdan deneyimi sunar.; - Tüm yaş gruplarına hitap eden tasarımıyla her kadının günlük kullanımına uygunluk gösterir.; - Büyük boyutu sayesinde geniş iç hacmiyle kredi kartları, banknotlar ve diğer kişisel eşyalarınızı rahatça taşımanızı sağlar.; - Basic koleksiyonuna ait sade ve şık tasarımıyla her kıyafetle kolayca uyum sağlar.; - Yatay yapısı sayesinde çantalarınızda daha kolay yerleştirilebilir ve pratik kullanım imkanı sunar.; - Casual ve günlük ortamlarda rahatlıkla tercih edebileceğiniz düz desenli tasarımıyla zamansız bir şıklık yaratır.; - Türkiye'de üretilmiş olup, yerel işçilik ve kalite standartlarına uygun olarak hazırlanmıştır.; Boyutları: Genişlik 18,5 cm Yükseklik 9 cm",1499.9,1499.9,10,54.654.163,Kahverengi,,Kadın / Kız,DEERDERİ,Cüzdan,https://cdn.dsmcdn.com/ty1835/prod/QC_PREP/20260305/16/6f0fd93e-0dd7-3c37-a43c-fff58906f594/1_org_zoom.jpg,https://cdn.dsmcdn.com/ty1833/prod/QC_PREP/20260305/16/847092d0-865d-3c33-9b9b-5203f62ae035/1_org_zoom.jpg,https://cdn.dsmcdn.com/ty1939/prod/QC_ENRICHMENT/20260428/15/3e7f1c0a-999e-3dca-83e2-d3765723578c/1_org_zoom.jpg,https://cdn.dsmcdn.com/ty1835/prod/QC_PREP/20260305/16/e3f9f514-8c8d-3206-b77e-82a28d204514/1_org_zoom.jpg,,,,,1,Bugün Kargoda,https://www.trendyol.com/deerderi/distan-patli-kibar-hakiki-deri-kadin-cuzdani-anneler-gunu-hediyesi-p-1114394025?merchantId=1155143&filterOverPriceListings=false
TY8681278498468,TY8681278498468,Dıştan Patlı Kibar Hakiki Deri Kadın Cüzdanı Anneler Günü Hediyesi,"- Gerçek deri kullanılarak üretilmiş, uzun ömürlü ve kaliteli bir cüzdan deneyimi sunar.; - Tüm yaş gruplarına hitap eden tasarımıyla her kadının günlük kullanımına uygunluk gösterir.; - Büyük boyutu sayesinde geniş iç hacmiyle kredi kartları, banknotlar ve diğer kişisel eşyalarınızı rahatça taşımanızı sağlar.; - Basic koleksiyonuna ait sade ve şık tasarımıyla her kıyafetle kolayca uyum sağlar.; - Yatay yapısı sayesinde çantalarınızda daha kolay yerleştirilebilir ve pratik kullanım imkanı sunar.; - Casual ve günlük ortamlarda rahatlıkla tercih edebileceğiniz düz desenli tasarımıyla zamansız bir şıklık yaratır.; - Türkiye'de üretilmiş olup, yerel işçilik ve kalite standartlarına uygun olarak hazırlanmıştır.; Boyutları: Genişlik 18,5 cm Yükseklik 9 cm",1499.9,1499.9,10,54.654.163,Kırmızı,,Kadın / Kız,DEERDERİ,Cüzdan,https://cdn.dsmcdn.com/ty1834/prod/QC_PREP/20260305/16/0b43da73-4839-386a-bdab-6b292bdf2383/1_org_zoom.jpg,https://cdn.dsmcdn.com/ty1834/prod/QC_PREP/20260305/16/4c8e3c62-ae04-3ae2-be91-8a8f43d35bf7/1_org_zoom.jpg,https://cdn.dsmcdn.com/ty1939/prod/QC_ENRICHMENT/20260428/15/22e9b854-867b-352d-a757-d84e39aee860/1_org_zoom.jpg,https://cdn.dsmcdn.com/ty1834/prod/QC_PREP/20260305/16/cb2d4261-2c81-37dd-93de-0dadbe82d6f0/1_org_zoom.jpg,,,,,1,Bugün Kargoda,https://www.trendyol.com/deerderi/distan-patli-kibar-hakiki-deri-kadin-cuzdani-anneler-gunu-hediyesi-p-1114393912?merchantId=1155143&filterOverPriceListings=false
TY8681278498464,TY8681278498464,Ovax Hakiki Deri Elden Tutmalı Portföy Erkek Çantası,"- Yetişkin erkekler için özel olarak tasarlanmış, şık ve dayanıklı bir aksesuar.; - Gerçek deri materyali ile uzun ömürlü kullanım ve premium bir dokunuş sunar.; - Basic koleksiyonunun sadeliği ve zarafeti, her türlü kıyafetle kolayca uyum sağlar.; - Büyük boy tasarımı sayesinde geniş iç hacmiyle günlük ihtiyaçlarınızı rahatça taşımanızı sağlar.; - Düz deseniyle zamansız bir görünüm sunar ve her ortama uyum sağlar.; - Türkiye'de üretilmiş olup, yerel işçiliği destekler ve kalite standartlarına uygunluk gösterir.; - Elden tutmalı yapısı ile konforlu bir taşıma deneyimi sunar.;",2499.9,2499.9,10,15.651.463,Kahverengi,,Erkek,DEERDERİ,El Çantası,https://cdn.dsmcdn.com/ty1834/prod/QC_PREP/20260305/15/58630afa-8cbc-320f-94b7-c83e881c1b3c/1_org_zoom.jpg,https://cdn.dsmcdn.com/ty1833/prod/QC_PREP/20260305/15/2723f10e-7706-3a66-bb17-fbeac3d8f49b/1_org_zoom.jpg,https://cdn.dsmcdn.com/ty1833/prod/QC_PREP/20260305/15/7bc96d40-f0cc-3ef4-b44b-4e8d3b6eff2b/1_org_zoom.jpg,,,,,,1,Bugün Kargoda,https://www.trendyol.com/deerderi/ovax-hakiki-deri-elden-tutmali-portfoy-erkek-cantasi-p-1114324915?merchantId=1155143&filterOverPriceListings=false
TY8681278498463,TY8681278498463,Ovax Hakiki Deri Elden Tutmalı Portföy Erkek Çantası,"- Yetişkin erkekler için özel olarak tasarlanmış, şık ve dayanıklı bir aksesuar.; - Gerçek deri materyali ile uzun ömürlü kullanım ve premium bir dokunuş sunar.; - Basic koleksiyonunun sadeliği ve zarafeti, her türlü kıyafetle kolayca uyum sağlar.; - Büyük boy tasarımı sayesinde geniş iç hacmiyle günlük ihtiyaçlarınızı rahatça taşımanızı sağlar.; - Düz deseniyle zamansız bir görünüm sunar ve her ortama uyum sağlar.; - Türkiye'de üretilmiş olup, yerel işçiliği destekler ve kalite standartlarına uygunluk gösterir.; - Elden tutmalı yapısı ile konforlu bir taşıma deneyimi sunar.;",0,0,0,15.651.463,Siyah,,Erkek,DEERDERİ,El Çantası,https://cdn.dsmcdn.com/ty1833/prod/QC_PREP/20260305/15/e344bcac-6598-3acf-98a1-b6580c849b69/1_org_zoom.jpg,https://cdn.dsmcdn.com/ty1834/prod/QC_PREP/20260305/15/7ad5ab0a-3ebc-31ad-af98-8f92ae3ea72a/1_org_zoom.jpg,https://cdn.dsmcdn.com/ty1834/prod/QC_PREP/20260305/15/7d0f6d68-8dd5-3721-b048-94970f219845/1_org_zoom.jpg,,,,,,1,Bugün Kargoda,
TY8690187386216,TY8690187386216,Hakiki Deri El İşçiliği Mekanizmalı Cüzdan,"Hakiki deriden üretilmiştir Kişiye özel deri üzerine baskı yapılabilir.; Siparişinizi verdikten hemen sonra sipariş numaranız ve yazılmasını istediğiniz yazı ile birlikte bize yazmanız yeterli Aynı gün içerisinde kargoya teslim edilir İçinde ve dışında olmak üzere toplamda 5 gözü bulunmakta ve ekstra olarak da kağıt paralar için mekanizmalı bölmesi mevcuttur.; Yeşil, lacivert, Koyu kahverengi, bordo, siyah ve taba renk seçenekleri mevcuttur.; Günlük ve özel günlerde rahatlıkla kullanılabilir.; Tüm kombinlerinize rahatlıkla uyum sağlar.; - Gerçek deri malzemesiyle üretilmiş, uzun ömürlü ve dayanıklı bir kullanım sunar.; - Tüm yaş gruplarına hitap eden tasarımıyla herkes için uygundur.; - Orta boyutu sayesinde günlük kullanım için idealdir ve taşıması kolaydır.; - Basic koleksiyonunun sade ve şık tasarımıyla her ortama uyum sağlar.; - Gündüz ve gece kullanımına uygun, çok yönlü bir aksesuar olarak öne çıkar.; - Düz deseniyle zamansız bir görünüm sunar ve kolayca kombinlenebilir.; - Unisex tasarımı ile hem erkekler hem de kadınlar tarafından rahatlıkla kullanılabilir.; - Türkiye'de üretilmiş olmasıyla yerel işçiliği destekler ve kaliteyi garanti eder.;",1199.9,1199.9,19,16.541.633,Koyu Kahverengi,,Unisex,DEERDERİ,Kartlık,https://cdn.dsmcdn.com/ty1833/prod/QC_PREP/20260305/12/2456e0d5-08eb-3984-a4be-f4ff8289d28c/1_org_zoom.jpg,https://cdn.dsmcdn.com/ty1835/prod/QC_PREP/20260305/12/12bd2680-142d-37f8-a839-effbb562e232/1_org_zoom.jpg,https://cdn.dsmcdn.com/ty1834/prod/QC_PREP/20260305/12/b0b79fd1-4eb8-348d-8a25-366bd809eaac/1_org_zoom.jpg,https://cdn.dsmcdn.com/ty1835/prod/QC_PREP/20260305/12/4452306b-d452-3f2e-822f-1413c17a657e/1_org_zoom.jpg,https://cdn.dsmcdn.com/ty1858/prod/QC_ENRICHMENT/20260421/17/61eba772-463c-3a4d-9c6c-26129196e9ce/1_org_zoom.jpg,,,,1,Bugün Kargoda,https://www.trendyol.com/deerderi/hakiki-deri-el-isciligi-mekanizmali-cuzdan-p-1114250450?merchantId=1155143&filterOverPriceListings=false
TY8690187386218,TY8690187386218,Hakiki Deri El İşçiliği Mekanizmalı Cüzdan,"Hakiki deriden üretilmiştir Kişiye özel deri üzerine baskı yapılabilir.; Siparişinizi verdikten hemen sonra sipariş numaranız ve yazılmasını istediğiniz yazı ile birlikte bize yazmanız yeterli Aynı gün içerisinde kargoya teslim edilir İçinde ve dışında olmak üzere toplamda 5 gözü bulunmakta ve ekstra olarak da kağıt paralar için mekanizmalı bölmesi mevcuttur.; Yeşil, lacivert, Koyu kahverengi, bordo, siyah ve taba renk seçenekleri mevcuttur.; Günlük ve özel günlerde rahatlıkla kullanılabilir.; Tüm kombinlerinize rahatlıkla uyum sağlar.; - Gerçek deri malzemesiyle üretilmiş, uzun ömürlü ve dayanıklı bir kullanım sunar.; - Tüm yaş gruplarına hitap eden tasarımıyla herkes için uygundur.; - Orta boyutu sayesinde günlük kullanım için idealdir ve taşıması kolaydır.; - Basic koleksiyonunun sade ve şık tasarımıyla her ortama uyum sağlar.; - Gündüz ve gece kullanımına uygun, çok yönlü bir aksesuar olarak öne çıkar.; - Düz deseniyle zamansız bir görünüm sunar ve kolayca kombinlenebilir.; - Unisex tasarımı ile hem erkekler hem de kadınlar tarafından rahatlıkla kullanılabilir.; - Türkiye'de üretilmiş olmasıyla yerel işçiliği destekler ve kaliteyi garanti eder.;",1199.9,1199.9,17,16.541.633,Siyah,,Unisex,DEERDERİ,Kartlık,https://cdn.dsmcdn.com/ty1834/prod/QC_PREP/20260305/12/0b2720c5-2ac5-3d01-a8ca-20b69d64c96a/1_org_zoom.jpg,https://cdn.dsmcdn.com/ty1834/prod/QC_PREP/20260305/12/f4fe6ced-1f67-3a42-a027-29aaa02951af/1_org_zoom.jpg,https://cdn.dsmcdn.com/ty1834/prod/QC_PREP/20260305/12/34e1d20a-f1d0-3223-85a6-b4c29e7b7837/1_org_zoom.jpg,https://cdn.dsmcdn.com/ty1834/prod/QC_PREP/20260305/12/34dea81b-054d-3a70-bfa9-0ee7de6e61e6/1_org_zoom.jpg,https://cdn.dsmcdn.com/ty1834/prod/QC_PREP/20260305/12/d3b03e42-1b2a-3a5e-8d84-988f49fa0186/1_org_zoom.jpg,,,,1,Bugün Kargoda,https://www.trendyol.com/deerderi/hakiki-deri-el-isciligi-mekanizmali-cuzdan-p-1114250448?merchantId=1155143&filterOverPriceListings=false
TY8690187386219,TY8690187386219,Hakiki Deri El İşçiliği Mekanizmalı Cüzdan,"Hakiki deriden üretilmiştir Kişiye özel deri üzerine baskı yapılabilir.; Siparişinizi verdikten hemen sonra sipariş numaranız ve yazılmasını istediğiniz yazı ile birlikte bize yazmanız yeterli Aynı gün içerisinde kargoya teslim edilir İçinde ve dışında olmak üzere toplamda 5 gözü bulunmakta ve ekstra olarak da kağıt paralar için mekanizmalı bölmesi mevcuttur.; Yeşil, lacivert, Koyu kahverengi, bordo, siyah ve taba renk seçenekleri mevcuttur.; Günlük ve özel günlerde rahatlıkla kullanılabilir.; Tüm kombinlerinize rahatlıkla uyum sağlar.; - Gerçek deri malzemesiyle üretilmiş, uzun ömürlü ve dayanıklı bir kullanım sunar.; - Tüm yaş gruplarına hitap eden tasarımıyla herkes için uygundur.; - Orta boyutu sayesinde günlük kullanım için idealdir ve taşıması kolaydır.; - Basic koleksiyonunun sade ve şık tasarımıyla her ortama uyum sağlar.; - Gündüz ve gece kullanımına uygun, çok yönlü bir aksesuar olarak öne çıkar.; - Düz deseniyle zamansız bir görünüm sunar ve kolayca kombinlenebilir.; - Unisex tasarımı ile hem erkekler hem de kadınlar tarafından rahatlıkla kullanılabilir.; - Türkiye'de üretilmiş olmasıyla yerel işçiliği destekler ve kaliteyi garanti eder.;",1199.9,1199.9,20,16.541.633,Taba,,Unisex,DEERDERİ,Kartlık,https://cdn.dsmcdn.com/ty1941/prod/QC_ENRICHMENT/20260428/13/38fb4325-94ff-3728-a502-e940e154cb13/1_org_zoom.jpg,https://cdn.dsmcdn.com/ty1940/prod/QC_ENRICHMENT/20260428/13/c3fb98bf-a12d-358e-b5dc-72a90a0af2de/1_org_zoom.jpg,https://cdn.dsmcdn.com/ty1833/prod/QC_PREP/20260305/12/009c083c-c61d-33ea-b46c-0f5e05bc67e7/1_org_zoom.jpg,https://cdn.dsmcdn.com/ty1834/prod/QC_PREP/20260305/12/8018ee41-6abf-3718-849d-d905227b7392/1_org_zoom.jpg,https://cdn.dsmcdn.com/ty1834/prod/QC_PREP/20260305/12/6027b2d5-afb0-3a22-9162-376a16b47ded/1_org_zoom.jpg,https://cdn.dsmcdn.com/ty1834/prod/QC_PREP/20260305/12/4867ed0b-6ded-3f1f-bc0b-c481c4caef8b/1_org_zoom.jpg,,,1,Bugün Kargoda,https://www.trendyol.com/deerderi/hakiki-deri-el-isciligi-mekanizmali-cuzdan-p-1114250434?merchantId=1155143&filterOverPriceListings=false
TY8690187386215,TY8690187386215,Hakiki Deri El İşçiliği Mekanizmalı Cüzdan,"Hakiki deriden üretilmiştir Kişiye özel deri üzerine baskı yapılabilir.; Siparişinizi verdikten hemen sonra sipariş numaranız ve yazılmasını istediğiniz yazı ile birlikte bize yazmanız yeterli Aynı gün içerisinde kargoya teslim edilir İçinde ve dışında olmak üzere toplamda 5 gözü bulunmakta ve ekstra olarak da kağıt paralar için mekanizmalı bölmesi mevcuttur.; Yeşil, lacivert, Koyu kahverengi, bordo, siyah ve taba renk seçenekleri mevcuttur.; Günlük ve özel günlerde rahatlıkla kullanılabilir.; Tüm kombinlerinize rahatlıkla uyum sağlar.; - Gerçek deri malzemesiyle üretilmiş, uzun ömürlü ve dayanıklı bir kullanım sunar.; - Tüm yaş gruplarına hitap eden tasarımıyla herkes için uygundur.; - Orta boyutu sayesinde günlük kullanım için idealdir ve taşıması kolaydır.; - Basic koleksiyonunun sade ve şık tasarımıyla her ortama uyum sağlar.; - Gündüz ve gece kullanımına uygun, çok yönlü bir aksesuar olarak öne çıkar.; - Düz deseniyle zamansız bir görünüm sunar ve kolayca kombinlenebilir.; - Unisex tasarımı ile hem erkekler hem de kadınlar tarafından rahatlıkla kullanılabilir.; - Türkiye'de üretilmiş olmasıyla yerel işçiliği destekler ve kaliteyi garanti eder.;",1199.9,1199.9,20,16.541.633,Lacivert,,Unisex,DEERDERİ,Kartlık,https://cdn.dsmcdn.com/ty1897/prod/QC_ENRICHMENT/20260428/13/68a7352a-8241-38b7-b256-7f722abc05d2/1_org_zoom.jpg,https://cdn.dsmcdn.com/ty1939/prod/QC_ENRICHMENT/20260428/13/d6f163fb-adb4-3f9a-b682-ce3acc502473/1_org_zoom.jpg,https://cdn.dsmcdn.com/ty1835/prod/QC_PREP/20260305/12/e2eec593-9e88-3824-966f-e27cfce7edd7/1_org_zoom.jpg,https://cdn.dsmcdn.com/ty1834/prod/QC_PREP/20260305/12/c16a7b7d-3222-3042-b8ba-d9829b11b8f8/1_org_zoom.jpg,https://cdn.dsmcdn.com/ty1835/prod/QC_PREP/20260305/12/b745c634-d72a-3ad3-bdd9-bddb34e94e5e/1_org_zoom.jpg,https://cdn.dsmcdn.com/ty1835/prod/QC_PREP/20260305/12/814858ca-1478-37f5-972e-b0bfe0659451/1_org_zoom.jpg,,,1,Bugün Kargoda,https://www.trendyol.com/deerderi/hakiki-deri-el-isciligi-mekanizmali-cuzdan-p-1114250431?merchantId=1155143&filterOverPriceListings=false
TY8690187386214,TY8690187386214,Hakiki Deri El İşçiliği Mekanizmalı Cüzdan,"Hakiki deriden üretilmiştir Kişiye özel deri üzerine baskı yapılabilir.; Siparişinizi verdikten hemen sonra sipariş numaranız ve yazılmasını istediğiniz yazı ile birlikte bize yazmanız yeterli Aynı gün içerisinde kargoya teslim edilir İçinde ve dışında olmak üzere toplamda 5 gözü bulunmakta ve ekstra olarak da kağıt paralar için mekanizmalı bölmesi mevcuttur.; Yeşil, lacivert, Koyu kahverengi, bordo, siyah ve taba renk seçenekleri mevcuttur.; Günlük ve özel günlerde rahatlıkla kullanılabilir.; Tüm kombinlerinize rahatlıkla uyum sağlar.; - Gerçek deri malzemesiyle üretilmiş, uzun ömürlü ve dayanıklı bir kullanım sunar.; - Tüm yaş gruplarına hitap eden tasarımıyla herkes için uygundur.; - Orta boyutu sayesinde günlük kullanım için idealdir ve taşıması kolaydır.; - Basic koleksiyonunun sade ve şık tasarımıyla her ortama uyum sağlar.; - Gündüz ve gece kullanımına uygun, çok yönlü bir aksesuar olarak öne çıkar.; - Düz deseniyle zamansız bir görünüm sunar ve kolayca kombinlenebilir.; - Unisex tasarımı ile hem erkekler hem de kadınlar tarafından rahatlıkla kullanılabilir.; - Türkiye'de üretilmiş olmasıyla yerel işçiliği destekler ve kaliteyi garanti eder.;",1199.9,1199.9,20,16.541.633,Haki,,Unisex,DEERDERİ,Kartlık,https://cdn.dsmcdn.com/ty1833/prod/QC_PREP/20260305/12/7ffa24ed-8e9b-3525-8fe3-598db84b2832/1_org_zoom.jpg,https://cdn.dsmcdn.com/ty1833/prod/QC_PREP/20260305/12/0443d60b-85e7-34e9-badc-39ccfaf4cc1b/1_org_zoom.jpg,https://cdn.dsmcdn.com/ty1834/prod/QC_PREP/20260305/12/3b0721f2-56cd-325a-ba49-33a96a16fa47/1_org_zoom.jpg,https://cdn.dsmcdn.com/ty1833/prod/QC_PREP/20260305/12/21a8b140-b2bf-3597-a9c1-3ba5bc5f08aa/1_org_zoom.jpg,https://cdn.dsmcdn.com/ty1835/prod/QC_PREP/20260305/12/ce79885c-adee-3937-91b0-0d86471a4afd/1_org_zoom.jpg,https://cdn.dsmcdn.com/ty1859/prod/QC_ENRICHMENT/20260421/17/09e71964-18ed-30ef-90ee-5f4fa1029a94/1_org_zoom.jpg,,,1,Bugün Kargoda,https://www.trendyol.com/deerderi/hakiki-deri-el-isciligi-mekanizmali-cuzdan-p-1114250429?merchantId=1155143&filterOverPriceListings=false
TY8690187386217,TY8690187386217,Hakiki Deri El İşçiliği Mekanizmalı Cüzdan,"Hakiki deriden üretilmiştir Kişiye özel deri üzerine baskı yapılabilir.; Siparişinizi verdikten hemen sonra sipariş numaranız ve yazılmasını istediğiniz yazı ile birlikte bize yazmanız yeterli Aynı gün içerisinde kargoya teslim edilir İçinde ve dışında olmak üzere toplamda 5 gözü bulunmakta ve ekstra olarak da kağıt paralar için mekanizmalı bölmesi mevcuttur.; Yeşil, lacivert, Koyu kahverengi, bordo, siyah ve taba renk seçenekleri mevcuttur.; Günlük ve özel günlerde rahatlıkla kullanılabilir.; Tüm kombinlerinize rahatlıkla uyum sağlar.; - Gerçek deri malzemesiyle üretilmiş, uzun ömürlü ve dayanıklı bir kullanım sunar.; - Tüm yaş gruplarına hitap eden tasarımıyla herkes için uygundur.; - Orta boyutu sayesinde günlük kullanım için idealdir ve taşıması kolaydır.; - Basic koleksiyonunun sade ve şık tasarımıyla her ortama uyum sağlar.; - Gündüz ve gece kullanımına uygun, çok yönlü bir aksesuar olarak öne çıkar.; - Düz deseniyle zamansız bir görünüm sunar ve kolayca kombinlenebilir.; - Unisex tasarımı ile hem erkekler hem de kadınlar tarafından rahatlıkla kullanılabilir.; - Türkiye'de üretilmiş olmasıyla yerel işçiliği destekler ve kaliteyi garanti eder.;",1199.9,1199.9,20,16.541.633,Bordo,,Unisex,DEERDERİ,Kartlık,https://cdn.dsmcdn.com/ty1930/prod/QC_ENRICHMENT/20260428/13/07b17236-6e4f-343c-b6da-1cc7e1777079/1_org_zoom.jpg,https://cdn.dsmcdn.com/ty1942/prod/QC_ENRICHMENT/20260428/13/bf1c413c-5b59-337c-bf76-47765c46e20c/1_org_zoom.jpg,https://cdn.dsmcdn.com/ty1835/prod/QC_PREP/20260305/12/22d4be40-155a-30f5-9f51-a281e22da737/1_org_zoom.jpg,https://cdn.dsmcdn.com/ty1833/prod/QC_PREP/20260305/12/fb294c31-b8c2-3d20-a60f-2c0c9a992f2d/1_org_zoom.jpg,https://cdn.dsmcdn.com/ty1835/prod/QC_PREP/20260305/12/6088bc39-7e60-33b8-a8de-5429889b4014/1_org_zoom.jpg,https://cdn.dsmcdn.com/ty1833/prod/QC_PREP/20260305/12/7cdd112c-7acd-3faf-8aa4-c93c11897f05/1_org_zoom.jpg,,,1,Bugün Kargoda,https://www.trendyol.com/deerderi/hakiki-deri-el-isciligi-mekanizmali-cuzdan-p-1114250412?merchantId=1155143&filterOverPriceListings=false
TY8690345762296,TY8690345762296,Milano Hakiki Deri El Çantası,"- Orta boy tasarımıyla günlük kullanım için ideal bir seçenek sunar.; - Dokuma kumaş yapısı, çantanın dayanıklılığını artırırken şık bir görünüm sağlar.; - Hakiki deri materyali sayesinde uzun ömürlü ve kaliteli bir kullanım deneyimi sunar.; - Business koleksiyonuna ait bu çanta, profesyonel ve iş hayatında şıklığınızı tamamlar.; - Unisex tasarımı ile hem kadınlar hem de erkekler için uygun bir aksesuar seçeneği oluşturur.; - Timsah deseni ile dikkat çekici ve modern bir stil sunar.; - Türkiye'de üretilmiş olmasıyla yerel üretim desteklenmiş olur.;",2499.9,2499.9,8,49.684.641,Siyah,,Unisex,DEERDERİ,El Çantası,https://cdn.dsmcdn.com/ty1832/prod/QC_PREP/20260228/16/1c06ffc6-342c-3db7-9d91-bed47f635819/1_org_zoom.jpg,https://cdn.dsmcdn.com/ty1831/prod/QC_PREP/20260228/16/f39b386b-da8c-36d6-bece-70604515f89b/1_org_zoom.jpg,,,,,,,1,Bugün Kargoda,https://www.trendyol.com/deerderi/milano-hakiki-deri-el-cantasi-p-1111651208?merchantId=1155143&filterOverPriceListings=false
8683645005538,8683645005538,Mars Hakiki Deri Cüzdan,"- Küçük boyutuyla her zaman yanınızda taşıyabileceğiniz pratik bir cüzdan.; - Gerçek deri materyaliyle uzun ömürlü kullanım sunar ve şıklığınızı tamamlar.; - Tüm yaş gruplarına hitap eden tasarımıyla geniş bir kullanıcı yelpazesine sahiptir.; - Basic koleksiyonun sadeliğiyle her türlü kıyafetle kolayca uyum sağlar.; - Unisex tasarımı sayesinde hem kadınlar hem de erkekler için idealdir.; - Yetişkinlerin ihtiyaçlarına yönelik tasarlanmıştır, günlük kullanım için uygundur.; - Türkiye'de üretilmiş olup, yerel üretim kalitesini yansıtır.; - Gündüzden geceye her ortama uygun, düz deseniyle zamansız bir şıklık sunar.;",999.9,999.9,8,5.641.684,Kahverengi,,Unisex,DEERDERİ,Cüzdan,https://cdn.dsmcdn.com/ty1823/prod/QC_PREP/20260206/17/e2bf5831-17c1-347c-85c5-7e4040d994ef/1_org_zoom.jpg,https://cdn.dsmcdn.com/ty1823/prod/QC_PREP/20260206/17/2c1ae034-0765-3bd3-b0f8-3b10d1784b3c/1_org_zoom.jpg,,,,,,,1,Bugün Kargoda,https://www.trendyol.com/deerderi/mars-hakiki-deri-cuzdan-p-1098105897?merchantId=1155143&filterOverPriceListings=false
8683645005539,8683645005539,Mars Hakiki Deri Cüzdan,"- Küçük boyutuyla her zaman yanınızda taşıyabileceğiniz pratik bir cüzdan.; - Gerçek deri materyaliyle uzun ömürlü kullanım sunar ve şıklığınızı tamamlar.; - Tüm yaş gruplarına hitap eden tasarımıyla geniş bir kullanıcı yelpazesine sahiptir.; - Basic koleksiyonun sadeliğiyle her türlü kıyafetle kolayca uyum sağlar.; - Unisex tasarımı sayesinde hem kadınlar hem de erkekler için idealdir.; - Yetişkinlerin ihtiyaçlarına yönelik tasarlanmıştır, günlük kullanım için uygundur.; - Türkiye'de üretilmiş olup, yerel üretim kalitesini yansıtır.; - Gündüzden geceye her ortama uygun, düz deseniyle zamansız bir şıklık sunar.;",999.9,999.9,5,5.641.684,Haki,,Unisex,DEERDERİ,Cüzdan,https://cdn.dsmcdn.com/ty1821/prod/QC_PREP/20260206/17/83c3ef7c-8a8c-3666-9285-9a531b5f712a/1_org_zoom.jpg,https://cdn.dsmcdn.com/ty1822/prod/QC_PREP/20260206/17/e4a7dde5-0615-3cc4-832d-6b5f6cdbea39/1_org_zoom.jpg,https://cdn.dsmcdn.com/ty1857/prod/QC_ENRICHMENT/20260421/17/c11d9140-9fd7-3a06-88de-5cb905fcd528/1_org_zoom.jpg,,,,,,1,Bugün Kargoda,https://www.trendyol.com/deerderi/mars-hakiki-deri-cuzdan-p-1098104980?merchantId=1155143&filterOverPriceListings=false
8683645005536,8683645005536,Mars Hakiki Deri Cüzdan,"- Küçük boyutuyla her zaman yanınızda taşıyabileceğiniz pratik bir cüzdan.; - Gerçek deri materyaliyle uzun ömürlü kullanım sunar ve şıklığınızı tamamlar.; - Tüm yaş gruplarına hitap eden tasarımıyla geniş bir kullanıcı yelpazesine sahiptir.; - Basic koleksiyonun sadeliğiyle her türlü kıyafetle kolayca uyum sağlar.; - Unisex tasarımı sayesinde hem kadınlar hem de erkekler için idealdir.; - Yetişkinlerin ihtiyaçlarına yönelik tasarlanmıştır, günlük kullanım için uygundur.; - Türkiye'de üretilmiş olup, yerel üretim kalitesini yansıtır.; - Gündüzden geceye her ortama uygun, düz deseniyle zamansız bir şıklık sunar.;",999.9,999.9,4,5.641.684,Kırmızı,,Unisex,DEERDERİ,Cüzdan,https://cdn.dsmcdn.com/ty1821/prod/QC_PREP/20260206/17/91e605c3-7317-367f-972d-12b80d3905f7/1_org_zoom.jpg,https://cdn.dsmcdn.com/ty1821/prod/QC_PREP/20260206/17/d32a1103-183a-3037-8995-1d51e61a85e8/1_org_zoom.jpg,,,,,,,1,Bugün Kargoda,https://www.trendyol.com/deerderi/mars-hakiki-deri-cuzdan-p-1098104957?merchantId=1155143&filterOverPriceListings=false
8683645005537,8683645005537,Mars Hakiki Deri Cüzdan,"- Küçük boyutuyla her zaman yanınızda taşıyabileceğiniz pratik bir cüzdan.; - Gerçek deri materyaliyle uzun ömürlü kullanım sunar ve şıklığınızı tamamlar.; - Tüm yaş gruplarına hitap eden tasarımıyla geniş bir kullanıcı yelpazesine sahiptir.; - Basic koleksiyonun sadeliğiyle her türlü kıyafetle kolayca uyum sağlar.; - Unisex tasarımı sayesinde hem kadınlar hem de erkekler için idealdir.; - Yetişkinlerin ihtiyaçlarına yönelik tasarlanmıştır, günlük kullanım için uygundur.; - Türkiye'de üretilmiş olup, yerel üretim kalitesini yansıtır.; - Gündüzden geceye her ortama uygun, düz deseniyle zamansız bir şıklık sunar.;",999.9,999.9,4,5.641.684,Mürdüm,,Unisex,DEERDERİ,Cüzdan,https://cdn.dsmcdn.com/ty1822/prod/QC_PREP/20260206/17/be1f02cb-27ac-3222-8a92-6c426497dc7c/1_org_zoom.jpg,https://cdn.dsmcdn.com/ty1821/prod/QC_PREP/20260206/17/06999a8f-06dc-33c5-844e-03c83428d7e3/1_org_zoom.jpg,,,,,,,1,Bugün Kargoda,https://www.trendyol.com/deerderi/mars-hakiki-deri-cuzdan-p-1098104911?merchantId=1155143&filterOverPriceListings=false
8683645005532,8683645005532,Satürn Hakiki Deri Cüzdan,"- Orta boy tasarımıyla günlük kullanım için ideal bir boyut sunar.; - Gerçek deri materyali ile uzun ömürlü ve dayanıklı bir kullanım vaat eder.; - Tüm yaş gruplarına hitap eden tasarımıyla herkes için uygundur.; - Basic koleksiyonun sadeliği ve şıklığı, her türlü kıyafetle kolayca uyum sağlar.; - Yıkama talimatları belirtilmemiş olup, deri bakım ürünleri ile temizliği önerilir.; - Hakiki deri materyali, cüzdanın hem estetik hem de fonksiyonel kalitesini artırır.; - Yatay tipi sayesinde kartların ve nakit paranın kolayca yerleştirilmesini sağlar.; - Dokuma kumaş tipi, cüzdanın iç yapısını güçlendirerek dayanıklılığını artırır.; - Materyal bileşeni belirtilmemiş olup, deri kalitesinden ödün verilmediği bilinmektedir.; - Unisex tasarımıyla hem kadınlar hem de erkekler tarafından rahatlıkla kullanılabilir.; - Türkiye'de üretilmiş olmasıyla yerel üretim desteklenmiş olur.;",1899.9,1899.9,10,484.845.146,Pembe,,Unisex,DEERDERİ,Cüzdan,https://cdn.dsmcdn.com/ty1823/prod/QC_PREP/20260206/17/4990d460-85ef-3f95-aac1-ce8bca0cd632/1_org_zoom.jpg,https://cdn.dsmcdn.com/ty1823/prod/QC_PREP/20260206/17/7e29e0c2-638a-3db0-8176-a9b3a5bfe0b4/1_org_zoom.jpg,https://cdn.dsmcdn.com/ty1821/prod/QC_PREP/20260206/17/d43889ae-1c27-3ca3-99ce-ba65c1d6afa2/1_org_zoom.jpg,https://cdn.dsmcdn.com/ty1821/prod/QC_PREP/20260206/17/4758a06a-08ee-3aae-a3b2-6c30057ade4f/1_org_zoom.jpg,https://cdn.dsmcdn.com/ty1858/prod/QC_ENRICHMENT/20260421/17/9d391fd1-d852-3639-b606-50e9771c1180/1_org_zoom.jpg,,,,1,Bugün Kargoda,https://www.trendyol.com/deerderi/saturn-hakiki-deri-cuzdan-p-1098093348?merchantId=1155143&filterOverPriceListings=false
8683645005533,8683645005533,Satürn Hakiki Deri Cüzdan,"- Orta boy tasarımıyla günlük kullanım için ideal bir boyut sunar.; - Gerçek deri materyali ile uzun ömürlü ve dayanıklı bir kullanım vaat eder.; - Tüm yaş gruplarına hitap eden tasarımıyla herkes için uygundur.; - Basic koleksiyonun sadeliği ve şıklığı, her türlü kıyafetle kolayca uyum sağlar.; - Yıkama talimatları belirtilmemiş olup, deri bakım ürünleri ile temizliği önerilir.; - Hakiki deri materyali, cüzdanın hem estetik hem de fonksiyonel kalitesini artırır.; - Yatay tipi sayesinde kartların ve nakit paranın kolayca yerleştirilmesini sağlar.; - Dokuma kumaş tipi, cüzdanın iç yapısını güçlendirerek dayanıklılığını artırır.; - Materyal bileşeni belirtilmemiş olup, deri kalitesinden ödün verilmediği bilinmektedir.; - Unisex tasarımıyla hem kadınlar hem de erkekler tarafından rahatlıkla kullanılabilir.; - Türkiye'de üretilmiş olmasıyla yerel üretim desteklenmiş olur.;",1899.9,1899.9,9,484.845.146,Bordo,,Unisex,DEERDERİ,Cüzdan,https://cdn.dsmcdn.com/ty1823/prod/QC_PREP/20260206/17/b5b629ca-9ead-3c79-b48a-b33e81bc1ac7/1_org_zoom.jpg,https://cdn.dsmcdn.com/ty1821/prod/QC_PREP/20260206/17/178cdb37-3250-3e48-bf16-6f31d2a11e2e/1_org_zoom.jpg,https://cdn.dsmcdn.com/ty1823/prod/QC_PREP/20260206/17/6e8fac70-bb0a-3c4d-b5bd-c401d2663d19/1_org_zoom.jpg,,,,,,1,Bugün Kargoda,https://www.trendyol.com/deerderi/saturn-hakiki-deri-cuzdan-p-1098093313?merchantId=1155143&filterOverPriceListings=false
8683645005535,8683645005535,Satürn Hakiki Deri Cüzdan,"- Orta boy tasarımıyla günlük kullanım için ideal bir boyut sunar.; - Gerçek deri materyali ile uzun ömürlü ve dayanıklı bir kullanım vaat eder.; - Tüm yaş gruplarına hitap eden tasarımıyla herkes için uygundur.; - Basic koleksiyonun sadeliği ve şıklığı, her türlü kıyafetle kolayca uyum sağlar.; - Yıkama talimatları belirtilmemiş olup, deri bakım ürünleri ile temizliği önerilir.; - Hakiki deri materyali, cüzdanın hem estetik hem de fonksiyonel kalitesini artırır.; - Yatay tipi sayesinde kartların ve nakit paranın kolayca yerleştirilmesini sağlar.; - Dokuma kumaş tipi, cüzdanın iç yapısını güçlendirerek dayanıklılığını artırır.; - Materyal bileşeni belirtilmemiş olup, deri kalitesinden ödün verilmediği bilinmektedir.; - Unisex tasarımıyla hem kadınlar hem de erkekler tarafından rahatlıkla kullanılabilir.; - Türkiye'de üretilmiş olmasıyla yerel üretim desteklenmiş olur.;",1899.9,1899.9,9,484.845.146,Kahverengi,,Unisex,DEERDERİ,Cüzdan,https://cdn.dsmcdn.com/ty1821/prod/QC_PREP/20260206/17/7d7efa0d-97ce-3eb1-988f-fb3ef0615d71/1_org_zoom.jpg,https://cdn.dsmcdn.com/ty1823/prod/QC_PREP/20260206/17/bd458c96-3034-30dc-9008-f0069dd2b3ad/1_org_zoom.jpg,https://cdn.dsmcdn.com/ty1823/prod/QC_PREP/20260206/17/2e99cb28-106b-3410-a125-6b974cb0e9d4/1_org_zoom.jpg,,,,,,1,Bugün Kargoda,https://www.trendyol.com/deerderi/saturn-hakiki-deri-cuzdan-p-1098093146?merchantId=1155143&filterOverPriceListings=false
8683645005534,8683645005534,Satürn Hakiki Deri Cüzdan,"- Orta boy tasarımıyla günlük kullanım için ideal bir boyut sunar.; - Gerçek deri materyali ile uzun ömürlü ve dayanıklı bir kullanım vaat eder.; - Tüm yaş gruplarına hitap eden tasarımıyla herkes için uygundur.; - Basic koleksiyonun sadeliği ve şıklığı, her türlü kıyafetle kolayca uyum sağlar.; - Yıkama talimatları belirtilmemiş olup, deri bakım ürünleri ile temizliği önerilir.; - Hakiki deri materyali, cüzdanın hem estetik hem de fonksiyonel kalitesini artırır.; - Yatay tipi sayesinde kartların ve nakit paranın kolayca yerleştirilmesini sağlar.; - Dokuma kumaş tipi, cüzdanın iç yapısını güçlendirerek dayanıklılığını artırır.; - Materyal bileşeni belirtilmemiş olup, deri kalitesinden ödün verilmediği bilinmektedir.; - Unisex tasarımıyla hem kadınlar hem de erkekler tarafından rahatlıkla kullanılabilir.; - Türkiye'de üretilmiş olmasıyla yerel üretim desteklenmiş olur.;",1899.9,1899.9,9,484.845.146,Haki,,Unisex,DEERDERİ,Cüzdan,https://cdn.dsmcdn.com/ty1821/prod/QC_PREP/20260206/17/c7bfd219-b367-3402-bd4d-8d3b1a3fad6a/1_org_zoom.jpg,https://cdn.dsmcdn.com/ty1822/prod/QC_PREP/20260206/17/a12ce70b-a787-3913-b10f-f7d396822c4f/1_org_zoom.jpg,https://cdn.dsmcdn.com/ty1822/prod/QC_PREP/20260206/17/fe5b56bb-0fb4-329d-a28f-087b8fcf748d/1_org_zoom.jpg,,,,,,1,Bugün Kargoda,https://www.trendyol.com/deerderi/saturn-hakiki-deri-cuzdan-p-1098092469?merchantId=1155143&filterOverPriceListings=false
8683645005530,8683645005530,Milano Hakiki Deri El Çantası,"- Hakiki deri malzemesiyle üretilmiş, dayanıklı ve uzun ömürlü kullanım sunar.; - Timsah deseniyle şık ve modern bir görünüm kazandırır.; - Unisex tasarımı sayesinde hem kadınlar hem de erkekler tarafından rahatlıkla kullanılabilir.; - Orta boyutuyla günlük ihtiyaçlarınızı taşımanız için idealdir.; - Basic koleksiyonunun bir parçası olarak zamansız bir tarz sunar.; - Türkiye'de üretilmiş olup, yerel işçiliği destekler.; - Dokuma kumaş tipi, çantanın iç yapısını güçlendirir ve dış etkenlere karşı koruma sağlar.; - Yetişkinler için tasarlanmış olup, her yaş grubuna hitap eder.;",2499.9,2499.9,10,49.684.641,Kahverengi,,Unisex,DEERDERİ,El Çantası,https://cdn.dsmcdn.com/ty1822/prod/QC_PREP/20260206/16/85f5bbd3-4750-3c3d-b3c0-8039fc1958fc/1_org_zoom.jpg,https://cdn.dsmcdn.com/ty1823/prod/QC_PREP/20260206/16/69c51a70-9a09-3772-9bae-640a22a95109/1_org_zoom.jpg,https://cdn.dsmcdn.com/ty1823/prod/QC_PREP/20260206/16/7894a3d3-a44a-3398-9efd-d8d1570c681e/1_org_zoom.jpg,https://cdn.dsmcdn.com/ty1823/prod/QC_PREP/20260206/16/4851ec68-414b-3005-b5ca-6b4361ce68c4/1_org_zoom.jpg,https://cdn.dsmcdn.com/ty1821/prod/QC_PREP/20260206/16/ac00885b-233d-3b18-9a5d-1a287286f1e9/1_org_zoom.jpg,,,,1,Bugün Kargoda,https://www.trendyol.com/deerderi/milano-hakiki-deri-el-cantasi-p-1098084218?merchantId=1155143&filterOverPriceListings=false
8683645005531,8683645005531,Milano Hakiki Deri El Çantası,"- Hakiki deri malzemesiyle üretilmiş, dayanıklı ve uzun ömürlü kullanım sunar.; - Timsah deseniyle şık ve modern bir görünüm kazandırır.; - Unisex tasarımı sayesinde hem kadınlar hem de erkekler tarafından rahatlıkla kullanılabilir.; - Orta boyutuyla günlük ihtiyaçlarınızı taşımanız için idealdir.; - Basic koleksiyonunun bir parçası olarak zamansız bir tarz sunar.; - Türkiye'de üretilmiş olup, yerel işçiliği destekler.; - Dokuma kumaş tipi, çantanın iç yapısını güçlendirir ve dış etkenlere karşı koruma sağlar.; - Yetişkinler için tasarlanmış olup, her yaş grubuna hitap eder.;",2499.9,2499.9,9,49.684.641,Yeşil,,Unisex,DEERDERİ,El Çantası,https://cdn.dsmcdn.com/ty1822/prod/QC_PREP/20260206/16/f6e0ad39-7afd-341d-9298-390c5357f450/1_org_zoom.jpg,https://cdn.dsmcdn.com/ty1823/prod/QC_PREP/20260206/16/d0edf691-3cc5-3305-9d50-054f21b9bdea/1_org_zoom.jpg,https://cdn.dsmcdn.com/ty1821/prod/QC_PREP/20260206/16/fe4e582f-028a-33cd-b1df-94d0e1530fd2/1_org_zoom.jpg,https://cdn.dsmcdn.com/ty1822/prod/QC_PREP/20260206/16/e0dce4ab-ffc2-3328-9259-690e3fdc5559/1_org_zoom.jpg,,,,,1,Bugün Kargoda,https://www.trendyol.com/deerderi/milano-hakiki-deri-el-cantasi-p-1098084213?merchantId=1155143&filterOverPriceListings=false
TR8695748457620,TR8695748457620,Vietnam Model Hakiki Deri Çapraz Omuz Çantası,,2999.9,2999.9,3,D84765132,Kahverengi,Tek Ebat,Unisex,DEERDERİ,Omuz Çantası,https://cdn.dsmcdn.com/ty1816/prod/QC_ENRICHMENT/20260123/11/7daf4345-a958-396d-9731-a95c822cc8ed/1_org_zoom.jpg,https://cdn.dsmcdn.com/ty1812/prod/QC_PREP/20260121/15/0a704ef9-f35b-3a5b-ab09-989e71455e66/1_org_zoom.jpg,https://cdn.dsmcdn.com/ty1813/prod/QC_PREP/20260121/15/41e7b517-3cd2-3188-93f3-1115f4efdf53/1_org_zoom.jpg,,,,,,1,Bugün Kargoda,https://www.trendyol.com/deerderi/vietnam-model-hakiki-deri-capraz-omuz-cantasi-p-1089638554?merchantId=1155143&filterOverPriceListings=false
TR8695748457619,TR8695748457619,Vietnam Model Hakiki Deri Çapraz Omuz Çantası,,2999.9,2999.9,10,D84765132,Siyah,Tek Ebat,Unisex,DEERDERİ,Omuz Çantası,https://cdn.dsmcdn.com/ty1814/prod/QC_ENRICHMENT/20260121/16/126c7df5-67da-3054-bc8f-55db33cde1f4/1_org_zoom.jpg,https://cdn.dsmcdn.com/ty1814/prod/QC_PREP/20260121/15/58b76e0a-8b2a-3515-a3c6-36e9106d25b1/1_org_zoom.jpg,https://cdn.dsmcdn.com/ty1812/prod/QC_PREP/20260121/15/57c5cc60-88e4-30c1-aa74-bb6beb762cf7/1_org_zoom.jpg,,,,,,1,Bugün Kargoda,https://www.trendyol.com/deerderi/vietnam-model-hakiki-deri-capraz-omuz-cantasi-p-1089638522?merchantId=1155143&filterOverPriceListings=false
TR8695748457618,TR8695748457618,Vietnam Model Hakiki Deri Çapraz Omuz Çantası,,2999.9,2999.9,5,D84765132,Haki,Tek Ebat,Unisex,DEERDERİ,Omuz Çantası,https://cdn.dsmcdn.com/ty1815/prod/QC_ENRICHMENT/20260123/11/a1809114-e3ac-39c7-ade8-d5767b1b3c9f/1_org_zoom.jpg,https://cdn.dsmcdn.com/ty1812/prod/QC_PREP/20260121/15/f2cc1251-b75c-3f63-bdbf-430171218f55/1_org_zoom.jpg,https://cdn.dsmcdn.com/ty1813/prod/QC_PREP/20260121/15/b5a7cab5-2248-31cb-a6fe-1b1b7ec14e7e/1_org_zoom.jpg,,,,,,1,Bugün Kargoda,https://www.trendyol.com/deerderi/vietnam-model-hakiki-deri-capraz-omuz-cantasi-p-1089638518?merchantId=1155143&filterOverPriceListings=false
TR8695748457617,TR8695748457617,Vietnam Model Hakiki Deri Çapraz Omuz Çantası,,2999.9,2999.9,4,D84765132,Bordo,Tek Ebat,Unisex,DEERDERİ,Omuz Çantası,https://cdn.dsmcdn.com/ty1813/prod/QC_PREP/20260121/15/d32ec6b3-ba3c-37d7-9253-fbdbb5359d49/1_org_zoom.jpg,https://cdn.dsmcdn.com/ty1812/prod/QC_PREP/20260121/15/a70eebbc-fffc-38c1-ace4-5f0bea001332/1_org_zoom.jpg,,,,,,,1,Bugün Kargoda,https://www.trendyol.com/deerderi/vietnam-model-hakiki-deri-capraz-omuz-cantasi-p-1089638517?merchantId=1155143&filterOverPriceListings=false
TY8682798890555,TY8682798890555,London Vintage Deri Kartlık,"- Basic koleksiyonun bir parçası olarak, günlük kullanım için ideal bir aksesuar.; - Yetişkinlerin şıklığını tamamlayacak, zamansız tasarımıyla dikkat çeken bir kartlık.; - Gerçek deri materyali sayesinde uzun ömürlü ve dayanıklı kullanım sunar.; - Kumaş tipi belirtilmemiş olup, deri kalitesinin ön plana çıktığı bir tasarıma sahiptir.; - Materyal bileşeni hakkında bilgi verilmemiş olsa da, hakiki deriden üretilmiştir.; - Türkiye'de üretilmiş olup, yerel işçiliği ve kalite standartlarını yansıtır.; - Düz deseniyle sade ve şık bir görünüm sağlar; her türlü kıyafetle kolayca uyum sağlar.; - Casual ortamlarda rahatlıkla tercih edilebilecek, günlük kullanım için uygundur.; - Unisex tasarımı ile hem kadınlar hem de erkekler tarafından rahatlıkla kullanılabilir.;",799.9,799.9,10,5.465.489,Kahverengi,,Unisex,DEERDERİ,Kartlık,https://cdn.dsmcdn.com/ty1938/prod/QC_ENRICHMENT/20260428/13/977d5992-400e-3b7c-abc0-414b5040621b/1_org_zoom.jpg,https://cdn.dsmcdn.com/ty1940/prod/QC_ENRICHMENT/20260428/13/263c30c1-3fc3-3908-965b-4a025ed676ee/1_org_zoom.jpg,https://cdn.dsmcdn.com/ty1788/prod/QC_PREP/20251112/16/b4332e05-4029-3b2c-bafd-066b54bba5dd/1_org_zoom.jpg,https://cdn.dsmcdn.com/ty1788/prod/QC_PREP/20251112/16/b499b193-2f01-368c-922f-0d67a5422000/1_org_zoom.jpg,https://cdn.dsmcdn.com/ty1790/prod/QC_PREP/20251112/16/87713aa0-58fe-3ac0-9115-a469a385fc71/1_org_zoom.jpg,https://cdn.dsmcdn.com/ty1789/prod/QC_PREP/20251112/16/8bbd812f-58c0-342b-81e0-f4a872544318/1_org_zoom.jpg,https://cdn.dsmcdn.com/ty1790/prod/QC_PREP/20251112/16/749f0758-005b-306c-ada6-28552186b3db/1_org_zoom.jpg,https://cdn.dsmcdn.com/ty1789/prod/QC_PREP/20251112/16/5ecd7acf-a6f0-367b-8891-1835d81af89e/1_org_zoom.jpg,1,Bugün Kargoda,https://www.trendyol.com/deerderi/london-vintage-deri-kartlik-p-1048614803?merchantId=1155143&filterOverPriceListings=false
TY8682798890553,TY8682798890553,London Vintage Kartlık Anneler Günü Hediyesi,"- Anneler Günü için şık ve anlamlı bir hediye seçeneği: London Vintage Kartlık.; - Yüksek kaliteli hakiki deriden üretilmiş, uzun ömürlü kullanım sunar.; - Klasik düz deseniyle her tarza uyum sağlar ve zamansız bir görünüm kazandırır.; - Canlı kırmızı rengiyle dikkat çekici ve enerjik bir stil oluşturur.; - Unisex tasarımı sayesinde hem kadınlar hem de erkekler için idealdir.; - Yetişkinler için özel olarak tasarlanmıştır, sofistike ve zarif bir aksesuar seçeneği sunar.; - Basic koleksiyonuna ait olan bu kartlık, günlük kullanım için mükemmeldir.; - Casual ortamlarda rahatlıkla tercih edilebilir, pratikliği ve şıklığı bir arada sunar.; - Gerçek deri kalitesi ile dayanıklılığı ve konforu bir arada yaşatır.; - %100 hakiki deri materyal bileşeniyle üstün kaliteyi hissettirir.; - Türkiye'de üretilmiştir, yerel işçiliği destekler ve gururla sunulur.",799.9,799.9,9,5.465.489,Kırmızı,,Unisex,DEERDERİ,Kartlık,https://cdn.dsmcdn.com/ty1941/prod/QC_ENRICHMENT/20260428/12/44fadb24-fb8d-3ac4-bcac-d34114c24787/1_org_zoom.jpg,https://cdn.dsmcdn.com/ty1911/prod/QC_ENRICHMENT/20260428/12/493af403-685b-315c-b59a-e5eb62c93303/1_org_zoom.jpg,https://cdn.dsmcdn.com/ty1790/prod/QC_PREP/20251112/16/76faf5ad-3564-3290-9245-d536588a78a1/1_org_zoom.jpg,https://cdn.dsmcdn.com/ty1788/prod/QC_PREP/20251112/16/eac9a41b-b6c5-395b-8df5-89c7c0f6113f/1_org_zoom.jpg,https://cdn.dsmcdn.com/ty1788/prod/QC_PREP/20251112/16/86dc2e3c-a322-3244-b8cc-9512ee667547/1_org_zoom.jpg,https://cdn.dsmcdn.com/ty1788/prod/QC_PREP/20251112/16/cd8f0873-44b7-3039-ad6b-151ae666fb82/1_org_zoom.jpg,https://cdn.dsmcdn.com/ty1788/prod/QC_PREP/20251112/16/3ce44386-8b0d-3982-96f9-b4d86c586c1b/1_org_zoom.jpg,https://cdn.dsmcdn.com/ty1788/prod/QC_PREP/20251112/16/909acd78-9139-3f46-aa7d-f03d46674dcc/1_org_zoom.jpg,1,Bugün Kargoda,https://www.trendyol.com/deerderi/london-vintage-kartlik-anneler-gunu-hediyesi-p-1048614409?merchantId=1155143&filterOverPriceListings=false
TY8682798890550,TY8682798890550,London Vintage Deri Kartlık Anneler Günü Hediyesi,"- Hakiki deri malzemesiyle üretilmiş, uzun ömürlü ve dayanıklı bir tasarıma sahiptir.; - Klasik düz deseni ve lacivert rengiyle zamansız bir şıklık sunar.; - Unisex tasarımı sayesinde hem erkekler hem de kadınlar için ideal bir hediye seçeneğidir.; - Yetişkin yaş grubuna hitap eden sofistike ve kullanışlı bir aksesuardır.; - Casual ve günlük kullanım için uygun olan bu kartlık, her türlü kombininize kolayca uyum sağlar.; - Gerçek deri kalitesiyle üstün bir dokunuş ve konfor sunar.; - Basic koleksiyonun bir parçası olarak, sade ve şık bir görünüm sergiler.; - Türkiye'de üretilmiş olup, yerel işçiliğin ve kaliteli malzemelerin birleşimini yansıtır.",799.9,799.9,1,5.465.489,Lacivert,,Unisex,DEERDERİ,Kartlık,https://cdn.dsmcdn.com/ty1907/prod/QC_ENRICHMENT/20260428/12/ecce910d-ec58-304b-9132-04bc895d64f5/1_org_zoom.jpg,https://cdn.dsmcdn.com/ty1891/prod/QC_ENRICHMENT/20260428/12/6cda31da-2f08-369f-bbb0-4d974f10e2c9/1_org_zoom.jpg,https://cdn.dsmcdn.com/ty1789/prod/QC_PREP/20251112/16/a347749e-82ef-3dd7-af7a-1f99f9006d65/1_org_zoom.jpg,https://cdn.dsmcdn.com/ty1788/prod/QC_PREP/20251112/16/7467a116-548f-34ca-af29-f6b226e1bf81/1_org_zoom.jpg,https://cdn.dsmcdn.com/ty1788/prod/QC_PREP/20251112/16/0a438c14-4ef5-33e0-82b3-07608c8e153c/1_org_zoom.jpg,https://cdn.dsmcdn.com/ty1789/prod/QC_PREP/20251112/16/16d64afa-ca98-38e2-a1bc-628ba05b73dd/1_org_zoom.jpg,https://cdn.dsmcdn.com/ty1790/prod/QC_PREP/20251112/16/76bc5155-84cd-32a8-9187-5a0abd9e665b/1_org_zoom.jpg,https://cdn.dsmcdn.com/ty1788/prod/QC_PREP/20251112/16/9a284dda-61c7-3619-a4c3-26d4428b52de/1_org_zoom.jpg,1,Bugün Kargoda,https://www.trendyol.com/deerderi/london-vintage-deri-kartlik-anneler-gunu-hediyesi-p-1048614407?merchantId=1155143&filterOverPriceListings=false
TY8682798890551,TY8682798890551,London Vintage Deri Kartlık,"- Basic koleksiyonun bir parçası olarak, günlük kullanım için ideal bir aksesuar.; - Yetişkinlerin şıklığını tamamlayacak, zamansız tasarımıyla dikkat çeken bir kartlık.; - Gerçek deri materyali sayesinde uzun ömürlü ve dayanıklı kullanım sunar.; - Kumaş tipi belirtilmemiş olup, deri kalitesinin ön plana çıktığı bir tasarıma sahiptir.; - Materyal bileşeni hakkında bilgi verilmemiş olsa da, hakiki deriden üretilmiştir.; - Türkiye'de üretilmiş olup, yerel işçiliği ve kalite standartlarını yansıtır.; - Düz deseniyle sade ve şık bir görünüm sağlar; her türlü kıyafetle kolayca uyum sağlar.; - Casual ortamlarda rahatlıkla tercih edilebilecek, günlük kullanım için uygundur.; - Unisex tasarımı ile hem kadınlar hem de erkekler tarafından rahatlıkla kullanılabilir.;",799.9,799.9,5,5.465.489,Bordo,,Unisex,DEERDERİ,Kartlık,https://cdn.dsmcdn.com/ty1940/prod/QC_ENRICHMENT/20260428/12/254e9ec0-2b10-326e-8f57-03934f57c181/1_org_zoom.jpg,https://cdn.dsmcdn.com/ty1936/prod/QC_ENRICHMENT/20260428/12/8c9c5a6f-34d1-330c-8133-0a9242eb222c/1_org_zoom.jpg,https://cdn.dsmcdn.com/ty1790/prod/QC_PREP/20251112/16/089c560b-b915-380b-9da7-fd3765dae3f7/1_org_zoom.jpg,https://cdn.dsmcdn.com/ty1788/prod/QC_PREP/20251112/16/2a13413d-f9b0-3376-a7a9-378459d24746/1_org_zoom.jpg,https://cdn.dsmcdn.com/ty1789/prod/QC_PREP/20251112/16/7e565a05-94c4-3747-9eeb-d7c37069a497/1_org_zoom.jpg,https://cdn.dsmcdn.com/ty1789/prod/QC_PREP/20251112/16/33c3f033-cb3c-38d1-a7a9-ac170b423d7a/1_org_zoom.jpg,https://cdn.dsmcdn.com/ty1788/prod/QC_PREP/20251112/16/7509232d-2c55-3039-b60b-6530c7aa0b22/1_org_zoom.jpg,https://cdn.dsmcdn.com/ty1788/prod/QC_PREP/20251112/16/38584832-b156-33a5-b078-dbb87595d4d0/1_org_zoom.jpg,1,Bugün Kargoda,https://www.trendyol.com/deerderi/london-vintage-deri-kartlik-p-1048614402?merchantId=1155143&filterOverPriceListings=false
TY8682798890552,TY8682798890552,London Vintage Deri Kartlık,"- Basic koleksiyonun bir parçası olarak, günlük kullanım için ideal bir aksesuar.; - Yetişkinlerin şıklığını tamamlayacak, zamansız tasarımıyla dikkat çeken bir kartlık.; - Gerçek deri materyali sayesinde uzun ömürlü ve dayanıklı kullanım sunar.; - Kumaş tipi belirtilmemiş olup, deri kalitesinin ön plana çıktığı bir tasarıma sahiptir.; - Materyal bileşeni hakkında bilgi verilmemiş olsa da, hakiki deriden üretilmiştir.; - Türkiye'de üretilmiş olup, yerel işçiliği ve kalite standartlarını yansıtır.; - Düz deseniyle sade ve şık bir görünüm sağlar; her türlü kıyafetle kolayca uyum sağlar.; - Casual ortamlarda rahatlıkla tercih edilebilecek, günlük kullanım için uygundur.; - Unisex tasarımı ile hem kadınlar hem de erkekler tarafından rahatlıkla kullanılabilir.;",799.9,799.9,3,5.465.489,Haki,,Unisex,DEERDERİ,Kartlık,https://cdn.dsmcdn.com/ty1937/prod/QC_ENRICHMENT/20260428/12/9099d1b8-dbbf-3d9e-8a1b-e723703e5a04/1_org_zoom.jpg,https://cdn.dsmcdn.com/ty1937/prod/QC_ENRICHMENT/20260428/12/5824959d-25af-3e4a-a09e-5cb99b389d97/1_org_zoom.jpg,https://cdn.dsmcdn.com/ty1788/prod/QC_PREP/20251112/16/877d11be-9a0d-38b8-9c08-53a1c3487be4/1_org_zoom.jpg,https://cdn.dsmcdn.com/ty1790/prod/QC_PREP/20251112/16/b7323564-6cdd-31e4-866f-11cba51ace44/1_org_zoom.jpg,https://cdn.dsmcdn.com/ty1789/prod/QC_PREP/20251112/16/feb896e1-54a4-3ed4-97c4-f6aa4d7df931/1_org_zoom.jpg,https://cdn.dsmcdn.com/ty1790/prod/QC_PREP/20251112/16/1a77a33f-a3f1-335d-ad6b-932b082c1725/1_org_zoom.jpg,https://cdn.dsmcdn.com/ty1788/prod/QC_PREP/20251112/16/19cecb0a-5f9c-35db-9059-9a96f78209ff/1_org_zoom.jpg,https://cdn.dsmcdn.com/ty1789/prod/QC_PREP/20251112/16/7550ab8e-d6e8-38ad-8000-a9f42f521b37/1_org_zoom.jpg,1,Bugün Kargoda,https://www.trendyol.com/deerderi/london-vintage-deri-kartlik-p-1048614302?merchantId=1155143&filterOverPriceListings=false
TY8682798890554,TY8682798890554,London Vintage Kartlık,"- Basic koleksiyonun bir parçası olarak, günlük kullanım için ideal bir aksesuar.; - Yetişkinlerin şıklığını tamamlayacak, zamansız tasarımıyla dikkat çeken bir kartlık.; - Gerçek deri materyali sayesinde uzun ömürlü ve dayanıklı kullanım sunar.; - Kumaş tipi belirtilmemiş olup, deri kalitesinin ön plana çıktığı bir tasarıma sahiptir.; - Materyal bileşeni hakkında bilgi verilmemiş olsa da, hakiki deriden üretilmiştir.; - Türkiye'de üretilmiş olup, yerel işçiliği ve kalite standartlarını yansıtır.; - Düz deseniyle sade ve şık bir görünüm sağlar; her türlü kıyafetle kolayca uyum sağlar.; - Casual ortamlarda rahatlıkla tercih edilebilecek, günlük kullanım için uygundur.; - Unisex tasarımı ile hem kadınlar hem de erkekler tarafından rahatlıkla kullanılabilir.;",799.9,799.9,8,5.465.489,Gri,,Unisex,DEERDERİ,Kartlık,https://cdn.dsmcdn.com/ty1940/prod/QC_ENRICHMENT/20260428/12/524b30d5-f6e5-36bd-b334-67dc89bd2e39/1_org_zoom.jpg,https://cdn.dsmcdn.com/ty1916/prod/QC_ENRICHMENT/20260428/12/06b8a63d-a02f-38bb-bfa6-635af69dee74/1_org_zoom.jpg,https://cdn.dsmcdn.com/ty1790/prod/QC_PREP/20251112/16/165262bd-2dcc-30db-a41a-51104b91b1a2/1_org_zoom.jpg,https://cdn.dsmcdn.com/ty1788/prod/QC_PREP/20251112/16/7e4f7597-d78f-3a98-acef-a70398468013/1_org_zoom.jpg,https://cdn.dsmcdn.com/ty1789/prod/QC_PREP/20251112/16/3627c156-77e5-3020-9bbf-d43f6fe3136e/1_org_zoom.jpg,https://cdn.dsmcdn.com/ty1788/prod/QC_PREP/20251112/16/68df3931-ebb3-3f89-bb76-e4aed22e39c7/1_org_zoom.jpg,https://cdn.dsmcdn.com/ty1790/prod/QC_PREP/20251112/16/d9f4f96d-d8bb-3ad0-b0eb-3968d69336a5/1_org_zoom.jpg,https://cdn.dsmcdn.com/ty1790/prod/QC_PREP/20251112/16/199bb581-794c-3017-a54a-a8d95e0410e8/1_org_zoom.jpg,1,Bugün Kargoda,https://www.trendyol.com/deerderi/london-vintage-kartlik-p-1048614254?merchantId=1155143&filterOverPriceListings=false
TY8682798890547,TY8682798890547,Kaos Hakiki Deri Kartlık,"TSE standartlarında Türkiye’de el işçiliğiyle titizlilikle üretilmiştir.; ; Tüm ürünlerimiz birinci sınıf deriden üretilmiş olup yırtılmalara karşı dayanıklıdır.; ; 2 adet kart bölmesi, 1 adet mekanizması mevcuttur.; ; 9.5 cm × 6.5 cm ölçülerine sahiptir.; ; Deri yüzeyindeki ton farklılıkları ve gözenek lekeleri, gerçek derinin doğal yapısından kaynaklanmaktadır.; ; Ürünlerimiz, özel Premium kutusunda veya alternatifli olarak hediye paketi ile gönderilmektedir.; ; - **Gerçek Deri Zarafeti:** Üstün kalitede hakiki deriden üretilmiş, uzun ömürlü ve şık bir tasarıma sahip.; - **Unisex Kullanım:** Hem erkekler hem de kadınlar için uygun, zamansız ve cinsiyet ayrımı gözetmeyen bir aksesuar.; - **Dikey Tasarım:** Kartlarınızı kolayca erişebileceğiniz dikey düzenlemeyle pratik kullanım sunar.; - **Kompakt Boyut:** Küçük boyutu sayesinde cüzdanınızda veya ceplerinizde rahatça taşınabilir.; - **Kahverengi Ton:** Klasik kahverengi rengiyle her kıyafetle uyum sağlar ve günlük kullanıma idealdir.; - **Basic Koleksiyon:** Sade ve şık tasarımıyla her ortama uyum sağlayan temel bir kartlık.; - **Günlük Kullanım İçin:** Casual ve günlük kullanıma uygun, rahatlığı ve şıklığı bir arada sunar.; - **Yerli Üretim:** Türkiye'de üretilmiş, kalite ve işçiliğin gururla sunulduğu bir ürün.",499.9,499.9,38,5.465.485,Kahverengi,,Unisex,DEERDERİ,Kartlık,https://cdn.dsmcdn.com/ty1897/prod/QC_ENRICHMENT/20260428/12/d0dff8c5-8993-301f-9b7a-d4aee29364fe/1_org_zoom.jpg,https://cdn.dsmcdn.com/ty1940/prod/QC_ENRICHMENT/20260428/12/d6d5677f-071b-398e-8648-2029ec1fb0f2/1_org_zoom.jpg,https://cdn.dsmcdn.com/ty1790/prod/QC_PREP/20251112/15/a21918f4-7645-3268-ab3a-f9132b77815c/1_org_zoom.jpg,https://cdn.dsmcdn.com/ty1789/prod/QC_PREP/20251112/15/289bcc2a-8f5e-3156-9353-b5611ea37c6b/1_org_zoom.jpg,https://cdn.dsmcdn.com/ty1788/prod/QC_PREP/20251112/15/2cf34347-c1df-3cb3-9c69-fa647a572525/1_org_zoom.jpg,https://cdn.dsmcdn.com/ty1790/prod/QC_PREP/20251112/15/f167c85b-6d8b-38b8-b7ff-1fdc6927b0a7/1_org_zoom.jpg,https://cdn.dsmcdn.com/ty1790/prod/QC_PREP/20251112/15/25a8c1da-df24-35ed-b9c6-10312afd4247/1_org_zoom.jpg,,1,Bugün Kargoda,https://www.trendyol.com/deerderi/kaos-hakiki-deri-kartlik-p-1048601390?merchantId=1155143&filterOverPriceListings=false
TY8682798890549,TY8682798890549,Kaos Hakiki Deri Kartlık,"TSE standartlarında Türkiye’de el işçiliğiyle titizlilikle üretilmiştir.; ; Tüm ürünlerimiz birinci sınıf deriden üretilmiş olup yırtılmalara karşı dayanıklıdır.; ; 2 adet kart bölmesi, 1 adet mekanizması mevcuttur.; ; 9.5 cm × 6.5 cm ölçülerine sahiptir.; ; Deri yüzeyindeki ton farklılıkları ve gözenek lekeleri, gerçek derinin doğal yapısından kaynaklanmaktadır.; ; Ürünlerimiz, özel Premium kutusunda veya alternatifli olarak hediye paketi ile gönderilmektedir.; ; - Hakiki deriden üretilmiş, uzun ömürlü ve dayanıklı kullanım sunar.; - Düz deseniyle sade ve şık bir görünüm sağlar.; - Dikey tasarımı sayesinde kartlarınızı kolayca yerleştirebilir ve çıkarabilirsiniz.; - Lacivert rengiyle her türlü kombinle uyum sağlar ve profesyonel bir hava katar.; - Küçük boyutuyla cebinizde veya çantanızda rahatlıkla taşıyabilirsiniz.; - Unisex tasarımı ile hem erkekler hem de kadınlar tarafından tercih edilebilir.; - Yetişkinler için ideal bir aksesuardır, günlük kullanım için uygundur.; - Basic koleksiyonunun bir parçası olarak, zamansız bir stil sunar.; - Casual ortamlarda rahatlıkla kullanabileceğiniz şık bir aksesuardır.; - Gerçek deri kalitesiyle birinci sınıf bir dokunuş sağlar.; - Hakiki deri materyal bileşeni, ürünün kalitesini ve dayanıklılığını artırır.; - Türkiye'de üretilmiştir, yerel üretim desteklenir.",499.9,499.9,30,5.465.485,Lacivert,,Unisex,DEERDERİ,Kartlık,https://cdn.dsmcdn.com/ty1931/prod/QC_ENRICHMENT/20260428/12/ab3a26f8-6815-3d77-bf15-21484472f7b0/1_org_zoom.jpg,https://cdn.dsmcdn.com/ty1857/prod/QC_ENRICHMENT/20260421/17/d1ef04af-06d0-3d72-8392-d9f1187de439/1_org_zoom.jpg,https://cdn.dsmcdn.com/ty1788/prod/QC_PREP/20251112/15/f99b88c0-4e9c-3bcf-9301-da86a39165da/1_org_zoom.jpg,https://cdn.dsmcdn.com/ty1788/prod/QC_PREP/20251112/15/8c00e385-4fca-3e48-a0ab-3323525ec3a7/1_org_zoom.jpg,https://cdn.dsmcdn.com/ty1788/prod/QC_PREP/20251112/15/78f46c37-2b02-3f2d-bab3-c0ee7f4b05ce/1_org_zoom.jpg,https://cdn.dsmcdn.com/ty1789/prod/QC_PREP/20251112/15/8d96b2f3-31bc-3ade-8afb-85517c89cff4/1_org_zoom.jpg,https://cdn.dsmcdn.com/ty1788/prod/QC_PREP/20251112/15/6ec6ddc2-88cc-363e-8d42-566f2447a684/1_org_zoom.jpg,,1,Bugün Kargoda,https://www.trendyol.com/deerderi/kaos-hakiki-deri-kartlik-p-1048601374?merchantId=1155143&filterOverPriceListings=false
TY8682798890548,TY8682798890548,Kaos Hakiki Deri Kartlık,"TSE standartlarında Türkiye’de el işçiliğiyle titizlilikle üretilmiştir.; ; Tüm ürünlerimiz birinci sınıf deriden üretilmiş olup yırtılmalara karşı dayanıklıdır.; ; 2 adet kart bölmesi, 1 adet mekanizması mevcuttur.; ; 9.5 cm × 6.5 cm ölçülerine sahiptir.; ; Deri yüzeyindeki ton farklılıkları ve gözenek lekeleri, gerçek derinin doğal yapısından kaynaklanmaktadır.; ; Ürünlerimiz, özel Premium kutusunda veya alternatifli olarak hediye paketi ile gönderilmektedir.; ;",499.9,499.9,48,5.465.485,Siyah,,Unisex,DEERDERİ,Kartlık,https://cdn.dsmcdn.com/ty1940/prod/QC_ENRICHMENT/20260428/12/4d45cf92-d666-3b1c-af16-55414c3da776/1_org_zoom.jpg,https://cdn.dsmcdn.com/ty1942/prod/QC_ENRICHMENT/20260428/12/ce62b540-925c-3421-8615-58919d10ef00/1_org_zoom.jpg,https://cdn.dsmcdn.com/ty1788/prod/QC_PREP/20251112/15/72e18f3d-df9f-3ffd-b5af-dc59897341e3/1_org_zoom.jpg,https://cdn.dsmcdn.com/ty1789/prod/QC_PREP/20251112/15/cccf3ac3-6c13-3e4b-a649-e083a367edf3/1_org_zoom.jpg,https://cdn.dsmcdn.com/ty1789/prod/QC_PREP/20251112/15/34591b37-bc45-3183-87a5-ac9d23f5208c/1_org_zoom.jpg,https://cdn.dsmcdn.com/ty1790/prod/QC_PREP/20251112/15/0cf28238-056b-3657-90dd-2fa4e9be5c00/1_org_zoom.jpg,https://cdn.dsmcdn.com/ty1788/prod/QC_PREP/20251112/15/d92b7cf5-8e78-34a5-9b6a-85810f44a1ae/1_org_zoom.jpg,https://cdn.dsmcdn.com/ty1790/prod/QC_PREP/20251112/15/ead81151-7a7c-34b9-b5c4-db097b38da66/1_org_zoom.jpg,1,Bugün Kargoda,https://www.trendyol.com/deerderi/kaos-hakiki-deri-kartlik-p-1048601281?merchantId=1155143&filterOverPriceListings=false
TY8682798890544,TY8682798890544,Jüpiter Vintage Cüzdan Kartlık,"•TSE standartlarında Türkiye’de el işçiliğiyle titizlilikle üretilmiştir.; •Tüm ürünlerimiz birinci sınıf deriden üretilmiş olup yırtılmalara karşı dayanıklıdır.; •Özel seri Vintage (Crazy Deri)’den üretilmiştir.; •11 adet kart bölmesi,2 adet kağıt para bölmesi mevcuttur.; •11.5 cm × 9 cm ölçülerine sahiptir.; •Deri yüzeyindeki ton farklılıkları ve gözenek lekeleri, gerçek derinin doğal yapısından kaynaklanmaktadır.; •Ürünlerimiz, özel Premium kutusunda veya alternatifli olarak hediye paketi ile gönderilmektedir.; - Hakiki deri malzemesiyle üretilmiş, uzun ömürlü ve dayanıklı bir yapıya sahiptir.; - Sade ve şık tasarımıyla her ortama uyum sağlayan düz desenli bir cüzdan kartlıktır.; - Yatay kullanım özelliği sayesinde kartlarınızı ve nakit paranızı kolayca erişebilirsiniz.; - Klasik taba rengiyle zamansız bir görünüm sunar ve her kıyafetle kombinlenebilir.; - Küçük boyutuyla cebinizde veya çantanızda rahatça taşıyabileceğiniz ideal bir aksesuardır.; - Hem erkekler hem de kadınlar için uygun unisex tasarımıyla geniş bir kullanıcı kitlesine hitap eder.; - Yetişkinler için tasarlanmış olup, günlük kullanım için mükemmel bir seçenektir.; - Casual/günlük ortamlarda rahatlıkla kullanabileceğiniz basic bir koleksiyondur.; - Gerçek deri kalitesiyle birinci sınıf bir dokunuş sunar ve konforlu bir kullanım sağlar.; - Türkiye'de üretilmiş olup, yerel işçiliği destekler.",999.9,999.9,6,5.465.482,Taba,,Unisex,DEERDERİ,Kartlık,https://cdn.dsmcdn.com/ty1939/prod/QC_ENRICHMENT/20260428/12/e3b14b8b-b535-3e2d-be7d-3535c640e27b/1_org_zoom.jpg,https://cdn.dsmcdn.com/ty1941/prod/QC_ENRICHMENT/20260428/12/b7ae2496-b719-392e-a0c7-8c2e9c62ef26/1_org_zoom.jpg,https://cdn.dsmcdn.com/ty1789/prod/QC_PREP/20251112/15/3baeb11c-ed7a-3fd1-994d-7f4fa9a1b941/1_org_zoom.jpg,https://cdn.dsmcdn.com/ty1790/prod/QC_PREP/20251112/15/2fb04031-8942-35b5-a180-b8b7bc28aa6c/1_org_zoom.jpg,https://cdn.dsmcdn.com/ty1789/prod/QC_PREP/20251112/15/4f58258a-ee7a-3afd-9cad-909bd12a09aa/1_org_zoom.jpg,https://cdn.dsmcdn.com/ty1789/prod/QC_PREP/20251112/15/a7b83366-849b-3cb1-952f-5243e9996bc3/1_org_zoom.jpg,https://cdn.dsmcdn.com/ty1790/prod/QC_PREP/20251112/15/c50dd7aa-347d-37f2-865f-bf4c524177a5/1_org_zoom.jpg,,1,Bugün Kargoda,https://www.trendyol.com/deerderi/jupiter-vintage-cuzdan-kartlik-p-1048580311?merchantId=1155143&filterOverPriceListings=false
TY8682798890545,TY8682798890545,Jüpiter Vintage Cüzdan Kartlık,"•TSE standartlarında Türkiye’de el işçiliğiyle titizlilikle üretilmiştir.; •Tüm ürünlerimiz birinci sınıf deriden üretilmiş olup yırtılmalara karşı dayanıklıdır.; •Özel seri Vintage (Crazy Deri)’den üretilmiştir.; •11 adet kart bölmesi,2 adet kağıt para bölmesi mevcuttur.; •11.5 cm × 9 cm ölçülerine sahiptir.; •Deri yüzeyindeki ton farklılıkları ve gözenek lekeleri, gerçek derinin doğal yapısından kaynaklanmaktadır.; •Ürünlerimiz, özel Premium kutusunda veya alternatifli olarak hediye paketi ile gönderilmektedir.; - Gerçek hakiki deri kullanılarak üretilmiş, uzun ömürlü ve dayanıklı bir yapıya sahiptir.; - Düz deseniyle zamansız bir şıklık sunar ve her türlü kıyafetle kolayca kombinlenebilir.; - Yatay tasarımı sayesinde kartlarınızı ve nakit paranızı rahatça taşıyabilirsiniz.; - Klasik kahverengi rengiyle her ortama uyum sağlar ve şık bir görünüm kazandırır.; - Küçük boyutu ile cebinizde veya çantanızda kolayca taşınabilir, pratik kullanım sunar.; - Unisex tasarımı sayesinde hem erkekler hem de kadınlar tarafından rahatlıkla kullanılabilir.; - Yetişkinler için ideal olan bu cüzdan, günlük kullanım için mükemmel bir aksesuardır.; - Basic koleksiyonuna ait olan bu model, sadeliği ve işlevselliği bir arada sunar.; - Günlük kullanım için uygun casual tasarımıyla rahatlığı ön planda tutar.; - Türk malı olmasıyla yerel üretim desteklenmiş ve kalite standartlarına uygun olarak üretilmiştir.",999.9,999.9,19,5.465.482,Kahverengi,,Unisex,DEERDERİ,Kartlık,https://cdn.dsmcdn.com/ty1940/prod/QC_ENRICHMENT/20260428/13/ffcbd048-14f2-33a4-9d9b-382af7ba642e/1_org_zoom.jpg,https://cdn.dsmcdn.com/ty1940/prod/QC_ENRICHMENT/20260428/13/4cd16c13-fc0f-3796-b56b-a396d88950cb/1_org_zoom.jpg,https://cdn.dsmcdn.com/ty1790/prod/QC_PREP/20251112/15/977b195b-7121-3a1d-a86a-52eb31e6e02a/1_org_zoom.jpg,https://cdn.dsmcdn.com/ty1789/prod/QC_PREP/20251112/15/96f81cf8-7b0f-30d3-96d2-84411195a831/1_org_zoom.jpg,https://cdn.dsmcdn.com/ty1789/prod/QC_PREP/20251112/15/60c93a19-8772-390e-85e7-1764a09cf410/1_org_zoom.jpg,https://cdn.dsmcdn.com/ty1788/prod/QC_PREP/20251112/15/aa4162a8-7a9d-3ac0-afca-1627b84e9bb1/1_org_zoom.jpg,https://cdn.dsmcdn.com/ty1788/prod/QC_PREP/20251112/15/910e4733-6e67-3e09-9004-e9b62fea1e11/1_org_zoom.jpg,,1,Bugün Kargoda,https://www.trendyol.com/deerderi/jupiter-vintage-cuzdan-kartlik-p-1048580302?merchantId=1155143&filterOverPriceListings=false
TY8682798890546,TY8682798890546,Jüpiter Vintage Cüzdan Kartlık,"•TSE standartlarında Türkiye’de el işçiliğiyle titizlilikle üretilmiştir.; •Tüm ürünlerimiz birinci sınıf deriden üretilmiş olup yırtılmalara karşı dayanıklıdır.; •Özel seri Vintage (Crazy Deri)’den üretilmiştir.; •11 adet kart bölmesi,2 adet kağıt para bölmesi mevcuttur.; •11.5 cm × 9 cm ölçülerine sahiptir.; •Deri yüzeyindeki ton farklılıkları ve gözenek lekeleri, gerçek derinin doğal yapısından kaynaklanmaktadır.; •Ürünlerimiz, özel Premium kutusunda veya alternatifli olarak hediye paketi ile gönderilmektedir.; - Gerçek hakiki deri materyali ile üretilmiş, uzun ömürlü ve dayanıklı bir yapıya sahiptir.; - Sade ve şık tasarımıyla her ortama uyum sağlayan düz desenli bir görünüme sahiptir.; - Yatay tasarımı sayesinde kartların ve nakit paranın kolayca erişilebilir olmasını sağlar.; - Klasik bordo rengi ile zamansız bir stil sunar ve kolayca kombinlenebilir.; - Küçük boyutuyla cebinizde rahatça taşınabilir ve pratik bir kullanım sunar.; - Hem erkekler hem de kadınlar için uygun unisex tasarımıyla herkesin tercihi olabilir.; - Yetişkinler için ideal olan bu cüzdan, günlük kullanım için mükemmel bir aksesuardır.; - Basic koleksiyonunun bir parçası olarak, her gardıropta olması gereken temel bir üründür.; - Casual ve günlük ortamlarda rahatlıkla kullanabileceğiniz şık bir aksesuardır.; - Türkiye'de üretilmiş olup, yerel işçiliğin ve kalitenin bir göstergesidir.",999.9,999.9,3,5.465.482,Bordo,,Unisex,DEERDERİ,Kartlık,https://cdn.dsmcdn.com/ty1940/prod/QC_ENRICHMENT/20260428/13/4d171ec0-3265-396e-b00e-35fbb321a4e9/1_org_zoom.jpg,https://cdn.dsmcdn.com/ty1917/prod/QC_ENRICHMENT/20260428/13/91298d75-b7b6-3d0e-ae11-5a8026c795cd/1_org_zoom.jpg,https://cdn.dsmcdn.com/ty1789/prod/QC_PREP/20251112/15/7a8bc524-d8a3-3a95-b782-0dfa0c71e2fb/1_org_zoom.jpg,https://cdn.dsmcdn.com/ty1789/prod/QC_PREP/20251112/15/9774c1c4-b4a0-39ad-9812-24a68de7e1c5/1_org_zoom.jpg,https://cdn.dsmcdn.com/ty1789/prod/QC_PREP/20251112/15/6840ea8c-c913-3cb4-a27f-69c7eb7b97a5/1_org_zoom.jpg,https://cdn.dsmcdn.com/ty1790/prod/QC_PREP/20251112/15/9b46b1a3-a326-3926-bb79-9ee807acbefd/1_org_zoom.jpg,https://cdn.dsmcdn.com/ty1790/prod/QC_PREP/20251112/15/61a8823a-6473-3429-8978-daa6d36ff140/1_org_zoom.jpg,,1,Bugün Kargoda,https://www.trendyol.com/deerderi/jupiter-vintage-cuzdan-kartlik-p-1048580300?merchantId=1155143&filterOverPriceListings=false
TY8682798890543,TY8682798890543,Jüpiter Vintage Cüzdan Kartlık,"•TSE standartlarında Türkiye’de el işçiliğiyle titizlilikle üretilmiştir.; •Tüm ürünlerimiz birinci sınıf deriden üretilmiş olup yırtılmalara karşı dayanıklıdır.; •Özel seri Vintage (Crazy Deri)’den üretilmiştir.; •11 adet kart bölmesi,2 adet kağıt para bölmesi mevcuttur.; •11.5 cm × 9 cm ölçülerine sahiptir.; •Deri yüzeyindeki ton farklılıkları ve gözenek lekeleri, gerçek derinin doğal yapısından kaynaklanmaktadır.; •Ürünlerimiz, özel Premium kutusunda veya alternatifli olarak hediye paketi ile gönderilmektedir.; - Hakiki deri malzemesiyle üretilmiş, uzun ömürlü ve dayanıklı bir kullanım sunar.; - Sade ve şık tasarımıyla her türlü kıyafetle kolayca kombinlenebilir.; - Yatay yapısı sayesinde kartların ve nakit paranın rahatça taşınmasını sağlar.; - Klasik siyah rengiyle zamansız bir görünüm kazandırır ve her ortama uyum sağlar.; - Küçük boyutu, cebinizde veya çantanızda kolayca taşınabilir.; - Hem erkekler hem de kadınlar için uygun unisex tasarımıyla herkesin beğenisine hitap eder.; - Yetişkinler için ideal bir aksesuar olup, günlük kullanım için uygundur.; - Basic koleksiyonunun bir parçası olarak, minimalist ve modern tarzı yansıtır.; - Casual ortamlarda rahatlıkla kullanabileceğiniz şık ve fonksiyonel bir aksesuardır.; - Türkiye'de üretilmiştir, yerel üretimden gurur duyanlar için idealdir.",999.9,999.9,42,5.465.482,Siyah,,Unisex,DEERDERİ,Kartlık,https://cdn.dsmcdn.com/ty1941/prod/QC_ENRICHMENT/20260428/13/cc92e8f3-8ddf-3a23-81b7-bf35ae0c830f/1_org_zoom.jpg,https://cdn.dsmcdn.com/ty1858/prod/QC_ENRICHMENT/20260421/17/b2d3ae89-8bdd-3e18-b380-8569a7f4ec9f/1_org_zoom.jpg,https://cdn.dsmcdn.com/ty1789/prod/QC_PREP/20251112/15/764b703c-86f5-3552-8f29-5a8acdf29ceb/1_org_zoom.jpg,https://cdn.dsmcdn.com/ty1789/prod/QC_PREP/20251112/15/aab31c71-ba7c-3cc0-8751-b2c2059e1047/1_org_zoom.jpg,https://cdn.dsmcdn.com/ty1788/prod/QC_PREP/20251112/15/3ba9718b-77ab-3acf-9675-396ef6bfb381/1_org_zoom.jpg,https://cdn.dsmcdn.com/ty1788/prod/QC_PREP/20251112/15/e2eeb5bd-192a-3940-8b12-9a10fca3634c/1_org_zoom.jpg,https://cdn.dsmcdn.com/ty1788/prod/QC_PREP/20251112/15/9804d0e6-de54-316a-b7f9-c335ccc1f3c5/1_org_zoom.jpg,,1,Bugün Kargoda,https://www.trendyol.com/deerderi/jupiter-vintage-cuzdan-kartlik-p-1048580284?merchantId=1155143&filterOverPriceListings=false
TY8682798890539,TY8682798890539,Hypnos Hakiki Deri Telefon Bölmeli Portföy Cüzdan,"TSE standartlarında Türkiye’de el işçiliğiyle titizlilikle üretilmiştir.; ; Tüm ürünlerimiz birinci sınıf deriden üretilmiş olup yırtılmalara karşı dayanıklıdır.; ; 7 adet kart bölmesi, telefon bölmesi, 2 adet kağıt para bölmesi mevcuttur.; ; 9 cm × 16.5 cm ölçülerine sahiptir.; ; Deri yüzeyindeki ton farklılıkları ve gözenek lekeleri, gerçek derinin doğal yapısından kaynaklanmaktadır.; ; Ürünlerimiz, özel Premium kutusunda veya alternatifli olarak hediye paketi ile gönderilmektedir.; - **Hakiki Deri Kalitesi:** Hypnos portföy cüzdan, uzun ömürlü kullanım için yüksek kaliteli hakiki deriden üretilmiştir.; - **Zarif Lacivert Tonu:** Klasik ve şık bir görünüm sunan lacivert rengiyle her ortama uyum sağlar.; - **Geniş Telefon Bölmesi:** Telefonunuzu güvenle taşımanız için özel olarak tasarlanmış geniş telefon bölmesine sahiptir.; - **Unisex Tasarım:** Hem erkekler hem de kadınlar için uygun, unisex bir tasarıma sahiptir.; - **Büyük Boy Kullanım Alanı:** Geniş iç hacmi sayesinde kredi kartları, nakit para ve diğer kişisel eşyalarınızı rahatça saklayabilirsiniz.; - **Casual Günlük Kullanım:** Günlük kullanım için ideal olan bu portföy cüzdan, şıklığınızı tamamlar.; - **Basic Koleksiyon:** Zamansız tasarımıyla her sezon rahatlıkla kullanabileceğiniz basic bir modeldir.; - **Türkiye Menşeli Ürün:** Gururla Türkiye'de üretilmiştir.",999.9,999.9,15,5.465.478,Lacivert,,Unisex,DEERDERİ,Cüzdan,https://cdn.dsmcdn.com/ty1942/prod/QC_ENRICHMENT/20260428/13/ed2f3644-e504-39cc-b60b-3b4d0a72c5d2/1_org_zoom.jpg,https://cdn.dsmcdn.com/ty1857/prod/QC_ENRICHMENT/20260421/17/2dd2ffbe-02f6-3cad-84cd-84e1b3389fba/1_org_zoom.jpg,https://cdn.dsmcdn.com/ty1786/prod/QC_PREP/20251111/09/fe49c594-fe93-3f3c-8167-4ca5aa84938b/1_org_zoom.jpg,https://cdn.dsmcdn.com/ty1787/prod/QC_PREP/20251111/09/d8811a2d-91fa-344e-8dec-c47f8ef39748/1_org_zoom.jpg,https://cdn.dsmcdn.com/ty1787/prod/QC_PREP/20251111/09/668395e9-d028-321e-9ab4-e101c22fb91c/1_org_zoom.jpg,https://cdn.dsmcdn.com/ty1785/prod/QC_PREP/20251111/09/5ef2fb87-57f7-3b05-8414-079ac0d7e4b1/1_org_zoom.jpg,,,1,Bugün Kargoda,https://www.trendyol.com/deerderi/hypnos-hakiki-deri-telefon-bolmeli-portfoy-cuzdan-p-1047556817?merchantId=1155143&filterOverPriceListings=false
TY8682798890540,TY8682798890540,Hypnos Hakiki Deri Telefon Bölmeli Portföy Cüzdan,"TSE standartlarında Türkiye’de el işçiliğiyle titizlilikle üretilmiştir.; ; Tüm ürünlerimiz birinci sınıf deriden üretilmiş olup yırtılmalara karşı dayanıklıdır.; ; 7 adet kart bölmesi, telefon bölmesi, 2 adet kağıt para bölmesi mevcuttur.; ; 9 cm × 16.5 cm ölçülerine sahiptir.; ; Deri yüzeyindeki ton farklılıkları ve gözenek lekeleri, gerçek derinin doğal yapısından kaynaklanmaktadır.; ; Ürünlerimiz, özel Premium kutusunda veya alternatifli olarak hediye paketi ile gönderilmektedir.; - **Hakiki Deri Kalitesi:** Hypnos portföy cüzdan, uzun ömürlü kullanım sunan hakiki deriden üretilmiştir.; - **Şık ve Zamansız Tasarım:** Düz deseni ve bordo rengiyle her ortama uyum sağlayan klasik bir tasarıma sahiptir.; - **Geniş Telefon Bölmesi:** Büyük boy tasarımı sayesinde telefonunuzu güvenle taşıyabilirsiniz.; - **Unisex Kullanım:** Hem erkekler hem de kadınlar için uygun, unisex bir aksesuardır.; - **Her Yaşa Uygun:** Yetişkinlerin yanı sıra genç kullanıcılar için de idealdir.; - **Günlük Kullanıma Uygun:** Casual ve günlük kullanım için mükemmel bir aksesuardır.; - **Yerli Üretim:** Türkiye'de üretilmiş olup, yerel ekonomiye katkı sağlar.; - **Koleksiyon:** Basic koleksiyonun bir parçası olarak, her gardıropta temel bir parça olmaya adaydır.; - **Yıkama Talimatı:** Type 4 yıkama talimatına uygun şekilde bakımı kolaydır.",999.9,999.9,6,5.465.478,Bordo,,Unisex,DEERDERİ,Cüzdan,https://cdn.dsmcdn.com/ty1939/prod/QC_ENRICHMENT/20260428/13/01225dcb-18a2-356d-9d0e-f2cd96803b9d/1_org_zoom.jpg,https://cdn.dsmcdn.com/ty1941/prod/QC_ENRICHMENT/20260428/13/aef420ae-e45d-304a-b86d-807ed4dace1c/1_org_zoom.jpg,https://cdn.dsmcdn.com/ty1786/prod/QC_PREP/20251111/09/b8efa11b-c786-356c-90d8-69ebe3f07a53/1_org_zoom.jpg,https://cdn.dsmcdn.com/ty1786/prod/QC_PREP/20251111/09/9c3626a5-e889-349b-bada-bb99c9abd676/1_org_zoom.jpg,https://cdn.dsmcdn.com/ty1787/prod/QC_PREP/20251111/09/63595125-24fd-3844-9ae3-182e21624d94/1_org_zoom.jpg,https://cdn.dsmcdn.com/ty1785/prod/QC_PREP/20251111/09/8aecaf69-6128-332b-bb5b-a9314f4f9ebd/1_org_zoom.jpg,,,1,Bugün Kargoda,https://www.trendyol.com/deerderi/hypnos-hakiki-deri-telefon-bolmeli-portfoy-cuzdan-p-1047556766?merchantId=1155143&filterOverPriceListings=false
TY8682798890541,TY8682798890541,Hypnos Hakiki Deri Telefon Bölmeli Portföy Cüzdan,,999.9,999.9,0,5.465.478,Siyah,,Unisex,DEERDERİ,Cüzdan,https://cdn.dsmcdn.com/ty1786/prod/QC_PREP/20251111/09/9b4b4280-ce11-39fc-93c0-f539a43d7585/1_org_zoom.jpg,https://cdn.dsmcdn.com/ty1785/prod/QC_PREP/20251111/09/117e63f5-eb72-3e50-b1b3-869226930e4d/1_org_zoom.jpg,https://cdn.dsmcdn.com/ty1786/prod/QC_PREP/20251111/09/4e156235-73b7-353b-bb2b-e8a8a34d3bf8/1_org_zoom.jpg,https://cdn.dsmcdn.com/ty1786/prod/QC_PREP/20251111/09/2962a1b8-dd1a-3d2e-9890-c3506c6cca22/1_org_zoom.jpg,,,,,1,Bugün Kargoda,https://www.trendyol.com/deerderi/hypnos-hakiki-deri-telefon-bolmeli-portfoy-cuzdan-p-1047556759?merchantId=1155143&filterOverPriceListings=false
TY8682798890542,TY8682798890542,Hypnos Hakiki Deri Telefon Bölmeli Portföy Cüzdan,"TSE standartlarında Türkiye’de el işçiliğiyle titizlilikle üretilmiştir.; ; Tüm ürünlerimiz birinci sınıf deriden üretilmiş olup yırtılmalara karşı dayanıklıdır.; ; 7 adet kart bölmesi, telefon bölmesi, 2 adet kağıt para bölmesi mevcuttur.; ; 9 cm × 16.5 cm ölçülerine sahiptir.; ; Deri yüzeyindeki ton farklılıkları ve gözenek lekeleri, gerçek derinin doğal yapısından kaynaklanmaktadır.; ; Ürünlerimiz, özel Premium kutusunda veya alternatifli olarak hediye paketi ile gönderilmektedir.; - **Hakiki Deri Kalitesi:** Hypnos portföy cüzdan, uzun ömürlü ve dayanıklı kullanım sunan hakiki deri malzemeden üretilmiştir.; - **Şık ve Zamansız Tasarım:** Düz deseni ve kahverengi rengiyle her ortama uyum sağlayan klasik bir görünüme sahiptir.; - **Geniş Telefon Bölmesi:** Büyük boy tasarımı sayesinde telefonunuzu güvenle taşıyabileceğiniz özel bir bölmeye sahiptir.; - **Unisex Kullanım:** Hem erkekler hem de kadınlar için uygun, unisex bir tasarıma sahiptir.; - **Casual Kullanım İçin İdeal:** Günlük kullanım için ideal olan bu portföy cüzdan, rahatlığı ve şıklığı bir arada sunar.; - **Yetişkinlere Özel:** Yetişkin yaş grubuna hitap eden, sofistike ve kullanışlı bir aksesuardır.; - **Yerli Üretim:** Türkiye'de üretilmiş olup, yerel iş gücüne katkı sağlamaktadır.",999.9,999.9,2,5.465.478,Kahverengi,,Unisex,DEERDERİ,Cüzdan,https://cdn.dsmcdn.com/ty1941/prod/QC_ENRICHMENT/20260428/13/991cc0a2-7de0-3f45-b960-1f4e589ab0bd/1_org_zoom.jpg,https://cdn.dsmcdn.com/ty1932/prod/QC_ENRICHMENT/20260428/13/7a85e428-835b-32da-b429-141dc0270461/1_org_zoom.jpg,https://cdn.dsmcdn.com/ty1785/prod/QC_PREP/20251111/09/deb38452-614d-3130-a317-6942d3205042/1_org_zoom.jpg,https://cdn.dsmcdn.com/ty1787/prod/QC_PREP/20251111/09/a93f6eaf-b610-37a9-8eb8-8292fc3c880a/1_org_zoom.jpg,https://cdn.dsmcdn.com/ty1785/prod/QC_PREP/20251111/09/69713021-6c2d-3a7e-afda-a75fada71ce0/1_org_zoom.jpg,https://cdn.dsmcdn.com/ty1786/prod/QC_PREP/20251111/09/7854eb78-9029-398c-8ab4-cc9a95577aad/1_org_zoom.jpg,,,1,Bugün Kargoda,https://www.trendyol.com/deerderi/hypnos-hakiki-deri-telefon-bolmeli-portfoy-cuzdan-p-1047556404?merchantId=1155143&filterOverPriceListings=false
TY8682798890536,TY8682798890536,Hestia Hakiki & Vintage Deri El Çantası,"•Tüm ürünlerimiz birinci sınıf deriden üretilmiş olup yırtılmalara karşı dayanıklıdır.; ; ⦁Özel seri Vintage deri ( Crazy Deri )’den üretilmiştir.; ; ⦁1 adet telefon bölmesi,12 adet kart bölmesi, 2 adet kağıt para bölmesi,1 adet bozuk para bölmesi, 2 adet fermuar bölmesi mevcuttur.; ; ⦁21cm × 12 cm ölçülerine sahiptir.; ; ⦁Kalınlık 4.5 cm Geniş iç hacime sahiptir.; ; ⦁El askısı mevcuttur.; ; ⦁Deri yüzeyindeki ton farklılıkları ve gözenek lekeleri, gerçek derinin doğal yapısından kaynaklanmaktadır.; ; ⦁Ürünlerimiz, özel Premium kutusunda veya alternatifli olarak hediye paketi ile gönderilmektedir.; - **Hakiki Deri Zarafeti:** Hestia el çantası, üstün kalitede hakiki deri kullanılarak üretilmiştir ve uzun ömürlü bir kullanım sunar.; - **Zarif ve Sade Tasarım:** Düz deseni ve siyah rengiyle her kıyafetle kolayca uyum sağlayan klasik bir tasarıma sahiptir.; - **İdeal Boyut:** Orta boy tasarımı, günlük kullanım için idealdir ve kişisel eşyalarınızı rahatça taşımanızı sağlar.; - **Unisex Kullanım:** Hem kadınlar hem de erkekler için uygun olan unisex tasarımıyla geniş bir kullanıcı kitlesine hitap eder.; - **Yetişkin Şıklığı:** Yetişkin yaş grubuna yönelik olarak tasarlanmış olup, sofistike ve şık bir görünüm sunar.; - **Basic Koleksiyonun Parçası:** Temel ve zamansız parçalar koleksiyonunun bir üyesi olarak, gardırobunuzun vazgeçilmezi olacak.; - **Gerçek Deri Kalitesi:** Gerçek deri kalitesiyle dayanıklılık ve estetik görünümü bir arada sunar.; - **Hassas Yıkama Talimatları:** Type 4 yıkama talimatına uygun şekilde temizlenmesi, ürünün ömrünü uzatır.; - **Türkiye Menşeli Ürün:** Gururla Türkiye'de üretilmiştir, yerel işçiliği destekler.",2199.9,2199.9,6,5.465.475,Siyah,,Unisex,DEERDERİ,El Çantası,https://cdn.dsmcdn.com/ty1939/prod/QC_ENRICHMENT/20260428/13/b5946fbe-b387-3141-8506-395b4c148e01/1_org_zoom.jpg,https://cdn.dsmcdn.com/ty1940/prod/QC_ENRICHMENT/20260428/13/c54d0fd1-942c-3799-92f8-3b52f1896329/1_org_zoom.jpg,https://cdn.dsmcdn.com/ty1786/prod/QC_PREP/20251111/09/a2ef3cc7-3945-3b70-97df-4871ac84f07b/1_org_zoom.jpg,https://cdn.dsmcdn.com/ty1785/prod/QC_PREP/20251111/09/fb4104da-a312-35d3-ba4b-351f878eb005/1_org_zoom.jpg,https://cdn.dsmcdn.com/ty1787/prod/QC_PREP/20251111/09/5bea21f5-8918-339e-a5c5-1a5f8a1ef620/1_org_zoom.jpg,https://cdn.dsmcdn.com/ty1785/prod/QC_PREP/20251111/09/e006f182-cc46-3b54-a03e-550a34f3ccfa/1_org_zoom.jpg,https://cdn.dsmcdn.com/ty1785/prod/QC_PREP/20251111/09/73001f3f-d40c-36a9-8eb4-60a34a68197a/1_org_zoom.jpg,,1,Bugün Kargoda,https://www.trendyol.com/deerderi/hestia-hakiki-vintage-deri-el-cantasi-p-1047545228?merchantId=1155143&filterOverPriceListings=false
TY8682798890538,TY8682798890538,Hestia Hakiki & Vintage Deri El Çantası,"•Tüm ürünlerimiz birinci sınıf deriden üretilmiş olup yırtılmalara karşı dayanıklıdır.; ; ⦁Özel seri Vintage deri ( Crazy Deri )’den üretilmiştir.; ; ⦁1 adet telefon bölmesi,12 adet kart bölmesi, 2 adet kağıt para bölmesi,1 adet bozuk para bölmesi, 2 adet fermuar bölmesi mevcuttur.; ; ⦁21cm × 12 cm ölçülerine sahiptir.; ; ⦁Kalınlık 4.5 cm Geniş iç hacime sahiptir.; ; ⦁El askısı mevcuttur.; ; ⦁Deri yüzeyindeki ton farklılıkları ve gözenek lekeleri, gerçek derinin doğal yapısından kaynaklanmaktadır.; ; ⦁Ürünlerimiz, özel Premium kutusunda veya alternatifli olarak hediye paketi ile gönderilmektedir.; - **Hakiki Deri Zarafeti:** Hestia el çantası, hakiki deri materyaliyle uzun ömürlü ve şık bir kullanım sunar.; - **Zamansız Düz Desen:** Sade ve şık tasarımıyla her kıyafetle kolayca uyum sağlar.; - **Klasik Kahverengi Ton:** Kahverengi rengi, hem erkek hem de kadın kullanıcılar için zamansız bir seçenektir.; - **İdeal Orta Boy:** Günlük kullanım için ideal boyutlarda tasarlanmıştır, eşyalarınızı rahatça taşıyabilirsiniz.; - **Unisex Tasarım:** Hem kadınlar hem de erkekler tarafından rahatlıkla kullanılabilir, unisex bir tarza sahiptir.; - **Yetişkinlere Özel:** Yetişkinlerin ihtiyaçlarına yönelik olarak tasarlanmıştır, dayanıklılık ve şıklığı bir arada sunar.; - **Basic Koleksiyonun Temel Parçası:** Hestia el çantası, basic koleksiyonun vazgeçilmez bir parçasıdır.; - **Gerçek Deri Kalitesi:** Yüksek kaliteli gerçek deri kullanımı, çantanın uzun süre ilk günkü gibi kalmasını sağlar.; - **Kolay Bakım:** Type 4 yıkama talimatları sayesinde bakımı kolaydır ve uzun ömürlü kullanım imkanı sunar.; - **Türk Malı Ürün:** Türkiye'de üretilmiştir, yerel işçiliğin ve kalitenin bir göstergesidir.",2199.9,2199.9,4,5.465.475,Kahverengi,,Unisex,DEERDERİ,El Çantası,https://cdn.dsmcdn.com/ty1906/prod/QC_ENRICHMENT/20260428/13/ace7cd8a-a6e4-3ebd-a883-69b92c8fe8ee/1_org_zoom.jpg,https://cdn.dsmcdn.com/ty1787/prod/QC_PREP/20251111/09/170ac3b7-2758-3e99-ba09-485dce3cbb56/1_org_zoom.jpg,https://cdn.dsmcdn.com/ty1785/prod/QC_PREP/20251111/09/bf34bb4e-43e0-322a-8956-b29c6c459703/1_org_zoom.jpg,https://cdn.dsmcdn.com/ty1787/prod/QC_PREP/20251111/09/d56c19fe-af81-352c-ac35-1f0ba2a68c17/1_org_zoom.jpg,https://cdn.dsmcdn.com/ty1785/prod/QC_PREP/20251111/09/ce5cc32b-2a3a-3457-b8ed-892bbea40781/1_org_zoom.jpg,https://cdn.dsmcdn.com/ty1787/prod/QC_PREP/20251111/09/207a6c6b-824f-3244-980b-61fc27f7237e/1_org_zoom.jpg,,,1,Bugün Kargoda,https://www.trendyol.com/deerderi/hestia-hakiki-vintage-deri-el-cantasi-p-1047545162?merchantId=1155143&filterOverPriceListings=false
TY8682798890537,TY8682798890537,Hestia Hakiki & Vintage Deri El Çantası,"•Tüm ürünlerimiz birinci sınıf deriden üretilmiş olup yırtılmalara karşı dayanıklıdır.; ; ⦁Özel seri Vintage deri ( Crazy Deri )’den üretilmiştir.; ; ⦁1 adet telefon bölmesi,12 adet kart bölmesi, 2 adet kağıt para bölmesi,1 adet bozuk para bölmesi, 2 adet fermuar bölmesi mevcuttur.; ; ⦁21cm × 12 cm ölçülerine sahiptir.; ; ⦁Kalınlık 4.5 cm Geniş iç hacime sahiptir.; ; ⦁El askısı mevcuttur.; ; ⦁Deri yüzeyindeki ton farklılıkları ve gözenek lekeleri, gerçek derinin doğal yapısından kaynaklanmaktadır.; ; ⦁Ürünlerimiz, özel Premium kutusunda veya alternatifli olarak hediye paketi ile gönderilmektedir.; - Hakiki deri malzemesiyle üretilmiş, uzun ömürlü ve dayanıklı bir yapıya sahiptir.; - Vintage kahverengi rengiyle klasik ve zamansız bir görünüm sunar.; - Orta boy tasarımı, günlük kullanım için ideal boyut ve kapasite sağlar.; - Unisex tasarımı sayesinde hem kadınlar hem de erkekler tarafından rahatlıkla kullanılabilir.; - Yetişkin yaş grubuna hitap eden şık ve sofistike bir aksesuardır.; - Basic koleksiyonunun bir parçası olarak, her türlü kıyafetle kolayca kombinlenebilir.; - Gerçek deri kalitesiyle üstün bir dokunuş ve konfor sunar.; - Type 4 yıkama talimatına uygun şekilde temizlenmesi, ürünün bakımını kolaylaştırır.; - Türkiye'de üretilmiş olup, yerel işçilik ve kaliteyi temsil eder.",2199.9,2199.9,1,5.465.475,Vintage Kahverengi,,Unisex,DEERDERİ,El Çantası,https://cdn.dsmcdn.com/ty1928/prod/QC_ENRICHMENT/20260428/13/7c5db2e7-8187-325f-8e9a-2a2925b21fe4/1_org_zoom.jpg,https://cdn.dsmcdn.com/ty1786/prod/QC_PREP/20251111/09/8ec21df8-0a43-33c1-8e20-287dafa88349/1_org_zoom.jpg,https://cdn.dsmcdn.com/ty1787/prod/QC_PREP/20251111/09/85a92413-81c3-3a73-bbae-1b866a05e1ec/1_org_zoom.jpg,https://cdn.dsmcdn.com/ty1785/prod/QC_PREP/20251111/09/caec4e24-7f0a-3000-a874-ba7283f68fc7/1_org_zoom.jpg,https://cdn.dsmcdn.com/ty1785/prod/QC_PREP/20251111/09/de7e3eb7-1087-3d44-95b3-1002f3521cd2/1_org_zoom.jpg,,,,1,Bugün Kargoda,https://www.trendyol.com/deerderi/hestia-hakiki-vintage-deri-el-cantasi-p-1047545158?merchantId=1155143&filterOverPriceListings=false
TY8682798890535,TY8682798890535,Hermes Hakiki Deri Omuz Çantası,"•Tüm ürünlerimiz birinci sınıf deriden üretilmiş olup yırtılmalara karşı dayanıklıdır.; ; •1 adet telefon bölmesi , 3 adet fermuar bölmesi mevcuttur.; ; •14cm × 20 cm ölçülerine sahiptir.; ; •Kalınlık 8 cm Geniş iç hacime sahiptir.; ; •Ayarlanabilir askı mevcuttur.; ; •Deri yüzeyindeki ton farklılıkları ve gözenek lekeleri, gerçek derinin doğal yapısından kaynaklanmaktadır.; ; •Ürünlerimiz, özel Premium kutusunda veya alternatifli olarak hediye paketi ile gönderilmektedir.",2999.9,2999.9,1,5.465.473,Lacivert,Standart,Unisex,DEERDERİ,Omuz Çantası,https://cdn.dsmcdn.com/ty1910/prod/QC_ENRICHMENT/20260428/13/4ecca12f-6439-399a-a196-e63429c65758/1_org_zoom.jpg,https://cdn.dsmcdn.com/ty1786/prod/QC_PREP/20251110/17/74156bbb-f411-3185-9423-fe0590748f47/1_org_zoom.jpg,https://cdn.dsmcdn.com/ty1786/prod/QC_PREP/20251110/17/947f6827-3d73-3272-befa-dcea80693b0f/1_org_zoom.jpg,https://cdn.dsmcdn.com/ty1786/prod/QC_PREP/20251110/17/1500f40c-ccef-3eff-bb24-fa0354c544cd/1_org_zoom.jpg,https://cdn.dsmcdn.com/ty1786/prod/QC_PREP/20251110/17/77be55ef-d48f-362b-8cba-c7252f7a7f31/1_org_zoom.jpg,,,,1,Bugün Kargoda,https://www.trendyol.com/deerderi/hermes-hakiki-deri-omuz-cantasi-p-1047205878?merchantId=1155143&filterOverPriceListings=false
TY8682798890533,TY8682798890533,Aristalos Vintage Askılı Telefon Çantası Anneler Günü Hediyesi,"•TSE standartlarında Türkiye’de el işçiliğiyle titizlilikle üretilmiştir.; •Tüm ürünlerimiz birinci sınıf deriden üretilmiş olup yırtılmalara karşı dayanıklıdır.; •2 adet kart bölmesi,1 adet şeffaf kimlik kartı bölmesi,1 adet bozuk para bölmesi mevcuttur.; •9.5 cm × 18.5 cm ölçülerine sahiptir.; •Deri yüzeyindeki ton farklılıkları ve gözenek lekeleri, gerçek derinin doğal yapısından kaynaklanmaktadır.; •Ürünlerimiz, özel Premium kutusunda veya alternatifli olarak hediye paketi ile gönderilmektedir.; - Hakiki deri malzemesiyle üretilmiş, uzun ömürlü ve dayanıklı bir telefon çantası.; - Klasik ve zamansız taba rengiyle her kıyafetle kolayca uyum sağlar.; - Düz deseni sayesinde sade ve şık bir görünüm sunar.; - Kadın ve kızlar için ideal, yetişkin yaş grubuna hitap eden bir tasarıma sahiptir.; - Casual ve günlük kullanım için uygun, pratik ve kullanışlı bir aksesuardır.; - Basic koleksiyonunun bir parçası olarak, her gardıropta yerini alabilecek temel bir üründür.; - Türk menşeli, yerli üretimdir.; - Yıkama talimatlarına uygun şekilde bakımı yapıldığında uzun süre ilk günkü gibi kalır.",1499.9,1499.9,2,5.465.470,Taba,,Kadın / Kız,DEERDERİ,Bel Çantası,https://cdn.dsmcdn.com/ty1933/prod/QC_ENRICHMENT/20260428/12/3462bd3e-9aa7-3924-91f9-2ee920fc5824/1_org_zoom.jpg,https://cdn.dsmcdn.com/ty1895/prod/QC_ENRICHMENT/20260428/12/b2da4be8-aa7e-3e75-8b83-468b699d75b6/1_org_zoom.jpg,https://cdn.dsmcdn.com/ty1786/prod/QC_PREP/20251110/17/3e233f5b-ac3e-32de-aeab-22a9f0f98698/1_org_zoom.jpg,https://cdn.dsmcdn.com/ty1785/prod/QC_PREP/20251110/17/6b712b5c-49dc-3e53-b666-085257851e2f/1_org_zoom.jpg,https://cdn.dsmcdn.com/ty1787/prod/QC_PREP/20251110/17/bf41a081-68a5-3eeb-b61e-cf67575f758a/1_org_zoom.jpg,,,,1,Bugün Kargoda,https://www.trendyol.com/deerderi/aristalos-vintage-askili-telefon-cantasi-anneler-gunu-hediyesi-p-1047202557?merchantId=1155143&filterOverPriceListings=false
TY8682798890532,TY8682798890532,Aristalos Vintage Askılı Telefon Çantası,,1499.9,1499.9,0,5.465.470,Pembe,,Kadın / Kız,DEERDERİ,Bel Çantası,https://cdn.dsmcdn.com/ty1785/prod/QC_PREP/20251110/17/03f4d816-03a5-3aea-9d69-f27322ad0ed9/1_org_zoom.jpg,https://cdn.dsmcdn.com/ty1786/prod/QC_PREP/20251110/17/813531ff-a31d-3315-852a-0175735cfff4/1_org_zoom.jpg,https://cdn.dsmcdn.com/ty1785/prod/QC_PREP/20251110/17/d644d279-07e7-3cb2-9d37-b85e294615bd/1_org_zoom.jpg,,,,,,1,Bugün Kargoda,https://www.trendyol.com/deerderi/aristalos-vintage-askili-telefon-cantasi-p-1047202372?merchantId=1155143&filterOverPriceListings=false
TY8682798890534,TY8682798890534,Aristalos Vintage Askılı Telefon Çantası,"- Hakiki deri malzemesi ile üretilmiş, uzun ömürlü ve dayanıklı kullanım sunar.; - Sade ve şık tasarımıyla her türlü kıyafetle kolayca uyum sağlar.; - Gri rengi, zamansız bir görünüm kazandırarak her sezon trendini takip etmenize olanak tanır.; - Belirtilmemiş kumaş tipi sayesinde farklı dokularla kombin yapma özgürlüğü sunar.; - Kadın ve kız kullanıcılar için ideal, yetişkin yaş grubuna hitap eden bir tasarıma sahiptir.; - Basic koleksiyonun sadeliğiyle günlük kullanım için mükemmel bir aksesuardır.; - Casual ortamlarda rahatlıkla tercih edebileceğiniz şık bir aksesuardır.; - Sürdürülebilirlik detaylarına sahip olmaması, pratik ve ekonomik bir seçenek haline getirir.; - Gerçek deri kalitesi, ürünün değerini arttırarak kalıcı bir stil ifadesi oluşturur.; - Materyal bileşeni olarak sadece hakiki deri kullanılmasıyla kaliteyi ön planda tutar.; - Yıkama talimatları Type 4 olarak belirtilmiş olup, ürün bakımını kolaylaştırır.; - Türkiye menşei garantisiyle yerli üretim",1499.9,1499.9,0,5.465.470,Gri,,Kadın / Kız,DEERDERİ,Bel Çantası,https://cdn.dsmcdn.com/ty1787/prod/QC_PREP/20251110/17/a56df1ee-5069-38f9-9a6c-cc8710d9ce4f/1_org_zoom.jpg,https://cdn.dsmcdn.com/ty1787/prod/QC_PREP/20251110/17/7d481228-85cb-35f9-9aa2-1150087da530/1_org_zoom.jpg,https://cdn.dsmcdn.com/ty1785/prod/QC_PREP/20251110/17/b6f46009-426c-3b8d-9f0e-f4d4186908c5/1_org_zoom.jpg,,,,,,1,Bugün Kargoda,https://www.trendyol.com/deerderi/aristalos-vintage-askili-telefon-cantasi-p-1047200767?merchantId=1155143&filterOverPriceListings=false
TY8684894949107,TY8684894949107,Pandor İphone Hakiki Deri Telefon Kılıfı Iphone 13 Pro Max,"•TSE standartlarında Türkiye’de el işçiliğiyle titizlilikle üretilmiştir.; •Tüm ürünlerimiz birinci sınıf deriden üretilmiş olup yırtılmalara karşı dayanıklıdır.; •Deri yüzeyindeki ton farklılıkları ve gözenek lekeleri, gerçek derinin doğal yapısından kaynaklanmaktadır.; •Modelimiz mıknatıslıdır.; •Cüzdanlı bir modeldir.; •Ürün isminde yazan model ile uyumludur.; •Stant özelliği sayesinde çok rahat bir şekilde videolarınızı seyredip, sosyal medya hesaplarınızı kullanabilirsiniz.; •Telefona uyumlu içerisindeki silikonlu telefon kılıfı sayesinde telefonunuzu darbelere ve çizilmelere karşı korur.; •İç kısmı kadifedir.; •Ürünlerimiz, özel Premium kutusunda veya alternatifli olarak hediye paketi ile gönderilmektedir.",999.9,999.9,2,DD123479,Kahverengi,,,DEERDERİ,Kapak & Kılıf,https://cdn.dsmcdn.com/ty1782/prod/QC_PREP/20251103/15/50b04410-9e18-367d-8831-d5303143a534/1_org_zoom.jpg,https://cdn.dsmcdn.com/ty1783/prod/QC_PREP/20251103/15/1720340e-ce1b-321e-a2df-7e8e3341ea6c/1_org_zoom.jpg,https://cdn.dsmcdn.com/ty1782/prod/QC_PREP/20251103/15/90a72a2d-1e5d-3aa8-a3dd-533d092fc5e5/1_org_zoom.jpg,https://cdn.dsmcdn.com/ty1783/prod/QC_PREP/20251103/15/35eafdde-62bf-3f28-90a6-dbf719cc88ab/1_org_zoom.jpg,https://cdn.dsmcdn.com/ty1784/prod/QC_PREP/20251103/15/2dc983fc-da17-30b8-a320-24b0ddaac6dd/1_org_zoom.jpg,,,,1,Bugün Kargoda,https://www.trendyol.com/deerderi/pandor-iphone-hakiki-deri-telefon-kilifi-iphone-13-pro-max-p-1044161881?merchantId=1155143&filterOverPriceListings=false
TY8684894949108,TY8684894949108,Pandor İphone Hakiki Deri Telefon Kılıfı Iphone 13 Pro Max,"•TSE standartlarında Türkiye’de el işçiliğiyle titizlilikle üretilmiştir.; •Tüm ürünlerimiz birinci sınıf deriden üretilmiş olup yırtılmalara karşı dayanıklıdır.; •Deri yüzeyindeki ton farklılıkları ve gözenek lekeleri, gerçek derinin doğal yapısından kaynaklanmaktadır.; •Modelimiz mıknatıslıdır.; •Cüzdanlı bir modeldir.; •Ürün isminde yazan model ile uyumludur.; •Stant özelliği sayesinde çok rahat bir şekilde videolarınızı seyredip, sosyal medya hesaplarınızı kullanabilirsiniz.; •Telefona uyumlu içerisindeki silikonlu telefon kılıfı sayesinde telefonunuzu darbelere ve çizilmelere karşı korur.; •İç kısmı kadifedir.; •Ürünlerimiz, özel Premium kutusunda veya alternatifli olarak hediye paketi ile gönderilmektedir.",999.9,999.9,2,DD123479,Siyah,,,DEERDERİ,Kapak & Kılıf,https://cdn.dsmcdn.com/ty1782/prod/QC_PREP/20251103/15/c5713c0a-658b-307a-a3dd-32701cce9a09/1_org_zoom.jpg,https://cdn.dsmcdn.com/ty1784/prod/QC_PREP/20251103/15/054da103-4f25-3fd5-8bee-b0c257fa739c/1_org_zoom.jpg,https://cdn.dsmcdn.com/ty1783/prod/QC_PREP/20251103/15/099e2cf4-9a8d-377a-a226-3bf1f8ba8ea9/1_org_zoom.jpg,https://cdn.dsmcdn.com/ty1784/prod/QC_PREP/20251103/15/ce9c762f-3675-3304-82cf-fefeef3ba4d7/1_org_zoom.jpg,https://cdn.dsmcdn.com/ty1783/prod/QC_PREP/20251103/15/98464071-ff11-3d59-b9cd-623201b0f7ef/1_org_zoom.jpg,https://cdn.dsmcdn.com/ty1784/prod/QC_PREP/20251103/15/e52721c5-bb08-34a8-bd99-814e6cd53ba5/1_org_zoom.jpg,https://cdn.dsmcdn.com/ty1783/prod/QC_PREP/20251103/15/73a3b1ca-bcaa-3e31-9c8f-fe5db72188d8/1_org_zoom.jpg,https://cdn.dsmcdn.com/ty1783/prod/QC_PREP/20251103/15/adf161d8-5c2f-330b-860c-f5b0fc5fe48f/1_org_zoom.jpg,1,Bugün Kargoda,https://www.trendyol.com/deerderi/pandor-iphone-hakiki-deri-telefon-kilifi-iphone-13-pro-max-p-1044161880?merchantId=1155143&filterOverPriceListings=false
TY8684894949115,TY8684894949115,Kartlıklı Tutacaklı İphone Hakiki Deri Koruyucu Kılıf Iphone 16 Pro Max,"- Yüksek kaliteli hakiki deri malzemesi ile üretilmiş, iPhone 16 Pro Max modelinize mükemmel uyum sağlar.; - Apple marka telefonlarınız için özel olarak tasarlanmış, telefonunuzu tam koruma altına alan bir kılıftır.; - Türkiye'de üretilen bu kılıf, yerel işçiliği destekler ve kaliteli işçilikle öne çıkar.; - Kartlıklı tasarımı sayesinde kartlarınızı güvenle taşıyabilir ve telefonunuzu pratik bir şekilde kullanabilirsiniz.; - Tutacaklı yapısı ile telefonunuzu kolayca tutabilir ve kayma riskini azaltarak güvenli bir kullanım sunar.;",499.9,499.9,5,DD123487,Kahverengi,,,DEERDERİ,Kapak & Kılıf,https://cdn.dsmcdn.com/ty1783/prod/QC_PREP/20251103/15/413f0c2b-57b0-3913-8ccf-078640f1f4c1/1_org_zoom.jpg,https://cdn.dsmcdn.com/ty1782/prod/QC_PREP/20251103/15/7f57689e-ae08-3567-90a1-39d5ca50ce05/1_org_zoom.jpg,https://cdn.dsmcdn.com/ty1782/prod/QC_PREP/20251103/15/e1efdfd9-a9d8-3611-ac2a-14e979712a79/1_org_zoom.jpg,,,,,,1,Bugün Kargoda,https://www.trendyol.com/deerderi/kartlikli-tutacakli-iphone-hakiki-deri-koruyucu-kilif-iphone-16-pro-max-p-1044158614?merchantId=1155143&filterOverPriceListings=false
TY8684894949113,TY8684894949113,Kartlıklı Tutacaklı İphone Hakiki Deri Koruyucu Kılıf Iphone 16,"- Hakiki deri malzemesi ile üretilmiş, dayanıklılığı ve şık görünümüyle öne çıkan iPhone 16 kılıf.; - Apple marka telefonlarla tam uyumlu tasarım, telefonunuzu mükemmel bir şekilde sarar ve korur.; - iPhone 16 modeli için özel olarak tasarlanmış, telefonunuzun tüm özelliklerine erişim sağlayan ergonomik yapıda.; - Türkiye'de üretilen bu kılıf, yerel üretimle desteklenen kalite ve güvenilirliği temsil eder.;",499.9,499.9,5,DD123484,Gri,,,DEERDERİ,Kapak & Kılıf,https://cdn.dsmcdn.com/ty1783/prod/QC_PREP/20251103/15/449b9fdd-b72a-340e-a7bf-82cd22553060/1_org_zoom.jpg,https://cdn.dsmcdn.com/ty1783/prod/QC_PREP/20251103/15/dd27a878-6127-3dd1-9e88-870944a0b772/1_org_zoom.jpg,https://cdn.dsmcdn.com/ty1783/prod/QC_PREP/20251103/15/739766cd-cf7f-3b15-b799-f35f36fae7eb/1_org_zoom.jpg,,,,,,1,Bugün Kargoda,https://www.trendyol.com/deerderi/kartlikli-tutacakli-iphone-hakiki-deri-koruyucu-kilif-iphone-16-p-1044150254?merchantId=1155143&filterOverPriceListings=false
TY8684894949124,TY8684894949124,Kartlıklı Tutacaklı İphone Hakiki Deri Koruyucu Kılıf Iphone 16,"- Hakiki deri malzemesi ile üretilmiş, dayanıklılığı ve şık görünümüyle öne çıkan iPhone 16 kılıf.; - Apple marka telefonlarla tam uyumlu tasarım, telefonunuzu mükemmel bir şekilde sarar ve korur.; - iPhone 16 modeli için özel olarak tasarlanmış, telefonunuzun tüm özelliklerine erişim sağlayan ergonomik yapıda.; - Türkiye'de üretilen bu kılıf, yerel üretimle desteklenen kalite ve güvenilirliği temsil eder.;",499.9,499.9,4,DD123484,Lacivert,,,DEERDERİ,Kapak & Kılıf,https://cdn.dsmcdn.com/ty1782/prod/QC_PREP/20251103/15/63ee460d-56f1-347f-8bac-39f65526f5b9/1_org_zoom.jpg,https://cdn.dsmcdn.com/ty1783/prod/QC_PREP/20251103/15/cd1d7b15-ef2e-3a4f-953c-c5c918fca6a9/1_org_zoom.jpg,https://cdn.dsmcdn.com/ty1783/prod/QC_PREP/20251103/15/cffa8162-e614-3d88-a498-6e0ac5a9f94e/1_org_zoom.jpg,,,,,,1,Bugün Kargoda,https://www.trendyol.com/deerderi/kartlikli-tutacakli-iphone-hakiki-deri-koruyucu-kilif-iphone-16-p-1044150243?merchantId=1155143&filterOverPriceListings=false
TY8684894949112,TY8684894949112,Kartlıklı Tutacaklı İphone Hakiki Deri Koruyucu Kılıf Iphone 16,"- Hakiki deri malzemesi ile üretilmiş, dayanıklılığı ve şık görünümüyle öne çıkan iPhone 16 kılıf.; - Apple marka telefonlarla tam uyumlu tasarım, telefonunuzu mükemmel bir şekilde sarar ve korur.; - iPhone 16 modeli için özel olarak tasarlanmış, telefonunuzun tüm özelliklerine erişim sağlayan ergonomik yapıda.; - Türkiye'de üretilen bu kılıf, yerel üretimle desteklenen kalite ve güvenilirliği temsil eder.;",499.9,499.9,5,DD123484,Kahverengi,,,DEERDERİ,Kapak & Kılıf,https://cdn.dsmcdn.com/ty1782/prod/QC_PREP/20251103/15/3145e774-4418-3a68-9e50-da4b5a4afd58/1_org_zoom.jpg,https://cdn.dsmcdn.com/ty1782/prod/QC_PREP/20251103/15/ff1540be-1e96-3c4f-b46c-46bc0e49e9a8/1_org_zoom.jpg,https://cdn.dsmcdn.com/ty1784/prod/QC_PREP/20251103/15/5feb2507-061f-3cf7-afc3-cdb9265c6782/1_org_zoom.jpg,,,,,,1,Bugün Kargoda,https://www.trendyol.com/deerderi/kartlikli-tutacakli-iphone-hakiki-deri-koruyucu-kilif-iphone-16-p-1044150193?merchantId=1155143&filterOverPriceListings=false
TY8684894949110,TY8684894949110,Kartlıklı Tutacaklı İphone Hakiki Deri Koruyucu Kılıf Iphone 15 Pro Max,"- Hakiki deri malzemesiyle iPhone 15 Pro Max'inizi şık bir şekilde korurken, dayanıklılığı artırır.; - Apple uyumlu tasarımı sayesinde telefonunuza mükemmel uyum sağlar ve kolayca takılıp çıkarılabilir.; - Türkiye menşeli ürün, yerel üretim kalitesini ve güvenilirliğini garanti eder.; - Kartlıklı yapısı ile telefonunuzu kartlarınızla birlikte taşıma kolaylığı sunar.;",499.9,499.9,0,DD123482,Gri,,,DEERDERİ,Kapak & Kılıf,https://cdn.dsmcdn.com/ty1782/prod/QC_PREP/20251103/14/29a58356-1a64-356b-b312-fc3a0862cbf6/1_org_zoom.jpg,https://cdn.dsmcdn.com/ty1783/prod/QC_PREP/20251103/14/2056bc0f-5c4d-3035-bbc1-1061c7a45c13/1_org_zoom.jpg,https://cdn.dsmcdn.com/ty1784/prod/QC_PREP/20251103/14/49def34b-f814-38c5-bdc0-85b9c5e6893c/1_org_zoom.jpg,,,,,,1,Bugün Kargoda,https://www.trendyol.com/deerderi/kartlikli-tutacakli-iphone-hakiki-deri-koruyucu-kilif-iphone-15-pro-max-p-1044133081?merchantId=1155143&filterOverPriceListings=false
TY8684894949111,TY8684894949111,Kartlıklı Tutacaklı İphone Hakiki Deri Koruyucu Kılıf Iphone 15 Pro Max,"- Hakiki deri malzemesiyle iPhone 15 Pro Max'inizi şık bir şekilde korurken, dayanıklılığı artırır.; - Apple uyumlu tasarımı sayesinde telefonunuza mükemmel uyum sağlar ve kolayca takılıp çıkarılabilir.; - Türkiye menşeli ürün, yerel üretim kalitesini ve güvenilirliğini garanti eder.; - Kartlıklı yapısı ile telefonunuzu kartlarınızla birlikte taşıma kolaylığı sunar.;",499.9,499.9,0,DD123482,Kahverengi,,,DEERDERİ,Kapak & Kılıf,https://cdn.dsmcdn.com/ty1782/prod/QC_PREP/20251103/14/533297f6-ea8c-3924-b1e7-834985212f93/1_org_zoom.jpg,https://cdn.dsmcdn.com/ty1782/prod/QC_PREP/20251103/14/939ed908-0b6e-3fcd-b7a9-52126a0475c2/1_org_zoom.jpg,https://cdn.dsmcdn.com/ty1784/prod/QC_PREP/20251103/14/c07b6f1e-de09-3e0c-9cca-5e8108a65a8e/1_org_zoom.jpg,,,,,,1,Bugün Kargoda,https://www.trendyol.com/deerderi/kartlikli-tutacakli-iphone-hakiki-deri-koruyucu-kilif-iphone-15-pro-max-p-1044133078?merchantId=1155143&filterOverPriceListings=false
TY8684894949109,TY8684894949109,Kartlıklı Tutacaklı İphone Hakiki Deri Koruyucu Kılıf Iphone 15 Pro,"- Hakiki deri malzemesi ile üretilmiş, dayanıklılığı ve şık görünümü bir arada sunar.; - Apple iPhone 15 Pro modeliyle tam uyumlu, telefonunuzu mükemmel bir şekilde sarar ve korur.; - Türkiye menşeli olmasıyla yerel üretim kalitesini ve işçiliğini yansıtır.; - Kart bölmesi sayesinde sık kullanılan kartlarınızı yanınızda taşımanız için pratik bir çözüm sunar.; - Tutacaklı tasarımı ile telefonunuzu kolayca tutabilir ve kullanım sırasında rahatlık sağlar.;",499.9,499.9,3,DD123481,Gri,,,DEERDERİ,Kapak & Kılıf,https://cdn.dsmcdn.com/ty1783/prod/QC_PREP/20251103/14/7f936175-ecfc-32c7-9105-0a6e1c209665/1_org_zoom.jpg,https://cdn.dsmcdn.com/ty1783/prod/QC_PREP/20251103/14/cf33ca5e-1be3-3a3a-823c-61d622fe239f/1_org_zoom.jpg,https://cdn.dsmcdn.com/ty1783/prod/QC_PREP/20251103/14/2d5a58e2-6c43-3ca1-bc7d-16e3aebbc81e/1_org_zoom.jpg,,,,,,1,Bugün Kargoda,https://www.trendyol.com/deerderi/kartlikli-tutacakli-iphone-hakiki-deri-koruyucu-kilif-iphone-15-pro-p-1044129295?merchantId=1155143&filterOverPriceListings=false
TY8684894949105,TY8684894949105,Helen İphone Hakiki Deri Telefon Kılıfı Iphone 13 Pro Max,"- iPhone 13 Pro Max modeliyle tam uyum sağlayan Helen hakiki deri telefon kılıfı, telefonunuzu korurken şıklığınızı tamamlar.; - Yüksek kaliteli hakiki deri malzemesi ile uzun ömürlü kullanım sunar ve dayanıklılığı artırır.; - Apple marka telefonlar için özel olarak tasarlanmış olup, cihazınızın özelliklerine mükemmel uyum sağlar.; - Türkiye'de üretilen bu kılıf, yerel üretimle desteklenen kalite standartlarına sahiptir.;",499.9,499.9,3,DD123477,Siyah,,,DEERDERİ,Kapak & Kılıf,https://cdn.dsmcdn.com/ty1783/prod/QC_PREP/20251103/14/a69c2e06-375c-3eb4-90f2-40d65a620f73/1_org_zoom.jpg,https://cdn.dsmcdn.com/ty1782/prod/QC_PREP/20251103/14/8a1be793-ae20-3b77-bf08-11a2b9018dff/1_org_zoom.jpg,https://cdn.dsmcdn.com/ty1782/prod/QC_PREP/20251103/14/988d31e3-8a04-3e02-9eed-eacbff0ef0c3/1_org_zoom.jpg,https://cdn.dsmcdn.com/ty1784/prod/QC_PREP/20251103/14/7fb44d49-1537-3e9d-bcf4-f18b42f0803e/1_org_zoom.jpg,,,,,1,Bugün Kargoda,https://www.trendyol.com/deerderi/helen-iphone-hakiki-deri-telefon-kilifi-iphone-13-pro-max-p-1044127609?merchantId=1155143&filterOverPriceListings=false
TY8684894949106,TY8684894949106,Helen İphone Hakiki Deri Telefon Kılıfı Iphone 13 Pro Max,"- iPhone 13 Pro Max modeliyle tam uyum sağlayan Helen hakiki deri telefon kılıfı, telefonunuzu korurken şıklığınızı tamamlar.; - Yüksek kaliteli hakiki deri malzemesi ile uzun ömürlü kullanım sunar ve dayanıklılığı artırır.; - Apple marka telefonlar için özel olarak tasarlanmış olup, cihazınızın özelliklerine mükemmel uyum sağlar.; - Türkiye'de üretilen bu kılıf, yerel üretimle desteklenen kalite standartlarına sahiptir.;",499.9,499.9,3,DD123477,Kahverengi,,,DEERDERİ,Kapak & Kılıf,https://cdn.dsmcdn.com/ty1782/prod/QC_PREP/20251103/14/6598ba05-bed7-3e26-b924-7b825a3cf871/1_org_zoom.jpg,https://cdn.dsmcdn.com/ty1783/prod/QC_PREP/20251103/14/231f170e-e83f-35b1-be5c-48bc2f731282/1_org_zoom.jpg,https://cdn.dsmcdn.com/ty1782/prod/QC_PREP/20251103/14/90808518-e542-3226-860a-014d68d9eb4e/1_org_zoom.jpg,https://cdn.dsmcdn.com/ty1783/prod/QC_PREP/20251103/14/85f8c8ee-877f-3bc9-b013-cbf79b4a2814/1_org_zoom.jpg,,,,,1,Bugün Kargoda,https://www.trendyol.com/deerderi/helen-iphone-hakiki-deri-telefon-kilifi-iphone-13-pro-max-p-1044127590?merchantId=1155143&filterOverPriceListings=false
TY8684894949114,TY8684894949114,Kartlıklı Tutacaklı İphone Hakiki Deri Koruyucu Kılıf Iphone 13 Pro Max,"- iPhone 13 Pro Max modelinize tam uyum sağlayan hakiki deri kılıf, telefonunuzu şıklıkla korur.; - Yüksek kaliteli hakiki deriden üretilmiş olup, dayanıklılığı ve estetik görünümüyle öne çıkar.; - Apple marka telefonlarınız için özel olarak tasarlanmıştır, böylece cihazınızla mükemmel uyum sağlar.; - Türkiye menşeli bu kılıf, yerel üretimden gelen kaliteyi ve güvenilirliği temsil eder.;",499.9,499.9,4,TYC5174E14485778533D68500,Siyah,,,DEERDERİ,Kapak & Kılıf,https://cdn.dsmcdn.com/ty1782/prod/QC_PREP/20251103/13/73ec8638-f2e9-358b-aed2-4c9870b082f3/1_org_zoom.jpg,https://cdn.dsmcdn.com/ty1784/prod/QC_PREP/20251103/13/be842895-d4cb-3b03-a86b-4255da13d8a0/1_org_zoom.jpg,https://cdn.dsmcdn.com/ty1782/prod/QC_PREP/20251103/13/0fe98855-b1ed-3638-a246-936be043f593/1_org_zoom.jpg,,,,,,1,Bugün Kargoda,https://www.trendyol.com/deerderi/kartlikli-tutacakli-iphone-hakiki-deri-koruyucu-kilif-iphone-13-pro-max-p-1044110586?merchantId=1155143&filterOverPriceListings=false
TY8684894949099,TY8684894949099,Juno İphone Hakiki Deri Koruyucu Kılıf Iphone 13 Pro Max,"- Yüksek kaliteli hakiki deri malzemesi ile üretilmiş, iPhone 13 Pro Max modelinize mükemmel uyum sağlayan koruyucu kılıf.; - Apple marka telefonlarınız için özel olarak tasarlanmış, cihazınızın özelliklerine tam uyum gösteren tasarım.; - Türkiye'de üretilmiş olup, yerel üretim kalitesini ve işçiliğini yansıtan bir ürün.; - iPhone 13 Pro Max'inizi darbelere ve çizilmelere karşı koruyan dayanıklı yapısıyla uzun süreli kullanım sunar.;",499.9,499.9,2,DD1298467,Gri,,,DEERDERİ,Kapak & Kılıf,https://cdn.dsmcdn.com/ty1782/prod/QC_PREP/20251103/13/cbcbb671-1496-362e-adf5-b1ff00c36d1d/1_org_zoom.jpg,https://cdn.dsmcdn.com/ty1784/prod/QC_PREP/20251103/13/a51ec9c0-cc7b-34c7-8502-f5a77a11e826/1_org_zoom.jpg,,,,,,,1,Bugün Kargoda,https://www.trendyol.com/deerderi/juno-iphone-hakiki-deri-koruyucu-kilif-iphone-13-pro-max-p-1044109120?merchantId=1155143&filterOverPriceListings=false
TY8684894949101,TY8684894949101,Juno İphone Hakiki Deri Koruyucu Kılıf Iphone 13 Pro Max,"- Yüksek kaliteli hakiki deri malzemesi ile üretilmiş, iPhone 13 Pro Max modelinize mükemmel uyum sağlayan koruyucu kılıf.; - Apple marka telefonlarınız için özel olarak tasarlanmış, cihazınızın özelliklerine tam uyum gösteren tasarım.; - Türkiye'de üretilmiş olup, yerel üretim kalitesini ve işçiliğini yansıtan bir ürün.; - iPhone 13 Pro Max'inizi darbelere ve çizilmelere karşı koruyan dayanıklı yapısıyla uzun süreli kullanım sunar.;",499.9,499.9,3,DD1298467,Kahverengi,,,DEERDERİ,Kapak & Kılıf,https://cdn.dsmcdn.com/ty1782/prod/QC_PREP/20251103/13/51973d72-3e49-3e8a-955b-196c1a7d4ddc/1_org_zoom.jpg,https://cdn.dsmcdn.com/ty1782/prod/QC_PREP/20251103/13/e8ee5e70-68e9-329a-b7c1-8a557af76e7d/1_org_zoom.jpg,,,,,,,1,Bugün Kargoda,https://www.trendyol.com/deerderi/juno-iphone-hakiki-deri-koruyucu-kilif-iphone-13-pro-max-p-1044109109?merchantId=1155143&filterOverPriceListings=false
TY8684894949103,TY8684894949103,Juno İphone Hakiki Deri Koruyucu Kılıf Iphone 13 Pro Max,"- Yüksek kaliteli hakiki deri malzemesi ile üretilmiş, iPhone 13 Pro Max modelinize mükemmel uyum sağlayan koruyucu kılıf.; - Apple marka telefonlarınız için özel olarak tasarlanmış, cihazınızın özelliklerine tam uyum gösteren tasarım.; - Türkiye'de üretilmiş olup, yerel üretim kalitesini ve işçiliğini yansıtan bir ürün.; - iPhone 13 Pro Max'inizi darbelere ve çizilmelere karşı koruyan dayanıklı yapısıyla uzun süreli kullanım sunar.;",499.9,499.9,3,DD1298467,Lacivert,,,DEERDERİ,Kapak & Kılıf,https://cdn.dsmcdn.com/ty1782/prod/QC_PREP/20251103/13/1e9e4d0f-fc49-338b-b7de-7cbf672cf512/1_org_zoom.jpg,https://cdn.dsmcdn.com/ty1782/prod/QC_PREP/20251103/13/16171217-af9e-3295-85e9-c1b7fefcda2a/1_org_zoom.jpg,,,,,,,1,Bugün Kargoda,https://www.trendyol.com/deerderi/juno-iphone-hakiki-deri-koruyucu-kilif-iphone-13-pro-max-p-1044109107?merchantId=1155143&filterOverPriceListings=false
TY8684894949102,TY8684894949102,Juno İphone Hakiki Deri Koruyucu Kılıf Iphone 13 Pro Max,"- Yüksek kaliteli hakiki deri malzemesi ile üretilmiş, iPhone 13 Pro Max modelinize mükemmel uyum sağlayan koruyucu kılıf.; - Apple marka telefonlarınız için özel olarak tasarlanmış, cihazınızın özelliklerine tam uyum gösteren tasarım.; - Türkiye'de üretilmiş olup, yerel üretim kalitesini ve işçiliğini yansıtan bir ürün.; - iPhone 13 Pro Max'inizi darbelere ve çizilmelere karşı koruyan dayanıklı yapısıyla uzun süreli kullanım sunar.;",499.9,499.9,1,DD1298467,Koyu Kahverengi,,,DEERDERİ,Kapak & Kılıf,https://cdn.dsmcdn.com/ty1784/prod/QC_PREP/20251103/13/a3b7d055-677f-3a07-b709-5233916477f0/1_org_zoom.jpg,https://cdn.dsmcdn.com/ty1782/prod/QC_PREP/20251103/13/12046411-d685-32e6-a41b-b59f04937a64/1_org_zoom.jpg,,,,,,,1,Bugün Kargoda,https://www.trendyol.com/deerderi/juno-iphone-hakiki-deri-koruyucu-kilif-iphone-13-pro-max-p-1044109105?merchantId=1155143&filterOverPriceListings=false
TY8684894949100,TY8684894949100,Juno İphone Hakiki Deri Koruyucu Kılıf Iphone 13 Pro Max,"- Yüksek kaliteli hakiki deri malzemesi ile üretilmiş, iPhone 13 Pro Max modelinize mükemmel uyum sağlayan koruyucu kılıf.; - Apple marka telefonlarınız için özel olarak tasarlanmış, cihazınızın özelliklerine tam uyum gösteren tasarım.; - Türkiye'de üretilmiş olup, yerel üretim kalitesini ve işçiliğini yansıtan bir ürün.; - iPhone 13 Pro Max'inizi darbelere ve çizilmelere karşı koruyan dayanıklı yapısıyla uzun süreli kullanım sunar.;",499.9,499.9,3,DD1298467,Siyah,,,DEERDERİ,Kapak & Kılıf,https://cdn.dsmcdn.com/ty1782/prod/QC_PREP/20251103/13/3d0c47dc-2217-3cf3-aad2-1805e348bc19/1_org_zoom.jpg,,,,,,,,1,Bugün Kargoda,https://www.trendyol.com/deerderi/juno-iphone-hakiki-deri-koruyucu-kilif-iphone-13-pro-max-p-1044109103?merchantId=1155143&filterOverPriceListings=false
TY8684894949098,TY8684894949098,Kartlıklı Tutacaklı İphone Hakiki Deri Koruyucu Kılıf Iphone 13 Pro,"- Hakiki deri malzemesi ile üretilmiş, dayanıklılığı ve şık görünümü bir arada sunar.; - Apple iPhone 13 Pro modeliyle tam uyumlu tasarım, cihazınıza mükemmel bir şekilde oturur ve koruma sağlar.; - Türkiye menşeli olması, yerel üretim kalitesini ve güvenilirliğini garanti eder.; - Kartlıklı yapısı sayesinde telefonunuzun yanında sıkça kullanılan kartlarınızı da taşıyabilirsiniz.; - Tutacaklı tasarımı ile telefonunuzu rahatça tutmanızı ve kullanmanızı kolaylaştırır.;",499.9,499.9,5,DD123467,Siyah,,,DEERDERİ,Kapak & Kılıf,https://cdn.dsmcdn.com/ty1784/prod/QC_PREP/20251103/13/f8f74e85-2041-37be-bcf1-fa4e4cf67194/1_org_zoom.jpg,https://cdn.dsmcdn.com/ty1783/prod/QC_PREP/20251103/13/5b6abba8-4770-34ef-915c-bf385b6c7aa6/1_org_zoom.jpg,https://cdn.dsmcdn.com/ty1782/prod/QC_PREP/20251103/13/96477b20-2710-3f64-9e80-f02a83bf4cf9/1_org_zoom.jpg,https://cdn.dsmcdn.com/ty1782/prod/QC_PREP/20251103/13/af82f23a-9c52-360d-b81a-997fb2c1ee12/1_org_zoom.jpg,,,,,1,Bugün Kargoda,https://www.trendyol.com/deerderi/kartlikli-tutacakli-iphone-hakiki-deri-koruyucu-kilif-iphone-13-pro-p-1044096940?merchantId=1155143&filterOverPriceListings=false
TY8684894949097,TY8684894949097,Kartlıklı Tutacaklı İphone Hakiki Deri Koruyucu Kılıf Iphone 12/12 Pro,"- Hakiki deri malzemesi ile üretilmiş, dayanıklılığı ve şık görünümü bir arada sunar.; - Apple iPhone 12 ve iPhone 12 Pro modelleriyle tam uyumlu tasarım, telefonunuza mükemmel bir şekilde oturur.; - Türkiye'de üretilmiş olup, yerel işçilik ve kalite standartlarına uygun olarak tasarlanmıştır.; - Pratik kullanım için tasarlanmış kartlıklı yapısı sayesinde kartlarınızı güvenle taşıyabilirsiniz.;",499.9,499.9,2,DD123467,Kahverengi,,,DEERDERİ,Kapak & Kılıf,https://cdn.dsmcdn.com/ty1783/prod/QC_PREP/20251103/12/f2f9fd77-2cd7-3a43-ba7c-2c81bb232c4b/1_org_zoom.jpg,https://cdn.dsmcdn.com/ty1784/prod/QC_PREP/20251103/12/68995480-6ee6-37b6-b255-0fc1e574f0cd/1_org_zoom.jpg,https://cdn.dsmcdn.com/ty1784/prod/QC_PREP/20251103/12/47065f38-c7f9-3225-8ac9-2486362dcc61/1_org_zoom.jpg,,,,,,1,Bugün Kargoda,https://www.trendyol.com/deerderi/kartlikli-tutacakli-iphone-hakiki-deri-koruyucu-kilif-iphone-12-12-pro-p-1044090685?merchantId=1155143&filterOverPriceListings=false
TY8680801608400,TY8680801608400,İphone Hakiki Deri Dikişli Karlıklı Kılıf Iphone 11,"- Hakiki deri malzemesiyle üretilmiş, uzun ömürlü ve şık bir kullanım sunar.; - Apple iPhone 11 modeliyle tam uyumlu tasarım, telefonunuza mükemmel bir şekilde oturur ve korur.; - Türkiye menşeli olması, yerel üretim desteklenerek kaliteli bir ürün tercih etmenizi sağlar.; - Telefonunuzu darbelere ve çizilmelere karşı koruyan dayanıklı yapı, günlük kullanım için idealdir.;",499.9,499.9,4,DT65598,Kahverengi,,,DEERDERİ,Kapak & Kılıf,https://cdn.dsmcdn.com/ty1784/prod/QC_PREP/20251103/12/c9195f9a-ed62-3c77-9129-9854105b6925/1_org_zoom.jpg,https://cdn.dsmcdn.com/ty1784/prod/QC_PREP/20251103/12/3cd075dd-4a1b-3cc7-8555-80fbfe71119c/1_org_zoom.jpg,,,,,,,1,Bugün Kargoda,https://www.trendyol.com/deerderi/iphone-hakiki-deri-dikisli-karlikli-kilif-iphone-11-p-1044085102?merchantId=1155143&filterOverPriceListings=false
TY8680801608408,TY8680801608408,İphone Hakiki Deri Dikişli Karlıklı Kılıf Iphone 11,"- Hakiki deri malzemesiyle üretilmiş, uzun ömürlü ve şık bir kullanım sunar.; - Apple iPhone 11 modeliyle tam uyumlu tasarım, telefonunuza mükemmel bir şekilde oturur ve korur.; - Türkiye menşeli olması, yerel üretim desteklenerek kaliteli bir ürün tercih etmenizi sağlar.; - Telefonunuzu darbelere ve çizilmelere karşı koruyan dayanıklı yapı, günlük kullanım için idealdir.;",499.9,499.9,6,DT65598,Siyah,,,DEERDERİ,Kapak & Kılıf,https://cdn.dsmcdn.com/ty1783/prod/QC_PREP/20251103/12/0f25aac8-351d-3dc8-87c3-d02222ebd908/1_org_zoom.jpg,https://cdn.dsmcdn.com/ty1782/prod/QC_PREP/20251103/12/f9fce10a-9390-3b22-9569-67d1a1f9bc57/1_org_zoom.jpg,,,,,,,1,Bugün Kargoda,https://www.trendyol.com/deerderi/iphone-hakiki-deri-dikisli-karlikli-kilif-iphone-11-p-1044085099?merchantId=1155143&filterOverPriceListings=false
TY8680801608409,TY8680801608409,İphone Hakiki Deri Dikişli Karlıklı Kılıf Iphone 11,"- Hakiki deri malzemesiyle üretilmiş, uzun ömürlü ve şık bir kullanım sunar.; - Apple iPhone 11 modeliyle tam uyumlu tasarım, telefonunuza mükemmel bir şekilde oturur ve korur.; - Türkiye menşeli olması, yerel üretim desteklenerek kaliteli bir ürün tercih etmenizi sağlar.; - Telefonunuzu darbelere ve çizilmelere karşı koruyan dayanıklı yapı, günlük kullanım için idealdir.;",499.9,499.9,2,DT65598,Lacivert,,,DEERDERİ,Kapak & Kılıf,https://cdn.dsmcdn.com/ty1782/prod/QC_PREP/20251103/12/bd46e318-c4bb-39ad-b514-b7ef9b0f9ffd/1_org_zoom.jpg,https://cdn.dsmcdn.com/ty1783/prod/QC_PREP/20251103/12/9569f508-3170-3204-9309-bdc85ee01df0/1_org_zoom.jpg,,,,,,,1,Bugün Kargoda,https://www.trendyol.com/deerderi/iphone-hakiki-deri-dikisli-karlikli-kilif-iphone-11-p-1044085079?merchantId=1155143&filterOverPriceListings=false
TY8684894949104,TY8684894949104,Poseidon Hakiki Deri El Çantası,"•Tüm ürünlerimiz birinci sınıf deriden üretilmiş olup yırtılmalara karşı dayanıklıdır.; ⦁Özel seri Vintage deri ( Crazy Deri )’den üretilmiştir.; ⦁5 adet fermuar bölmesi mevcuttur.; ⦁23cm × 15 cm ölçülerine sahiptir.; ⦁Kalınlık 4 cm Geniş iç hacime sahiptir.; ⦁El askısı mevcuttur.; ⦁Deri yüzeyindeki ton farklılıkları ve gözenek lekeleri, gerçek derinin doğal yapısından kaynaklanmaktadır.; ⦁Ürünlerimiz, özel Premium kutusunda veya alternatifli olarak hediye paketi ile gönderilmektedir.",2999.9,2999.9,4,DD123476,Kahverengi,,Unisex,DEERDERİ,El Çantası,https://cdn.dsmcdn.com/ty1894/prod/QC_ENRICHMENT/20260428/12/bd43909a-7700-3d93-b8f8-002d0e841344/1_org_zoom.jpg,https://cdn.dsmcdn.com/ty1938/prod/QC_ENRICHMENT/20260428/12/2620ec1e-74a4-32d9-a142-d80184396494/1_org_zoom.jpg,https://cdn.dsmcdn.com/ty1941/prod/QC_ENRICHMENT/20260428/12/a70c9a47-c518-3f3f-b8d6-d05280de81b3/1_org_zoom.jpg,https://cdn.dsmcdn.com/ty1783/prod/QC_PREP/20251103/12/c6d857f5-8ca9-3827-b91f-7b65a0f1e29d/1_org_zoom.jpg,https://cdn.dsmcdn.com/ty1784/prod/QC_PREP/20251103/12/9346d10f-a2fa-3796-b90b-313c501a22b7/1_org_zoom.jpg,https://cdn.dsmcdn.com/ty1783/prod/QC_PREP/20251103/12/82ef3734-e48a-34f3-b319-2498758aac4a/1_org_zoom.jpg,https://cdn.dsmcdn.com/ty1784/prod/QC_PREP/20251103/12/77a90ff5-db5d-368f-aaf3-6c24e2ff8463/1_org_zoom.jpg,https://cdn.dsmcdn.com/ty1784/prod/QC_PREP/20251103/12/692da0eb-0024-3ae9-b240-e4161b9517d5/1_org_zoom.jpg,1,Bugün Kargoda,https://www.trendyol.com/deerderi/poseidon-hakiki-deri-el-cantasi-p-1044073418?merchantId=1155143&filterOverPriceListings=false
TY8681272049854,TY8681272049854,Rhode Vintage Hakiki Deri Fermuarlı Kartlık Cüzdan,"TSE standartlarında Türkiye’de el işçiliğiyle titizlilikle üretilmiştir.; ; Tüm ürünlerimiz birinci sınıf deriden üretilmiş olup yırtılmalara karşı dayanıklıdır.; ; Özel seri Vintage deri ( Crazy Deri )’den üretilmiştir.; ; 10 adet kart bölmesi, 2 adet kimlik kartı bölmesi, 1 adet kağıt para bölmesi mevcuttur.; Dıştan fermuar kilitlidir.; ; 8 cm × 11.5 cm ölçülerine sahiptir.; ; Deri yüzeyindeki ton farklılıkları ve gözenek lekeleri, gerçek derinin doğal yapısından kaynaklanmaktadır.; ; Ürünlerimiz, özel Premium kutusunda veya alternatifli olarak hediye paketi ile gönderilmektedir.; - Hakiki deri malzemesiyle üretilmiş, uzun ömürlü ve dayanıklı bir cüzdan.; - Şık ve sade tasarımıyla her tarza uyum sağlayan düz desenli kırmızı renk.; - Küçük boyutu sayesinde kolayca taşınabilir ve günlük kullanım için idealdir.; - Unisex tasarımı ile hem kadınlar hem de erkekler için uygundur.; - Tüm yaş gruplarına hitap eden zamansız bir aksesuar.; - Casual ve günlük ortamlarda rahatlıkla kullanabileceğiniz Basic koleksiyonuna ait.; - Organik sürdürülebilirlik detayına sahip, çevre dostu bir ürün.; - Gerçek deri kalitesiyle birinci sınıf bir dokunuş sunar.; - Hakiki deri materyal bileşeniyle üstün kaliteyi hissettirir.; - Type 4 yıkama talimatına uygun şekilde bakımı kolaydır.; - Türkiye'de üretilmiş, yerli tasarım ve işçiliğin gururu.",1499.9,1499.9,8,DD123463,Kırmızı,,Unisex,DEERDERİ,Cüzdan,https://cdn.dsmcdn.com/ty1942/prod/QC_ENRICHMENT/20260428/12/801d3be7-5b72-3980-a890-6330ac0d87e1/1_org_zoom.jpg,https://cdn.dsmcdn.com/ty1940/prod/QC_ENRICHMENT/20260428/12/ff059dd3-2daf-31d0-96c2-c30cc6a6734e/1_org_zoom.jpg,https://cdn.dsmcdn.com/ty1782/prod/QC_PREP/20251101/16/eb9897e9-2836-3fdd-89a9-379b3fd38d9d/1_org_zoom.jpg,https://cdn.dsmcdn.com/ty1783/prod/QC_PREP/20251101/16/23162d70-b994-36fd-bdd2-0a88b90f9701/1_org_zoom.jpg,https://cdn.dsmcdn.com/ty1784/prod/QC_PREP/20251101/16/347aa259-76e4-3247-8204-ba360ae83f59/1_org_zoom.jpg,https://cdn.dsmcdn.com/ty1783/prod/QC_PREP/20251101/16/39140f17-a09b-36f1-81a0-034d18637e7c/1_org_zoom.jpg,,,1,Bugün Kargoda,https://www.trendyol.com/deerderi/rhode-vintage-hakiki-deri-fermuarli-kartlik-cuzdan-p-1043608917?merchantId=1155143&filterOverPriceListings=false
TY8684894949094,TY8684894949094,Rhode Vintage Hakiki Deri Fermuarlı Kartlık Cüzdan,"TSE standartlarında Türkiye’de el işçiliğiyle titizlilikle üretilmiştir.; ; Tüm ürünlerimiz birinci sınıf deriden üretilmiş olup yırtılmalara karşı dayanıklıdır.; ; Özel seri Vintage deri ( Crazy Deri )’den üretilmiştir.; ; 10 adet kart bölmesi, 2 adet kimlik kartı bölmesi, 1 adet kağıt para bölmesi mevcuttur.; Dıştan fermuar kilitlidir.; ; 8 cm × 11.5 cm ölçülerine sahiptir.; ; Deri yüzeyindeki ton farklılıkları ve gözenek lekeleri, gerçek derinin doğal yapısından kaynaklanmaktadır.; ; Ürünlerimiz, özel Premium kutusunda veya alternatifli olarak hediye paketi ile gönderilmektedir.; - Hakiki deri malzemesiyle üretilmiş, uzun ömürlü ve dayanıklı bir yapıya sahiptir.; - Klasik kahverengi rengiyle her türlü kıyafetle kolayca uyum sağlar.; - Küçük boyutu sayesinde cebinizde veya çantanızda rahatlıkla taşıyabilirsiniz.; - Unisex tasarımı ile hem erkekler hem de kadınlar için ideal bir aksesuardır.; - Casual ve günlük kullanıma uygun, basic bir cüzdan modelidir.; - Organik sürdürülebilirlik detayına sahip olması, çevre dostu bir tercih yapmanızı sağlar.; - Gerçek deri kalitesiyle üstün bir dokunuş sunar.; - Fermuarlı yapısı sayesinde kartlarınızı güvenle saklayabilirsiniz.; - Türkiye'de üretilmiş olup, yerel üretim desteklenmiş olur.",1499.9,1499.9,15,DD123463,Kahverengi,,Unisex,DEERDERİ,Cüzdan,https://cdn.dsmcdn.com/ty1938/prod/QC_ENRICHMENT/20260428/12/be69977f-a502-32ee-8c36-cdd6f879d959/1_org_zoom.jpg,https://cdn.dsmcdn.com/ty1926/prod/QC_ENRICHMENT/20260428/12/069d8fb5-8d43-363d-89ea-f18f6e9018f5/1_org_zoom.jpg,https://cdn.dsmcdn.com/ty1783/prod/QC_PREP/20251101/16/3332af9a-fa4e-352a-b56a-3575e96369b3/1_org_zoom.jpg,https://cdn.dsmcdn.com/ty1784/prod/QC_PREP/20251101/16/76338a53-2942-32f4-8bc1-53df97f9ddd4/1_org_zoom.jpg,https://cdn.dsmcdn.com/ty1784/prod/QC_PREP/20251101/16/ad2e8cff-048f-38b4-8dd0-0124a74184b1/1_org_zoom.jpg,https://cdn.dsmcdn.com/ty1783/prod/QC_PREP/20251101/16/036afc8d-6744-3199-955b-2a378e95f0e9/1_org_zoom.jpg,,,1,Bugün Kargoda,https://www.trendyol.com/deerderi/rhode-vintage-hakiki-deri-fermuarli-kartlik-cuzdan-p-1043606585?merchantId=1155143&filterOverPriceListings=false
TY8684894949093,TY8684894949093,Rhode Vintage Hakiki Deri Fermuarlı Kartlık Cüzdan,"TSE standartlarında Türkiye’de el işçiliğiyle titizlilikle üretilmiştir.; ; Tüm ürünlerimiz birinci sınıf deriden üretilmiş olup yırtılmalara karşı dayanıklıdır.; ; Özel seri Vintage deri ( Crazy Deri )’den üretilmiştir.; ; 10 adet kart bölmesi, 2 adet kimlik kartı bölmesi, 1 adet kağıt para bölmesi mevcuttur.; Dıştan fermuar kilitlidir.; ; 8 cm × 11.5 cm ölçülerine sahiptir.; ; Deri yüzeyindeki ton farklılıkları ve gözenek lekeleri, gerçek derinin doğal yapısından kaynaklanmaktadır.; ; Ürünlerimiz, özel Premium kutusunda veya alternatifli olarak hediye paketi ile gönderilmektedir.; - Hakiki deri malzemesiyle üretilmiş, uzun ömürlü ve dayanıklı bir kullanım sunar.; - Düz deseni ve lacivert rengiyle zamansız bir şıklık ve kolay kombinasyon imkanı sağlar.; - Küçük boyutu sayesinde cebinizde veya çantanızda rahatça taşıyabilirsiniz.; - Unisex tasarımı ile hem erkekler hem de kadınlar için ideal bir aksesuardır.; - Casual ve günlük kullanıma uygun olarak tasarlanmıştır, her ortama uyum sağlar.; - Organik sürdürülebilirlik detayına sahip olması, çevreye duyarlı bir tercih yapmanızı sağlar.; - Gerçek deri kalitesiyle konforlu bir dokunuş ve üstün bir his sunar.; - Basic koleksiyonun bir parçası olarak, sade ve şık tasarımıyla dikkat çeker.; - Türkiye'de üretilmiştir, yerel üretim desteklenir.",1499.9,1499.9,22,DD123463,Lacivert,,Unisex,DEERDERİ,Cüzdan,https://cdn.dsmcdn.com/ty1903/prod/QC_ENRICHMENT/20260428/12/9c5040d3-f07e-3c67-b842-b30ce521e534/1_org_zoom.jpg,https://cdn.dsmcdn.com/ty1941/prod/QC_ENRICHMENT/20260428/12/2ddf9135-b2c3-36af-b6f3-08dbc7bc633a/1_org_zoom.jpg,https://cdn.dsmcdn.com/ty1782/prod/QC_PREP/20251101/16/bfd2e89f-a3b0-3e27-bc85-dc532672729e/1_org_zoom.jpg,https://cdn.dsmcdn.com/ty1782/prod/QC_PREP/20251101/16/81ec1f46-ffe6-3a21-9304-2df2e0326f37/1_org_zoom.jpg,https://cdn.dsmcdn.com/ty1784/prod/QC_PREP/20251101/16/1767d813-8923-3760-81e1-87ec3e45509a/1_org_zoom.jpg,https://cdn.dsmcdn.com/ty1783/prod/QC_PREP/20251101/16/8d229eed-9629-3252-9867-7fb2e48f8073/1_org_zoom.jpg,,,1,Bugün Kargoda,https://www.trendyol.com/deerderi/rhode-vintage-hakiki-deri-fermuarli-kartlik-cuzdan-p-1043604098?merchantId=1155143&filterOverPriceListings=false
TY8684894949092,TY8684894949092,Rhode Vintage Hakiki Deri Fermuarlı Kartlık Cüzdan,"TSE standartlarında Türkiye’de el işçiliğiyle titizlilikle üretilmiştir.; ; Tüm ürünlerimiz birinci sınıf deriden üretilmiş olup yırtılmalara karşı dayanıklıdır.; ; Özel seri Vintage deri ( Crazy Deri )’den üretilmiştir.; ; 10 adet kart bölmesi, 2 adet kimlik kartı bölmesi, 1 adet kağıt para bölmesi mevcuttur.; Dıştan fermuar kilitlidir.; ; 8 cm × 11.5 cm ölçülerine sahiptir.; ; Deri yüzeyindeki ton farklılıkları ve gözenek lekeleri, gerçek derinin doğal yapısından kaynaklanmaktadır.; ; Ürünlerimiz, özel Premium kutusunda veya alternatifli olarak hediye paketi ile gönderilmektedir.; - Hakiki deri malzemesiyle üretilmiş, uzun ömürlü ve dayanıklı bir yapıya sahip.; - Düz deseni ve haki rengiyle zamansız bir şıklık sunuyor.; - Küçük boyutu sayesinde kolayca taşınabilir ve cebinizde rahatça yer alır.; - Unisex tasarımı ile hem kadınlar hem de erkekler tarafından tercih edilebilir.; - Casual/Günlük ortamlarda kullanıma uygun, her türlü kıyafetle uyum sağlar.; - Organik sürdürülebilirlik detayına sahip, çevre dostu bir ürün.; - Gerçek deri kalitesiyle birinci sınıf bir kullanım deneyimi sunar.; - Türkiye'de üretilmiştir, yerel üretim desteklenir.; - Type 4 yıkama talimatına uygun şekilde temizlenmelidir.",1499.9,1499.9,8,DD123463,Haki,,Unisex,DEERDERİ,Cüzdan,https://cdn.dsmcdn.com/ty1903/prod/QC_ENRICHMENT/20260428/12/b4cca279-2c52-3725-9de0-3fc64cfab18c/1_org_zoom.jpg,https://cdn.dsmcdn.com/ty1858/prod/QC_ENRICHMENT/20260421/17/0cce4a81-3397-31ce-ac76-1047b0d44beb/1_org_zoom.jpg,https://cdn.dsmcdn.com/ty1783/prod/QC_PREP/20251101/16/219a92bd-dbe2-3fa5-951a-536cdf9d846d/1_org_zoom.jpg,https://cdn.dsmcdn.com/ty1782/prod/QC_PREP/20251101/16/0ee11683-a572-35fd-829a-60e94ec35f02/1_org_zoom.jpg,https://cdn.dsmcdn.com/ty1784/prod/QC_PREP/20251101/16/05dfa168-5824-3fdb-9be9-552ad92643e2/1_org_zoom.jpg,https://cdn.dsmcdn.com/ty1783/prod/QC_PREP/20251101/16/6a4d41d8-41b5-378e-aa31-bd85cc1286a3/1_org_zoom.jpg,,,1,Bugün Kargoda,https://www.trendyol.com/deerderi/rhode-vintage-hakiki-deri-fermuarli-kartlik-cuzdan-p-1043601980?merchantId=1155143&filterOverPriceListings=false
TY8681272049089,TY8681272049089,Thyke Vintage Deri Cüzdan Kartlık,"- Hakiki deri malzemesiyle üretilmiş, uzun ömürlü ve dayanıklı kullanım sunar.; - Düz deseni ve taba rengiyle zamansız bir şıklık sağlar.; - Küçük boyutu sayesinde kolayca taşınabilir ve cebinizde rahatça yer alır.; - Unisex tasarımı ile hem erkekler hem de kadınlar tarafından rahatlıkla kullanılabilir.; - Yetişkinler için idealdir, iş hayatında ve günlük kullanımda şıklığınızı tamamlar.; - Basic koleksiyonunun bir parçası olarak, her türlü kıyafetle uyum sağlar.; - Business ortamları için uygun, profesyonel bir görünüm sunar.; - Türkiye'de üretilmiştir, yerel üretimden kaliteli bir ürün tercih etmiş olursunuz.",999.9,999.9,3,DD123458,Taba,,Unisex,DEERDERİ,Cüzdan,https://cdn.dsmcdn.com/ty1940/prod/QC_ENRICHMENT/20260428/13/a69eed4b-4546-3857-aea3-76618add4fd5/1_org_zoom.jpg,https://cdn.dsmcdn.com/ty1935/prod/QC_ENRICHMENT/20260428/13/64489b39-8a25-3b29-b4ad-d29869437883/1_org_zoom.jpg,https://cdn.dsmcdn.com/ty1782/prod/QC_PREP/20251101/16/4a18e299-3355-370d-a80c-1acc288ab7ab/1_org_zoom.jpg,https://cdn.dsmcdn.com/ty1782/prod/QC_PREP/20251101/16/55fae288-2ce4-3c37-ad5e-f8f3313a4645/1_org_zoom.jpg,https://cdn.dsmcdn.com/ty1782/prod/QC_PREP/20251101/16/56eb440e-b26c-309e-b686-6c26edd2f212/1_org_zoom.jpg,https://cdn.dsmcdn.com/ty1784/prod/QC_PREP/20251101/16/2790b041-bcd2-3850-bc2d-ecd869df1919/1_org_zoom.jpg,https://cdn.dsmcdn.com/ty1783/prod/QC_PREP/20251101/16/5c27004c-5d97-37dd-8aa9-fe2fe7582708/1_org_zoom.jpg,https://cdn.dsmcdn.com/ty1783/prod/QC_PREP/20251101/16/45784d59-4be9-3f49-8ae3-c66f4c2c4a18/1_org_zoom.jpg,1,Bugün Kargoda,https://www.trendyol.com/deerderi/thyke-vintage-deri-cuzdan-kartlik-p-1043490890?merchantId=1155143&filterOverPriceListings=false
TY8681272049087,TY8681272049087,Thyke Vintage Deri Cüzdan Kartlık,"•TSE standartlarında Türkiye’de el işçiliğiyle titizlilikle üretilmiştir.; •Tüm ürünlerimiz birinci sınıf deriden üretilmiş olup yırtılmalara karşı dayanıklıdır.; •1 adet mekanizma bölmesi,1 adet kağıt para bölmesi,1 adet bozuk para bölmesi.3 adet kart bölmesi mevcuttur.; •7.5 cm × 10.5 cm ölçülerine sahiptir.; •Deri yüzeyindeki ton farklılıkları ve gözenek lekeleri, gerçek derinin doğal yapısından kaynaklanmaktadır.; •Ürünlerimiz, özel Premium kutusunda veya alternatifli olarak hediye paketi ile gönderilmektedir.; - Hakiki deri malzemesiyle üretilmiş, uzun ömürlü ve dayanıklı bir yapıya sahiptir.; - Düz deseni ve haki rengiyle zamansız bir şıklık sunar.; - Küçük boyutu sayesinde kolayca taşınabilir ve her türlü ihtiyaca cevap verir.; - Unisex tasarımı ile hem kadınlar hem de erkekler tarafından rahatlıkla kullanılabilir.; - Basic koleksiyonuna ait bu cüzdan, her ortama uyum sağlayacak sade ve şık bir görünüm sunar.; - Business ortamları için idealdir, profesyonel bir tarz yaratmanıza yardımcı olur.; - Türkiye'de üretilmiştir, yerel işçiliği destekler.",999.9,999.9,4,DD123458,Haki,,Unisex,DEERDERİ,Cüzdan,https://cdn.dsmcdn.com/ty1940/prod/QC_ENRICHMENT/20260428/13/1691b17f-267b-37cb-af63-f5ba4690b20e/1_org_zoom.jpg,https://cdn.dsmcdn.com/ty1937/prod/QC_ENRICHMENT/20260428/13/de7ebece-3107-39c8-9133-e7fa4c413730/1_org_zoom.jpg,https://cdn.dsmcdn.com/ty1783/prod/QC_PREP/20251101/16/68d9e9e1-d66d-37c9-9130-8e5b598c4336/1_org_zoom.jpg,https://cdn.dsmcdn.com/ty1783/prod/QC_PREP/20251101/16/b1e881e9-1e65-354d-89f5-a7ed6b7869f7/1_org_zoom.jpg,https://cdn.dsmcdn.com/ty1783/prod/QC_PREP/20251101/16/0ac28c35-37bb-3ccc-81ef-71a07d1e847f/1_org_zoom.jpg,https://cdn.dsmcdn.com/ty1784/prod/QC_PREP/20251101/16/75585bad-1231-3f20-b027-2cee25530178/1_org_zoom.jpg,https://cdn.dsmcdn.com/ty1783/prod/QC_PREP/20251101/16/dc1745c9-3735-371a-81fe-cc147d4f6385/1_org_zoom.jpg,https://cdn.dsmcdn.com/ty1782/prod/QC_PREP/20251101/16/02e4547a-554c-30c8-964a-512a22b7dc59/1_org_zoom.jpg,1,Bugün Kargoda,https://www.trendyol.com/deerderi/thyke-vintage-deri-cuzdan-kartlik-p-1043490828?merchantId=1155143&filterOverPriceListings=false
TY8681272049086,TY8681272049086,Thyke Vintage Deri Cüzdan Kartlık,"•TSE standartlarında Türkiye’de el işçiliğiyle titizlilikle üretilmiştir.; •Tüm ürünlerimiz birinci sınıf deriden üretilmiş olup yırtılmalara karşı dayanıklıdır.; •1 adet mekanizma bölmesi,1 adet kağıt para bölmesi,1 adet bozuk para bölmesi.3 adet kart bölmesi mevcuttur.; •7.5 cm × 10.5 cm ölçülerine sahiptir.; •Deri yüzeyindeki ton farklılıkları ve gözenek lekeleri, gerçek derinin doğal yapısından kaynaklanmaktadır.; •Ürünlerimiz, özel Premium kutusunda veya alternatifli olarak hediye paketi ile gönderilmektedir.; - Hakiki deri malzemesiyle üretilmiş, uzun ömürlü kullanım sunar.; - Sade ve şık tasarımıyla her ortama uyum sağlar.; - Gri rengi, kolay kombinlenebilirlik ve zamansız bir görünüm sağlar.; - Küçük boyutu sayesinde cebinizde veya çantanızda rahatlıkla taşınabilir.; - Unisex tasarımı ile hem erkekler hem de kadınlar tarafından tercih edilebilir.; - Yetişkinler için ideal olan bu cüzdan, günlük kullanım için uygundur.; - Basic koleksiyonunun bir parçası olarak, temel ihtiyaçları karşılayan fonksiyonel bir üründür.; - Business ortamları için uygun, profesyonel bir görünüm sunar.; - Türkiye'de üretilmiştir, yerel üretimden gurur duyun.",999.9,999.9,4,DD123458,Gri,,Unisex,DEERDERİ,Cüzdan,https://cdn.dsmcdn.com/ty1914/prod/QC_ENRICHMENT/20260428/13/aa889eb6-df1e-3e63-95a1-244b845d179b/1_org_zoom.jpg,https://cdn.dsmcdn.com/ty1941/prod/QC_ENRICHMENT/20260428/13/9982ce39-e578-3d64-b99a-03de8d6e81ef/1_org_zoom.jpg,https://cdn.dsmcdn.com/ty1782/prod/QC_PREP/20251101/16/20ac489f-f1be-34e1-9291-a7b06547eab1/1_org_zoom.jpg,https://cdn.dsmcdn.com/ty1782/prod/QC_PREP/20251101/16/61d05dfc-fb7f-3a9b-979b-3954b55611e2/1_org_zoom.jpg,https://cdn.dsmcdn.com/ty1782/prod/QC_PREP/20251101/16/b6e2cb1a-8a35-3610-8a2c-18ac3e4926c9/1_org_zoom.jpg,https://cdn.dsmcdn.com/ty1782/prod/QC_PREP/20251101/16/012da1de-9b79-36e5-b992-763ca27ee4e8/1_org_zoom.jpg,https://cdn.dsmcdn.com/ty1782/prod/QC_PREP/20251101/16/5da79322-8546-3536-8fc6-6d2b96419872/1_org_zoom.jpg,,1,Bugün Kargoda,https://www.trendyol.com/deerderi/thyke-vintage-deri-cuzdan-kartlik-p-1043490434?merchantId=1155143&filterOverPriceListings=false
TY8681272049054,TY8681272049054,Thyke Vintage Deri Cüzdan Kartlık,"•TSE standartlarında Türkiye’de el işçiliğiyle titizlilikle üretilmiştir.; •Tüm ürünlerimiz birinci sınıf deriden üretilmiş olup yırtılmalara karşı dayanıklıdır.; •1 adet mekanizma bölmesi,1 adet kağıt para bölmesi,1 adet bozuk para bölmesi.3 adet kart bölmesi mevcuttur.; •7.5 cm × 10.5 cm ölçülerine sahiptir.; •Deri yüzeyindeki ton farklılıkları ve gözenek lekeleri, gerçek derinin doğal yapısından kaynaklanmaktadır.; •Ürünlerimiz, özel Premium kutusunda veya alternatifli olarak hediye paketi ile gönderilmektedir.; - Hakiki deri malzemesiyle üretilmiş, uzun ömürlü ve dayanıklı bir yapıya sahiptir.; - Düz deseni ve kestane rengiyle zamansız bir şıklık sunar.; - Küçük boyutu sayesinde kolayca taşınabilir ve her tür çanta ile uyum sağlar.; - Unisex tasarımı ile hem erkekler hem de kadınlar tarafından rahatlıkla kullanılabilir.; - Yetişkinler için idealdir, profesyonel ve günlük kullanım için uygundur.; - Basic koleksiyonunun bir parçası olarak, her gardıropta olması gereken temel bir aksesuardır.; - İş ortamında şıklığınızı tamamlayacak zarif bir detaydır.; - Türkiye'de üretilmiştir, yerel üretim desteklenir.",999.9,999.9,3,DD123458,Kestane,,Unisex,DEERDERİ,Cüzdan,https://cdn.dsmcdn.com/ty1906/prod/QC_ENRICHMENT/20260428/12/88b293ab-1358-35a6-8df0-6f4490b926d6/1_org_zoom.jpg,https://cdn.dsmcdn.com/ty1940/prod/QC_ENRICHMENT/20260428/12/50c7b19d-7ebe-34eb-8bad-6d16ab2e2279/1_org_zoom.jpg,https://cdn.dsmcdn.com/ty1784/prod/QC_PREP/20251101/16/be5f655b-8774-397b-ba6a-791cb85141b6/1_org_zoom.jpg,https://cdn.dsmcdn.com/ty1782/prod/QC_PREP/20251101/16/61146ccd-7835-39e0-b53d-4765c94f2884/1_org_zoom.jpg,https://cdn.dsmcdn.com/ty1784/prod/QC_PREP/20251101/16/1db9345d-c8f9-3658-956a-193d395fd3c4/1_org_zoom.jpg,https://cdn.dsmcdn.com/ty1783/prod/QC_PREP/20251101/16/298c32da-7e76-3e8c-ae12-0853ab0b9c1f/1_org_zoom.jpg,,,1,Bugün Kargoda,https://www.trendyol.com/deerderi/thyke-vintage-deri-cuzdan-kartlik-p-1043490418?merchantId=1155143&filterOverPriceListings=false
TY8681272049088,TY8681272049088,Thyke Vintage Deri Cüzdan Kartlık,"•TSE standartlarında Türkiye’de el işçiliğiyle titizlilikle üretilmiştir.; •Tüm ürünlerimiz birinci sınıf deriden üretilmiş olup yırtılmalara karşı dayanıklıdır.; •1 adet mekanizma bölmesi,1 adet kağıt para bölmesi,1 adet bozuk para bölmesi.3 adet kart bölmesi mevcuttur.; •7.5 cm × 10.5 cm ölçülerine sahiptir.; •Deri yüzeyindeki ton farklılıkları ve gözenek lekeleri, gerçek derinin doğal yapısından kaynaklanmaktadır.; •Ürünlerimiz, özel Premium kutusunda veya alternatifli olarak hediye paketi ile gönderilmektedir.; - **Hakiki Deri Kalitesi:** Thyke Vintage Deri Cüzdan, uzun ömürlü kullanım için yüksek kaliteli hakiki deriden üretilmiştir.; - **Zarif ve Klasik Tasarım:** Düz deseni ve kahverengi tonu ile her ortama uyum sağlayan zamansız bir tasarıma sahiptir.; - **Kompakt ve Kullanışlı Boyut:** Küçük boyutu sayesinde kolayca taşınabilir ve cebinizde rahatça yer alır.; - **Unisex Kullanım:** Hem erkekler hem de kadınlar için uygun, unisex bir tasarıma sahiptir.; - **Basic Koleksiyon:** Her gardıropta olması gereken temel aksesuarlardan biri olan bu cüzdan, sadeliği ve şıklığı bir arada sunar.; - **Business Ortamına Uygun:** İş hayatında profesyonel bir görünüm için idealdir.; - **Yetişkinler İçin Şık Bir Seçenek:** Yetişkinlerin tercihine uygun, kaliteli ve dayanıklı bir cüzdan arayışında olanlar için mükemmel bir seçimdir.; - **Yerli Üretim:** Türkiye'de üretilmiş olup, yerel işçiliği destekler.; - **Kullanım ve Bakım Kolaylığı:** Type 4 yıkama talimatı ile kolayca temizlenebilir ve bakımı yapılabilir.",999.9,999.9,3,DD123458,Kahverengi,,Unisex,DEERDERİ,Cüzdan,https://cdn.dsmcdn.com/ty1942/prod/QC_ENRICHMENT/20260428/12/dee7b5cc-cc74-37a1-ae5a-ba1989241563/1_org_zoom.jpg,https://cdn.dsmcdn.com/ty1939/prod/QC_ENRICHMENT/20260428/12/f3c94b92-75ea-32dd-9f12-594ab1cedddf/1_org_zoom.jpg,https://cdn.dsmcdn.com/ty1784/prod/QC_PREP/20251101/16/99db0129-b6db-3119-b809-6728981b7bc2/1_org_zoom.jpg,https://cdn.dsmcdn.com/ty1784/prod/QC_PREP/20251101/16/527a2034-150c-3a1c-b917-56a13e150a23/1_org_zoom.jpg,https://cdn.dsmcdn.com/ty1782/prod/QC_PREP/20251101/16/3892debc-fb1d-3401-93e7-cae520150d53/1_org_zoom.jpg,https://cdn.dsmcdn.com/ty1784/prod/QC_PREP/20251101/16/4e2e5f38-52f5-3e57-bae5-fb6d1da634c2/1_org_zoom.jpg,https://cdn.dsmcdn.com/ty1783/prod/QC_PREP/20251101/16/ea18c839-7811-3ee6-afb4-b3407a85b045/1_org_zoom.jpg,https://cdn.dsmcdn.com/ty1782/prod/QC_PREP/20251101/16/cbde0dd7-fe9b-3611-abaf-f8de4f6977fa/1_org_zoom.jpg,1,Bugün Kargoda,https://www.trendyol.com/deerderi/thyke-vintage-deri-cuzdan-kartlik-p-1043489806?merchantId=1155143&filterOverPriceListings=false
TY8681272049085,TY8681272049085,Vesta Kanvas Bel Çantası Lacivert,"• TSE standartlarında Türkiye’de el işçiliğiyle titizlilikle üretilmiştir.; • Modelimiz birinci sınıf suya dayanıklı kanvas kumaştan üretilmiştir.; • 2 adet fermuar bölmesi mevcuttur.; • 38 cm × 18 cm ölçülerine sahiptir.; • Geniş iç hacime sahiptir.; • Ayarlanabilir askı mevcuttur.; • Ürünlerimiz, özel Premium kutusunda veya alternatifli olarak hediye paketi ile gönderilmektedir.; - Hakiki deri materyali ile uzun ömürlü ve dayanıklı kullanım sunar.; - Düz tasarımı ve lacivert rengiyle şık ve zamansız bir görünüm sağlar.; - Unisex tasarımı sayesinde hem kadınlar hem de erkekler tarafından rahatlıkla kullanılabilir.; - Yetişkin yaş grubuna hitap eden modern ve kullanışlı bir aksesuardır.; - Casual ve günlük ortamlarda rahatlıkla tercih edilebilecek Basic koleksiyonunun bir parçasıdır.; - Sürdürülebilirlik detayları bulunmamakla birlikte, kaliteli malzemesiyle öne çıkar.; - Gerçek deri kalitesiyle üst düzey bir dokunuş sunar.; - Hakiki deri materyal bileşeni, ürünün kalitesini ve dayanıklılığını artırır.; - Type 4 yıkama talimatına uygun şekilde temizlenmesi önerilir.; - Türkiye'de üretilmiştir, yerel üretim desteklenir.",1999.9,1999.9,1,DD123457,Lacivert,,Unisex,DEERDERİ,Bel Çantası,https://cdn.dsmcdn.com/ty1939/prod/QC_ENRICHMENT/20260428/12/aa1ca293-9f9e-3815-97c3-e17c7681df43/1_org_zoom.jpg,https://cdn.dsmcdn.com/ty1891/prod/QC_ENRICHMENT/20260428/12/6c3cae65-8a63-348f-9b2d-3423a15ed30a/1_org_zoom.jpg,https://cdn.dsmcdn.com/ty1782/prod/QC_PREP/20251101/16/0ad608a3-c875-3980-abe3-c56e2cdfefe8/1_org_zoom.jpg,https://cdn.dsmcdn.com/ty1782/prod/QC_PREP/20251101/16/a91548f6-5c72-3d41-87b5-a993959832e7/1_org_zoom.jpg,https://cdn.dsmcdn.com/ty1783/prod/QC_PREP/20251101/16/1266e906-7627-3326-a3b0-54f1578d9e69/1_org_zoom.jpg,https://cdn.dsmcdn.com/ty1782/prod/QC_PREP/20251101/16/eeffcef1-068c-330f-87d5-75cc25177370/1_org_zoom.jpg,,,1,Bugün Kargoda,https://www.trendyol.com/deerderi/vesta-kanvas-bel-cantasi-lacivert-p-1043437476?merchantId=1155143&filterOverPriceListings=false
TY8681272049084,TY8681272049084,Zeus Hakiki Deri & Vintage El Çantası Siyah,"•TSE standartlarında Türkiye’de el işçiliğiyle titizlilikle üretilmiştir.; •Tüm ürünlerimiz birinci sınıf deriden üretilmiş olup yırtılmalara karşı dayanıklıdır.; •Özel seri Vintage deri ( Crazy Deri )’den üretilmiştir.; •1 adet bölmesi, 1 adet iç fermuar bölmesi,1 adet iç bölme mevcuttur.; Dıştan fermuar korumalıdır.; •20.5cm × 11 cm ölçülerine sahiptir.; •Kalınlık 10 cm Geniş iç hacime sahiptir.; •El tutma askısı mevcuttur.; •Deri yüzeyindeki ton farklılıkları ve gözenek lekeleri, gerçek derinin doğal yapısından kaynaklanmaktadır.; •Ürünlerimiz, özel Premium kutusunda veya alternatifli olarak hediye paketi ile gönderilmektedir.; - Hakiki deri malzemesiyle üretilmiş, dayanıklı ve şık bir tasarıma sahip.; - Düz deseniyle zamansız bir görünüm sunar ve her türlü kıyafetle kolayca kombinlenebilir.; - Siyah rengi, klasik ve asil bir hava katarak her ortamda dikkat çeker.; - Orta boyutu sayesinde günlük kullanım için idealdir ve kişisel eşyalarınızı rahatça taşımanızı sağlar.; - Tek kişilik kapasitesi ile temel ihtiyaçlarınızı karşılayacak yeterli alanı sunar.; - Unisex tasarımıyla hem kadınlar hem de erkekler tarafından tercih edilebilir.; - Yetişkin yaş grubuna hitap eden sofistike bir stil sunar.; - Basic koleksiyonunun bir parçası olarak, her gardıropta olması gereken temel bir aksesuardır.; - Gerçek deri kalitesi, ürünün uzun ömürlü olmasını ve zamanla güzelleşmesini sağlar.; - Hakiki deri materyal bileşeni, ürünün kalitesini ve dayanıklılığını artırır.; - Type 4 yıkama talimatına uygun şekilde temizlenmesi, ürünün bakımını kolaylaştırır.; - Türkiye'de üretilmiş olmasıyla yerel üretim desteklenmiş olur.",2499.9,2499.9,3,DD123456,Siyah,,Unisex,DEERDERİ,El Çantası,https://cdn.dsmcdn.com/ty1940/prod/QC_ENRICHMENT/20260428/12/03a2aaf3-89a2-3304-9243-6c8d182a346a/1_org_zoom.jpg,https://cdn.dsmcdn.com/ty1782/prod/QC_PREP/20251101/15/1d8b4cca-90d6-3ff4-a369-4d32fc566ebe/1_org_zoom.jpg,https://cdn.dsmcdn.com/ty1783/prod/QC_PREP/20251101/15/834b6be2-f561-3a7f-94f5-0d359ade0e50/1_org_zoom.jpg,https://cdn.dsmcdn.com/ty1782/prod/QC_PREP/20251101/15/c3b66ec5-9151-3297-a4fa-5ee209e4c031/1_org_zoom.jpg,https://cdn.dsmcdn.com/ty1783/prod/QC_PREP/20251101/15/77484b31-76f9-39b3-b9f2-387e912bf247/1_org_zoom.jpg,https://cdn.dsmcdn.com/ty1783/prod/QC_PREP/20251101/15/74b7fdc5-ca15-3a99-b1d9-dc200c758596/1_org_zoom.jpg,https://cdn.dsmcdn.com/ty1783/prod/QC_PREP/20251101/15/0c3e5416-c95e-3b21-8ae7-bd50e5eeb5fe/1_org_zoom.jpg,,1,Bugün Kargoda,https://www.trendyol.com/deerderi/zeus-hakiki-deri-vintage-el-cantasi-siyah-p-1043434571?merchantId=1155143&filterOverPriceListings=false
TY8680801608407,TY8680801608407,İphone Hakiki Deri Dikişli Karlıklı Standlı Kılıf Iphone 11,"- Hakiki deri malzemesiyle üretilmiş, uzun ömürlü ve şık bir kullanım sunar.; - Kahverengi rengiyle klasik ve zamansız bir görünüm kazandırır.; - iPhone 11 modeliyle tam uyum sağlayarak telefonunuzu mükemmel bir şekilde sarar ve korur.; - Apple marka telefonlar için özel olarak tasarlanmıştır, cihazınızla mükemmel uyumluluk gösterir.; - Türkiye'de üretilmiştir, yerel üretimle kalite ve güvenilirliği bir arada sunar.",499.9,499.9,1,DT65597,Kahverengi,,,DEERDERİ,Kapak & Kılıf,https://cdn.dsmcdn.com/ty1784/prod/QC_ENRICHMENT/20251103/12/6e5cf4a8-e54f-3687-8b58-e6a84de2a968/1_org_zoom.jpg,https://cdn.dsmcdn.com/ty1780/prod/QC_PREP/20251028/17/c50dcd8c-6349-3840-8634-130f525ba094/1_org_zoom.jpg,https://cdn.dsmcdn.com/ty1780/prod/QC_PREP/20251028/17/609eeb5e-444c-3c7f-8f08-8034c48d5e1b/1_org_zoom.jpg,,,,,,1,Bugün Kargoda,https://www.trendyol.com/deerderi/iphone-hakiki-deri-dikisli-karlikli-standli-kilif-iphone-11-p-1041670408?merchantId=1155143&filterOverPriceListings=false
TY8680801608406,TY8680801608406,İphone Hakiki Deri Dikişli Karlıklı Standlı Kılıf Iphone 11,"- Hakiki deri malzemesi ile üretilmiş, uzun ömürlü ve dayanıklı kullanım sunar.; - Lacivert rengiyle şık ve modern bir görünüm kazandırır, telefonunuzu zarif bir şekilde korur.; - iPhone 11 modeliyle tam uyumlu tasarım, cihazınıza mükemmel oturur ve kolayca takılıp çıkarılabilir.; - Apple marka telefonlar için özel olarak tasarlanmıştır, böylece cihazınızla mükemmel uyum sağlar.; - Türkiye menşeli ürün, yerel üretim kalitesini ve güvenilirliğini garanti eder.",499.9,499.9,5,DT65597,Lacivert,,,DEERDERİ,Kapak & Kılıf,https://cdn.dsmcdn.com/ty1784/prod/QC_ENRICHMENT/20251103/12/4cf500dc-4e8a-3afd-ad35-c19066aee6f6/1_org_zoom.jpg,https://cdn.dsmcdn.com/ty1780/prod/QC_PREP/20251028/17/57d855f8-a647-35a4-be06-5ead7200cde0/1_org_zoom.jpg,https://cdn.dsmcdn.com/ty1780/prod/QC_PREP/20251028/17/b5a5da56-4235-39ca-98d7-311edd29f1ec/1_org_zoom.jpg,,,,,,1,Bugün Kargoda,https://www.trendyol.com/deerderi/iphone-hakiki-deri-dikisli-karlikli-standli-kilif-iphone-11-p-1041670403?merchantId=1155143&filterOverPriceListings=false
TY8680801608405,TY8680801608405,İphone Hakiki Deri Dikişli Karlıklı Standlı Kılıf Iphone 11,"•TSE standartlarında Türkiye’de el işçiliğiyle titizlilikle üretilmiştir.; •Tüm ürünlerimiz birinci sınıf deriden üretilmiş olup yırtılmalara karşı dayanıklıdır.; •Deri yüzeyindeki ton farklılıkları ve gözenek lekeleri, gerçek derinin doğal yapısından kaynaklanmaktadır.; •Ürün isminde yazan model ile uyumludur.; •Telefona uyumlu içerisindeki silikonlu telefon kılıfı sayesinde telefonunuzu darbelere ve çizilmelere karşı korur.; •İç kısmı kadifedir.; •Ürünlerimiz, özel Premium kutusunda veya alternatifli olarak hediye paketi ile gönderilmektedir.",499.9,499.9,1,DT65597,Siyah,,,DEERDERİ,Kapak & Kılıf,https://cdn.dsmcdn.com/ty1782/prod/QC_ENRICHMENT/20251103/12/706639f3-4b82-3246-bbe8-8c2151679f28/1_org_zoom.jpg,https://cdn.dsmcdn.com/ty1780/prod/QC_PREP/20251028/17/4add028b-8c88-3169-833a-e711a3d86931/1_org_zoom.jpg,https://cdn.dsmcdn.com/ty1780/prod/QC_PREP/20251028/17/9d1e2ce0-9d8f-3550-bd60-3d175f6c80cc/1_org_zoom.jpg,,,,,,1,Bugün Kargoda,https://www.trendyol.com/deerderi/iphone-hakiki-deri-dikisli-karlikli-standli-kilif-iphone-11-p-1041670368?merchantId=1155143&filterOverPriceListings=false
TY8698703025564,TY8698703025564,Juno İphone Hakiki Deri Koruyucu Kılıf Iphone 12/12 Pro,,499.9,499.9,3,DT41455,Kırmızı,,,DEERDERİ,Kapak & Kılıf,https://cdn.dsmcdn.com/ty1781/prod/QC_PREP/20251027/17/b95b092b-a0c0-3ee7-8f2a-82f637b2a26c/1_org_zoom.jpg,https://cdn.dsmcdn.com/ty1781/prod/QC_PREP/20251027/17/b7c5115d-c8ea-3a93-9592-c54da2a5f636/1_org_zoom.jpg,https://cdn.dsmcdn.com/ty1779/prod/QC_PREP/20251027/17/fd92be44-e1e6-3373-91d2-f86482f3b0a9/1_org_zoom.jpg,https://cdn.dsmcdn.com/ty1781/prod/QC_PREP/20251027/17/a258fa78-cfcd-305b-81b5-1d86109c9d5c/1_org_zoom.jpg,,,,,1,Bugün Kargoda,https://www.trendyol.com/deerderi/juno-iphone-hakiki-deri-koruyucu-kilif-iphone-12-12-pro-p-1041163404?merchantId=1155143&filterOverPriceListings=false
TY8698703025562,TY8698703025562,Kartlıklı Tutacaklı İphone Hakiki Deri Koruyucu Kılıf Iphone 12/12 Pro,"•TSE standartlarında Türkiye’de el işçiliğiyle titizlilikle üretilmiştir.; •Tüm ürünlerimiz birinci sınıf deriden üretilmiş olup yırtılmalara karşı dayanıklıdır.; •Deri yüzeyindeki ton farklılıkları ve gözenek lekeleri, gerçek derinin doğal yapısından kaynaklanmaktadır.; •Modelimiz mıknatıslıdır.; •Ürün isminde yazan model ile uyumludur.; •Telefona uyumlu içerisindeki silikonlu telefon kılıfı sayesinde telefonunuzu darbelere ve çizilmelere karşı korur.; •İç kısmı kadifedir.; •Ürünlerimiz, özel Premium kutusunda veya alternatifli olarak hediye paketi ile gönderilmektedir.",499.9,499.9,2,DT41454,Lacivert,,,DEERDERİ,Kapak & Kılıf,https://cdn.dsmcdn.com/ty1779/prod/QC_PREP/20251027/17/d14db054-18b3-3559-bf8e-0017157e8e2a/1_org_zoom.jpg,https://cdn.dsmcdn.com/ty1779/prod/QC_PREP/20251027/17/ac5f906c-851b-3fc6-b60a-a7d746aac82e/1_org_zoom.jpg,https://cdn.dsmcdn.com/ty1779/prod/QC_PREP/20251027/17/e59f57e6-f3fc-3de6-a9ec-012f27476e7a/1_org_zoom.jpg,https://cdn.dsmcdn.com/ty1781/prod/QC_PREP/20251027/17/ad9ce098-d019-35af-bfe3-a9d35019a3a6/1_org_zoom.jpg,,,,,1,Bugün Kargoda,https://www.trendyol.com/deerderi/kartlikli-tutacakli-iphone-hakiki-deri-koruyucu-kilif-iphone-12-12-pro-p-1041158395?merchantId=1155143&filterOverPriceListings=false
TY8698703025563,TY8698703025563,Kartlıklı Tutacaklı İphone Hakiki Deri Koruyucu Kılıf Iphone 12/12 Pro,"•TSE standartlarında Türkiye’de el işçiliğiyle titizlilikle üretilmiştir.; •Tüm ürünlerimiz birinci sınıf deriden üretilmiş olup yırtılmalara karşı dayanıklıdır.; •Deri yüzeyindeki ton farklılıkları ve gözenek lekeleri, gerçek derinin doğal yapısından kaynaklanmaktadır.; •Modelimiz mıknatıslıdır.; •Ürün isminde yazan model ile uyumludur.; •Telefona uyumlu içerisindeki silikonlu telefon kılıfı sayesinde telefonunuzu darbelere ve çizilmelere karşı korur.; •İç kısmı kadifedir.; •Ürünlerimiz, özel Premium kutusunda veya alternatifli olarak hediye paketi ile gönderilmektedir.",499.9,499.9,3,DT41454,Gri,,,DEERDERİ,Kapak & Kılıf,https://cdn.dsmcdn.com/ty1780/prod/QC_PREP/20251027/17/ccac3331-7efa-3f08-aa09-0e592d62b57c/1_org_zoom.jpg,https://cdn.dsmcdn.com/ty1781/prod/QC_PREP/20251027/17/0aa9ae38-3d1c-3184-a136-b370d5556108/1_org_zoom.jpg,https://cdn.dsmcdn.com/ty1781/prod/QC_PREP/20251027/17/e7ad92d6-626e-39a2-9102-b87eb83f405a/1_org_zoom.jpg,https://cdn.dsmcdn.com/ty1779/prod/QC_PREP/20251027/17/e73bc7ce-2d52-3bb8-a87c-fc28f872edc5/1_org_zoom.jpg,,,,,1,Bugün Kargoda,https://www.trendyol.com/deerderi/kartlikli-tutacakli-iphone-hakiki-deri-koruyucu-kilif-iphone-12-12-pro-p-1041158388?merchantId=1155143&filterOverPriceListings=false
TY8698684368588,TY8698684368588,Juno İphone Hakiki Deri Koruyucu Kılıf Iphone 13/14/15,"•TSE standartlarında Türkiye’de el işçiliğiyle titizlilikle üretilmiştir.; •Tüm ürünlerimiz birinci sınıf deriden üretilmiş olup yırtılmalara karşı dayanıklıdır.; •Deri yüzeyindeki ton farklılıkları ve gözenek lekeleri, gerçek derinin doğal yapısından kaynaklanmaktadır.; •Modelimiz mıknatıslıdır.; •Ürün isminde yazan model ile uyumludur.; •Telefona uyumlu içerisindeki silikonlu telefon kılıfı sayesinde telefonunuzu darbelere ve çizilmelere karşı korur.; •İç kısmı kadifedir.; •Ürünlerimiz, özel Premium kutusunda veya alternatifli olarak hediye paketi ile gönderilmektedir.",499.9,499.9,5,DT44556,Beyaz,,,DEERDERİ,Kapak & Kılıf,https://cdn.dsmcdn.com/ty1779/prod/QC_PREP/20251027/16/28277974-5d48-31e4-b42b-205b7bffa21a/1_org_zoom.jpg,https://cdn.dsmcdn.com/ty1779/prod/QC_PREP/20251027/16/5e626dcc-75da-3e11-a6d2-9df69a53466e/1_org_zoom.jpg,https://cdn.dsmcdn.com/ty1781/prod/QC_PREP/20251027/16/2f51cf31-d845-34cd-9140-0cae1ca1b882/1_org_zoom.jpg,https://cdn.dsmcdn.com/ty1780/prod/QC_PREP/20251027/16/5a8433e2-5d4d-3616-ac84-086e3c0d9f48/1_org_zoom.jpg,,,,,1,Bugün Kargoda,https://www.trendyol.com/deerderi/juno-iphone-hakiki-deri-koruyucu-kilif-iphone-13-14-15-p-1041139693?merchantId=1155143&filterOverPriceListings=false
TY8698684368587,TY8698684368587,Juno İphone Hakiki Deri Koruyucu Kılıf Iphone 13/14/15,"•TSE standartlarında Türkiye’de el işçiliğiyle titizlilikle üretilmiştir.; •Tüm ürünlerimiz birinci sınıf deriden üretilmiş olup yırtılmalara karşı dayanıklıdır.; •Deri yüzeyindeki ton farklılıkları ve gözenek lekeleri, gerçek derinin doğal yapısından kaynaklanmaktadır.; •Modelimiz mıknatıslıdır.; •Ürün isminde yazan model ile uyumludur.; •Telefona uyumlu içerisindeki silikonlu telefon kılıfı sayesinde telefonunuzu darbelere ve çizilmelere karşı korur.; •İç kısmı kadifedir.; •Ürünlerimiz, özel Premium kutusunda veya alternatifli olarak hediye paketi ile gönderilmektedir.",499.9,499.9,9,DT44556,Mürdüm,,,DEERDERİ,Kapak & Kılıf,https://cdn.dsmcdn.com/ty1781/prod/QC_PREP/20251027/16/3d0a322f-672a-330a-ad21-10373b332541/1_org_zoom.jpg,https://cdn.dsmcdn.com/ty1781/prod/QC_PREP/20251027/16/a8201913-28e9-39f9-a657-64101a557bc3/1_org_zoom.jpg,https://cdn.dsmcdn.com/ty1781/prod/QC_PREP/20251027/16/3ac49997-b447-3293-b084-015c131c99ba/1_org_zoom.jpg,,,,,,1,Bugün Kargoda,https://www.trendyol.com/deerderi/juno-iphone-hakiki-deri-koruyucu-kilif-iphone-13-14-15-p-1041139686?merchantId=1155143&filterOverPriceListings=false
TY8680801608404,TY8680801608404,Juno İphone Hakiki Deri Koruyucu Kılıf Iphone 11,"•TSE standartlarında Türkiye’de el işçiliğiyle titizlilikle üretilmiştir.; •Tüm ürünlerimiz birinci sınıf deriden üretilmiş olup yırtılmalara karşı dayanıklıdır.; •Deri yüzeyindeki ton farklılıkları ve gözenek lekeleri, gerçek derinin doğal yapısından kaynaklanmaktadır.; •Modelimiz mıknatıslıdır.; •Ürün isminde yazan model ile uyumludur.; •Telefona uyumlu içerisindeki silikonlu telefon kılıfı sayesinde telefonunuzu darbelere ve çizilmelere karşı korur.; •İç kısmı kadifedir.; •Ürünlerimiz, özel Premium kutusunda veya alternatifli olarak hediye paketi ile gönderilmektedir.; - iPhone 11 modeliyle tam uyumlu, Apple marka telefonlar için özel olarak tasarlanmış.; - Yüksek kaliteli hakiki deri malzemesi ile dayanıklılık ve şık bir görünüm sunar.; - Kolay temizlenebilir yapısı sayesinde nemli bir bezle silinerek bakım yapılabilir; böylece kılıfınız uzun süre ilk günkü gibi kalır.; - Türkiye'de üretilmiş olup, yerel üretimle desteklenmektedir.",499.9,499.9,5,DT65596,Mürdüm,,,DEERDERİ,Kapak & Kılıf,https://cdn.dsmcdn.com/ty1891/prod/QC_ENRICHMENT/20260430/10/4b7a14d8-f63d-30d9-a4cb-d8d69aa42ed3/1_org_zoom.jpg,https://cdn.dsmcdn.com/ty1780/prod/QC_PREP/20251027/15/0efdec5e-cd3a-3373-b06c-f8c2831b6790/1_org_zoom.jpg,https://cdn.dsmcdn.com/ty1781/prod/QC_PREP/20251027/15/6aeb19a0-a0fb-3ca4-a347-cf4b358d67e5/1_org_zoom.jpg,https://cdn.dsmcdn.com/ty1779/prod/QC_PREP/20251027/15/e5441eec-5d67-3105-bc69-35d6137236cd/1_org_zoom.jpg,https://cdn.dsmcdn.com/ty1780/prod/QC_PREP/20251027/15/ca05bc31-ec51-3f65-a0d5-e5661b64d0de/1_org_zoom.jpg,,,,1,Bugün Kargoda,https://www.trendyol.com/deerderi/juno-iphone-hakiki-deri-koruyucu-kilif-iphone-11-p-1041116490?merchantId=1155143&filterOverPriceListings=false
TY8680801608403,TY8680801608403,Juno Iphone 11 Hakiki Deri Koruyucu Kılıf Koyu Kahverengi,,499.9,499.9,11,DT65448,Koyu Kahverengi,,,DEERDERİ,Kapak & Kılıf,https://cdn.dsmcdn.com/ty1780/prod/QC_PREP/20251027/14/d84e57ab-5b4f-3773-8a0b-1448094d845a/1_org_zoom.jpg,https://cdn.dsmcdn.com/ty1780/prod/QC_PREP/20251027/14/758d85d4-5778-3a40-96e6-2d7a80ecba59/1_org_zoom.jpg,,,,,,,1,Bugün Kargoda,https://www.trendyol.com/deerderi/juno-iphone-11-hakiki-deri-koruyucu-kilif-koyu-kahverengi-p-1041082370?merchantId=1155143&filterOverPriceListings=false
TY8668436653236,TY8668436653236,Helen İphone Hakiki Deri Telefon Kılıfı Uyumlu Iphone 13 Pro,"•TSE standartlarında Türkiye’de el işçiliğiyle titizlilikle üretilmiştir.; •Tüm ürünlerimiz birinci sınıf deriden üretilmiş olup yırtılmalara karşı dayanıklıdır.; •Deri yüzeyindeki ton farklılıkları ve gözenek lekeleri, gerçek derinin doğal yapısından kaynaklanmaktadır.; •Modelimiz mıknatıslıdır.; •Cüzdanlı bir modeldir.; •Ürün isminde yazan model ile uyumludur.; •Telefona uyumlu içerisindeki silikonlu telefon kılıfı sayesinde telefonunuzu darbelere ve çizilmelere karşı korur.; •İç kısmı kadifedir.; •Ürünlerimiz, özel Premium kutusunda veya alternatifli olarak hediye paketi ile gönderilmektedir.",999.9,999.9,1,DT44560,Siyah,,,DEERDERİ,Kapak & Kılıf,https://cdn.dsmcdn.com/ty1769/prod/QC_PREP/20251003/17/8f1b87b6-699f-3723-bbc2-4f1f92c7c467/1_org_zoom.jpg,https://cdn.dsmcdn.com/ty1768/prod/QC_PREP/20251003/17/b256f3cc-e339-34ac-b847-df82c3ca9580/1_org_zoom.jpg,https://cdn.dsmcdn.com/ty1767/prod/QC_PREP/20251003/17/f3b88b09-ee48-36c4-899e-5c4da823eb59/1_org_zoom.jpg,https://cdn.dsmcdn.com/ty1768/prod/QC_PREP/20251003/17/1356ea5e-4be4-3b45-b460-9aebe9dc5eb7/1_org_zoom.jpg,,,,,1,Bugün Kargoda,https://www.trendyol.com/deerderi/helen-iphone-hakiki-deri-telefon-kilifi-uyumlu-iphone-13-pro-p-996777749?merchantId=1155143&filterOverPriceListings=false
TY8668436653235,TY8668436653235,Juno İphone Hakiki Deri Koruyucu Kılıf Iphone 13 Pro,,499.9,499.9,4,DT65541,Koyu Kahverengi,,,DEERDERİ,Kapak & Kılıf,https://cdn.dsmcdn.com/ty1767/prod/QC_PREP/20251003/17/8c19f9ec-1d3e-3412-8949-ee7fb29c7f55/1_org_zoom.jpg,https://cdn.dsmcdn.com/ty1768/prod/QC_PREP/20251003/17/f2913f95-11eb-3f35-b630-227d148e68ba/1_org_zoom.jpg,,,,,,,1,Bugün Kargoda,https://www.trendyol.com/deerderi/juno-iphone-hakiki-deri-koruyucu-kilif-iphone-13-pro-p-996776571?merchantId=1155143&filterOverPriceListings=false
TY8668436653233,TY8668436653233,Juno İphone Hakiki Deri Koruyucu Kılıf Iphone 13 Pro,,499.9,499.9,5,DT65541,Gri,,,DEERDERİ,Kapak & Kılıf,https://cdn.dsmcdn.com/ty1769/prod/QC_PREP/20251003/17/a252624f-ee87-3e0a-94be-ce67f3b8efeb/1_org_zoom.jpg,https://cdn.dsmcdn.com/ty1768/prod/QC_PREP/20251003/17/67497d73-37bc-3196-946f-de90daf9ff6d/1_org_zoom.jpg,,,,,,,1,Bugün Kargoda,https://www.trendyol.com/deerderi/juno-iphone-hakiki-deri-koruyucu-kilif-iphone-13-pro-p-996776169?merchantId=1155143&filterOverPriceListings=false
TY8698684366589,TY8698684366589,Juno İphone Hakiki Deri Koruyucu Kılıf Iphone 13 Pro,,499.9,499.9,6,DT65541,Lacivert,,,DEERDERİ,Kapak & Kılıf,https://cdn.dsmcdn.com/ty1768/prod/QC_PREP/20251003/17/1bcafdd2-2ac2-3712-b519-d7eb7e97d00d/1_org_zoom.jpg,https://cdn.dsmcdn.com/ty1767/prod/QC_PREP/20251003/17/18727d70-9201-3344-80c8-fa322dd778a9/1_org_zoom.jpg,,,,,,,1,Bugün Kargoda,https://www.trendyol.com/deerderi/juno-iphone-hakiki-deri-koruyucu-kilif-iphone-13-pro-p-996776130?merchantId=1155143&filterOverPriceListings=false
TY8668436653234,TY8668436653234,Juno İphone Hakiki Deri Koruyucu Kılıf Iphone 13 Pro,,499.9,499.9,1,DT65541,Siyah,,,DEERDERİ,Kapak & Kılıf,https://cdn.dsmcdn.com/ty1768/prod/QC_PREP/20251003/17/1a4db25e-13f1-3888-adb8-b17f4c6e911d/1_org_zoom.jpg,https://cdn.dsmcdn.com/ty1769/prod/QC_PREP/20251003/17/63c9a9c2-2d91-394b-bdad-b0e571000fa6/1_org_zoom.jpg,,,,,,,1,Bugün Kargoda,https://www.trendyol.com/deerderi/juno-iphone-hakiki-deri-koruyucu-kilif-iphone-13-pro-p-996776117?merchantId=1155143&filterOverPriceListings=false
TY8668436653232,TY8668436653232,Juno İphone Hakiki Deri Koruyucu Kılıf Iphone 13 Pro,,499.9,499.9,5,DT65541,Kahverengi,,,DEERDERİ,Kapak & Kılıf,https://cdn.dsmcdn.com/ty1767/prod/QC_PREP/20251003/17/e8c2cd00-cb2b-3b29-8320-bba423f5077d/1_org_zoom.jpg,https://cdn.dsmcdn.com/ty1767/prod/QC_PREP/20251003/17/ae65ba2b-1c12-3833-8947-a56da026c68c/1_org_zoom.jpg,,,,,,,1,Bugün Kargoda,https://www.trendyol.com/deerderi/juno-iphone-hakiki-deri-koruyucu-kilif-iphone-13-pro-p-996776100?merchantId=1155143&filterOverPriceListings=false
TY8698684368586,TY8698684368586,Juno İphone Hakiki Deri Koruyucu Kılıf Iphone 13/14/15,,499.9,499.9,0,DT6559,Kahverengi,,,DEERDERİ,Kapak & Kılıf,https://cdn.dsmcdn.com/ty1768/prod/QC_PREP/20251003/16/cb7ffa74-337f-32ce-92d6-77c362dc1de9/1_org_zoom.jpg,https://cdn.dsmcdn.com/ty1769/prod/QC_PREP/20251003/16/f335de07-9947-3462-b162-1db073129226/1_org_zoom.jpg,,,,,,,1,Bugün Kargoda,https://www.trendyol.com/deerderi/juno-iphone-hakiki-deri-koruyucu-kilif-iphone-13-14-15-p-996770841?merchantId=1155143&filterOverPriceListings=false
TY869868436655,TY869868436655,Juno İphone Hakiki Deri Koruyucu Kılıf Iphone 13/14/15,,499.9,499.9,0,DT6559,Koyu Kahverengi,,,DEERDERİ,Kapak & Kılıf,https://cdn.dsmcdn.com/ty1768/prod/QC_PREP/20251003/15/bcba422b-cbb6-3938-91d0-6e9276fab0a3/1_org_zoom.jpg,https://cdn.dsmcdn.com/ty1768/prod/QC_PREP/20251003/15/2d7cc814-61df-3277-beaf-4aab4ecb600f/1_org_zoom.jpg,,,,,,,1,Bugün Kargoda,https://www.trendyol.com/deerderi/juno-iphone-hakiki-deri-koruyucu-kilif-iphone-13-14-15-p-996761392?merchantId=1155143&filterOverPriceListings=false
TY8698684366590,TY8698684366590,Juno İphone Hakiki Deri Koruyucu Kılıf Iphone 12/12 Pro Koyu Kahverengi Uyumlu,"- Hakiki deri malzemesiyle üretilmiş, iPhone 12 modelinize özel bir koruma sunar.; - Koyu kahverengi rengiyle şıklığı ve dayanıklılığı bir arada sunar.; - Nemli bir bezle kolayca temizlenebilir; böylece telefonunuz her zaman yeni gibi kalır.; - Apple marka telefonlar için özel olarak tasarlanmıştır, mükemmel uyum sağlar.; - Türkiye'de üretilmiştir; yerel üretimle kaliteyi ön planda tutar.; •TSE standartlarında Türkiye’de el işçiliğiyle titizlilikle üretilmiştir.; •Tüm ürünlerimiz birinci sınıf deriden üretilmiş olup yırtılmalara karşı dayanıklıdır.; •Deri yüzeyindeki ton farklılıkları ve gözenek lekeleri, gerçek derinin doğal yapısından kaynaklanmaktadır.; •Modelimiz mıknatıslıdır.; •Cüzdanlı bir modeldir.; •Ürün isminde yazan model ile uyumludur.; •Stant özelliği sayesinde çok rahat bir şekilde videolarınızı seyredip, sosyal medya hesaplarınızı kullanabilirsiniz.; •Telefona uyumlu içerisindeki silikonlu telefon kılıfı sayesinde telefonunuzu darbelere ve çizilmelere karşı korur.; •İç kısmı kadifedir.; •Ürünlerimiz, özel Premium kutusunda veya alternatifli olarak hediye paketi ile gönderilmektedir.",499.9,499.9,5,DT65458,Koyu Kahverengi,,,DEERDERİ,Kapak & Kılıf,https://cdn.dsmcdn.com/ty1767/prod/QC_ENRICHMENT/20251003/15/8076fa36-64af-3145-8a32-1d5f4e37fc3c/1_org_zoom.jpg,https://cdn.dsmcdn.com/ty1768/prod/QC_PREP/20251003/15/400f84ac-7091-3e26-9b2b-46b57ad96f70/1_org_zoom.jpg,,,,,,,1,Bugün Kargoda,https://www.trendyol.com/deerderi/juno-iphone-hakiki-deri-koruyucu-kilif-iphone-12-12-pro-koyu-kahverengi-uyumlu-p-996756772?merchantId=1155143&filterOverPriceListings=false
TY8698684366593,TY8698684366593,Helen İphone Hakiki Deri Telefon Kılıfı Uyumlu Iphone 13/14/15,,999.9,999.9,3,DT65463,Kahverengi,,,DEERDERİ,Kapak & Kılıf,https://cdn.dsmcdn.com/ty1768/prod/QC_ENRICHMENT/20251003/15/7aa93c3f-3e16-33ea-bc23-0368ed19582d/1_org_zoom.jpg,https://cdn.dsmcdn.com/ty1768/prod/QC_ENRICHMENT/20251003/15/c78b222d-e77f-3abb-810a-c9a34c6b5b3b/1_org_zoom.jpg,https://cdn.dsmcdn.com/ty1769/prod/QC_ENRICHMENT/20251003/15/e1059512-5d69-3497-be08-b867a31982ef/1_org_zoom.jpg,https://cdn.dsmcdn.com/ty1769/prod/QC_ENRICHMENT/20251003/15/55a42f05-57db-387b-97ac-5f2010906a6c/1_org_zoom.jpg,,,,,1,Bugün Kargoda,https://www.trendyol.com/deerderi/helen-iphone-hakiki-deri-telefon-kilifi-uyumlu-iphone-13-14-15-p-991926382?merchantId=1155143&filterOverPriceListings=false
TY8698684366591,TY8698684366591,Juno İphone Hakiki Deri Koruyucu Kılıf Iphone 12/12 Pro Uyumlu,"•TSE standartlarında Türkiye’de el işçiliğiyle titizlilikle üretilmiştir.; •Tüm ürünlerimiz birinci sınıf deriden üretilmiş olup yırtılmalara karşı dayanıklıdır.; •Deri yüzeyindeki ton farklılıkları ve gözenek lekeleri, gerçek derinin doğal yapısından kaynaklanmaktadır.; •Modelimiz mıknatıslıdır.; •Cüzdanlı bir modeldir.; •Ürün isminde yazan model ile uyumludur.; •Stant özelliği sayesinde çok rahat bir şekilde videolarınızı seyredip, sosyal medya hesaplarınızı kullanabilirsiniz.; •Telefona uyumlu içerisindeki silikonlu telefon kılıfı sayesinde telefonunuzu darbelere ve çizilmelere karşı korur.; •İç kısmı kadifedir.; •Ürünlerimiz, özel Premium kutusunda veya alternatifli olarak hediye paketi ile gönderilmektedir.",999.9,999.9,2,DT65459,Kahverengi,,,DEERDERİ,Kapak & Kılıf,https://cdn.dsmcdn.com/ty1769/prod/QC_ENRICHMENT/20251003/16/6e6edb50-4957-31fb-a009-1b4595b870a0/1_org_zoom.jpg,https://cdn.dsmcdn.com/ty1768/prod/QC_ENRICHMENT/20251003/16/436d66d5-48fd-3e1b-92d1-771743db43e3/1_org_zoom.jpg,https://cdn.dsmcdn.com/ty1768/prod/QC_ENRICHMENT/20251003/16/99fdf11e-de99-38b0-9a24-4a9b5493b79f/1_org_zoom.jpg,https://cdn.dsmcdn.com/ty1767/prod/QC_ENRICHMENT/20251003/16/8b6df328-f612-3d48-b715-c3bd508bb752/1_org_zoom.jpg,https://cdn.dsmcdn.com/ty1767/prod/QC_ENRICHMENT/20251003/16/2737920f-fafb-31c5-8c5a-dd64a0a9d431/1_org_zoom.jpg,,,,1,Bugün Kargoda,https://www.trendyol.com/deerderi/juno-iphone-hakiki-deri-koruyucu-kilif-iphone-12-12-pro-uyumlu-p-991924185?merchantId=1155143&filterOverPriceListings=false
TY8698684366595,TY8698684366595,Helen İphone Hakiki Deri Telefon Kılıfı Iphone 12/12 Pro Uyumlu,"•TSE standartlarında Türkiye’de el işçiliğiyle titizlilikle üretilmiştir.; •Tüm ürünlerimiz birinci sınıf deriden üretilmiş olup yırtılmalara karşı dayanıklıdır.; •Deri yüzeyindeki ton farklılıkları ve gözenek lekeleri, gerçek derinin doğal yapısından kaynaklanmaktadır.; •Modelimiz mıknatıslıdır.; •Ürün isminde yazan model ile uyumludur.; •Telefona uyumlu içerisindeki silikonlu telefon kılıfı sayesinde telefonunuzu darbelere ve çizilmelere karşı korur.; •İç kısmı kadifedir.; •Ürünlerimiz, özel Premium kutusunda veya alternatifli olarak hediye paketi ile gönderilmektedir.",999.9,999.9,2,DT65465,Kahverengi,,,DEERDERİ,Kapak & Kılıf,https://cdn.dsmcdn.com/ty1769/prod/QC_ENRICHMENT/20251003/16/afc36e09-e6e2-370e-9845-6932990a43b8/1_org_zoom.jpg,https://cdn.dsmcdn.com/ty1768/prod/QC_ENRICHMENT/20251003/15/3afbeda8-adf7-38ba-ac34-78140b27dc80/1_org_zoom.jpg,https://cdn.dsmcdn.com/ty1768/prod/QC_ENRICHMENT/20251003/15/7a81a6cd-3866-319d-b0d9-de856e8d6f8e/1_org_zoom.jpg,https://cdn.dsmcdn.com/ty1767/prod/QC_ENRICHMENT/20251003/15/5dd5c41f-df0a-3c8e-a9b9-62b4220379ea/1_org_zoom.jpg,,,,,1,Bugün Kargoda,https://www.trendyol.com/deerderi/helen-iphone-hakiki-deri-telefon-kilifi-iphone-12-12-pro-uyumlu-p-991905468?merchantId=1155143&filterOverPriceListings=false
TY8698684366592,TY8698684366592,Helen İphone Hakiki Deri Telefon Kılıfı Iphone 13 Pro,"•TSE standartlarında Türkiye’de el işçiliğiyle titizlilikle üretilmiştir.; •Tüm ürünlerimiz birinci sınıf deriden üretilmiş olup yırtılmalara karşı dayanıklıdır.; •Deri yüzeyindeki ton farklılıkları ve gözenek lekeleri, gerçek derinin doğal yapısından kaynaklanmaktadır.; •Modelimiz mıknatıslıdır.; •Cüzdanlı bir modeldir.; •Ürün isminde yazan model ile uyumludur.; •Telefona uyumlu içerisindeki silikonlu telefon kılıfı sayesinde telefonunuzu darbelere ve çizilmelere karşı korur.; •İç kısmı kadifedir.; •Ürünlerimiz, özel Premium kutusunda veya alternatifli olarak hediye paketi ile gönderilmektedir.",999.9,999.9,3,DT65462,Kahverengi,,,DEERDERİ,Kapak & Kılıf,https://cdn.dsmcdn.com/ty1768/prod/QC_ENRICHMENT/20251003/16/fbcbbedb-d851-34e8-b500-fc4cd171f102/1_org_zoom.jpg,https://cdn.dsmcdn.com/ty1768/prod/QC_ENRICHMENT/20251003/15/b747c0e5-1865-3c1f-becb-ebca3823292e/1_org_zoom.jpg,https://cdn.dsmcdn.com/ty1769/prod/QC_ENRICHMENT/20251003/15/7453acf2-3718-38ce-8a26-99b179f43a66/1_org_zoom.jpg,https://cdn.dsmcdn.com/ty1767/prod/QC_ENRICHMENT/20251003/15/ba1b6a75-d1cc-32db-a340-047486575fcd/1_org_zoom.jpg,,,,,1,Bugün Kargoda,https://www.trendyol.com/deerderi/helen-iphone-hakiki-deri-telefon-kilifi-iphone-13-pro-p-991905458?merchantId=1155143&filterOverPriceListings=false
TY8698684366594,TY8698684366594,Helen İphone Hakiki Deri Telefon Kılıfı Uyumlu Iphone 13/14/15,,999.9,999.9,0,DT65463,Siyah,,,DEERDERİ,Kapak & Kılıf,https://cdn.dsmcdn.com/ty1767/prod/QC_ENRICHMENT/20251003/15/2660bded-c7df-3bd0-9899-1e44039aff76/1_org_zoom.jpg,https://cdn.dsmcdn.com/ty1768/prod/QC_ENRICHMENT/20251003/15/411e8efb-c6dc-3f11-954b-cd5bb2b8eaae/1_org_zoom.jpg,https://cdn.dsmcdn.com/ty1767/prod/QC_ENRICHMENT/20251003/15/32531617-11e9-3d31-80eb-016580d88cba/1_org_zoom.jpg,https://cdn.dsmcdn.com/ty1767/prod/QC_ENRICHMENT/20251003/15/696b7fac-8c14-3598-8259-ff0aa1094180/1_org_zoom.jpg,,,,,1,Bugün Kargoda,https://www.trendyol.com/deerderi/helen-iphone-hakiki-deri-telefon-kilifi-uyumlu-iphone-13-14-15-p-991885432?merchantId=1155143&filterOverPriceListings=false
TY8698684366587,TY8698684366587,Juno İphone Hakiki Deri Koruyucu Kılıf Uyumlu Iphone 13/14/15,"•TSE standartlarında Türkiye’de el işçiliğiyle titizlilikle üretilmiştir.; •Tüm ürünlerimiz birinci sınıf deriden üretilmiş olup yırtılmalara karşı dayanıklıdır.; •Deri yüzeyindeki ton farklılıkları ve gözenek lekeleri, gerçek derinin doğal yapısından kaynaklanmaktadır.; •Modelimiz mıknatıslıdır.; •Ürün isminde yazan model ile uyumludur.; •Telefona uyumlu içerisindeki silikonlu telefon kılıfı sayesinde telefonunuzu darbelere ve çizilmelere karşı korur.; •İç kısmı kadifedir.; •Ürünlerimiz, özel Premium kutusunda veya alternatifli olarak hediye paketi ile gönderilmektedir.",499.9,499.9,4,DT6558,Lacivert,,,DEERDERİ,Kapak & Kılıf,https://cdn.dsmcdn.com/ty1768/prod/QC_ENRICHMENT/20251003/15/64cd20ed-5eea-3efe-b9fc-179feec42506/1_org_zoom.jpg,https://cdn.dsmcdn.com/ty1768/prod/QC_ENRICHMENT/20251003/15/d133b35d-272a-309c-9a86-288d8ad5331f/1_org_zoom.jpg,https://cdn.dsmcdn.com/ty1767/prod/QC_ENRICHMENT/20251003/15/0f706908-6557-3e68-9fde-76dcf6536c8c/1_org_zoom.jpg,,,,,,1,Bugün Kargoda,https://www.trendyol.com/deerderi/juno-iphone-hakiki-deri-koruyucu-kilif-uyumlu-iphone-13-14-15-p-991781178?merchantId=1155143&filterOverPriceListings=false
TY8698684366585,TY8698684366585,Juno İphone Hakiki Deri Koruyucu Kılıf Uyumlu Iphone 13/14/15,"•TSE standartlarında Türkiye’de el işçiliğiyle titizlilikle üretilmiştir.; •Tüm ürünlerimiz birinci sınıf deriden üretilmiş olup yırtılmalara karşı dayanıklıdır.; •Deri yüzeyindeki ton farklılıkları ve gözenek lekeleri, gerçek derinin doğal yapısından kaynaklanmaktadır.; •Modelimiz mıknatıslıdır.; •Ürün isminde yazan model ile uyumludur.; •Telefona uyumlu içerisindeki silikonlu telefon kılıfı sayesinde telefonunuzu darbelere ve çizilmelere karşı korur.; •İç kısmı kadifedir.; •Ürünlerimiz, özel Premium kutusunda veya alternatifli olarak hediye paketi ile gönderilmektedir.",499.9,499.9,4,DT6558,Gri,,,DEERDERİ,Kapak & Kılıf,https://cdn.dsmcdn.com/ty1766/prod/QC_ENRICHMENT/20251002/10/277e2618-7cb3-3443-ba1f-05eee9f6d59e/1_org_zoom.jpg,https://cdn.dsmcdn.com/ty1764/prod/QC_ENRICHMENT/20251002/10/fa26728f-2556-3194-909a-7cff1c92f229/1_org_zoom.jpg,,,,,,,1,Bugün Kargoda,https://www.trendyol.com/deerderi/juno-iphone-hakiki-deri-koruyucu-kilif-uyumlu-iphone-13-14-15-p-991780925?merchantId=1155143&filterOverPriceListings=false
TY8698684366586,TY8698684366586,İphone Hakiki Deri Koruyucu uyumlu Kılıf Iphone 13/14/15,"•TSE standartlarında Türkiye’de el işçiliğiyle titizlilikle üretilmiştir.; •Tüm ürünlerimiz birinci sınıf deriden üretilmiş olup yırtılmalara karşı dayanıklıdır.; •Deri yüzeyindeki ton farklılıkları ve gözenek lekeleri, gerçek derinin doğal yapısından kaynaklanmaktadır.; •Modelimiz mıknatıslıdır.; •Ürün isminde yazan model ile uyumludur.; •Telefona uyumlu içerisindeki silikonlu telefon kılıfı sayesinde telefonunuzu darbelere ve çizilmelere karşı korur.; •İç kısmı kadifedir.; •Ürünlerimiz, özel Premium kutusunda veya alternatifli olarak hediye paketi ile gönderilmektedir.",499.9,499.9,7,DT6558,Kahverengi,,,DEERDERİ,Kapak & Kılıf,https://cdn.dsmcdn.com/ty1767/prod/QC_ENRICHMENT/20251003/15/aea1d393-ea02-365a-860e-1b8f2ca42afe/1_org_zoom.jpg,https://cdn.dsmcdn.com/ty1769/prod/QC_ENRICHMENT/20251003/15/b99fb8be-c92e-3350-8a99-9e86a19e0fdb/1_org_zoom.jpg,,,,,,,1,Bugün Kargoda,https://www.trendyol.com/deerderi/iphone-hakiki-deri-koruyucu-uyumlu-kilif-iphone-13-14-15-p-991780915?merchantId=1155143&filterOverPriceListings=false
TY8698684366588,TY8698684366588,Juno İphone Hakiki Deri Koruyucu Kılıf Uyumlu Iphone 13/14/15,"•TSE standartlarında Türkiye’de el işçiliğiyle titizlilikle üretilmiştir.; •Tüm ürünlerimiz birinci sınıf deriden üretilmiş olup yırtılmalara karşı dayanıklıdır.; •Deri yüzeyindeki ton farklılıkları ve gözenek lekeleri, gerçek derinin doğal yapısından kaynaklanmaktadır.; •Modelimiz mıknatıslıdır.; •Ürün isminde yazan model ile uyumludur.; •Telefona uyumlu içerisindeki silikonlu telefon kılıfı sayesinde telefonunuzu darbelere ve çizilmelere karşı korur.; •İç kısmı kadifedir.; •Ürünlerimiz, özel Premium kutusunda veya alternatifli olarak hediye paketi ile gönderilmektedir.",499.9,499.9,0,DT6558,Siyah,,,DEERDERİ,Kapak & Kılıf,https://cdn.dsmcdn.com/ty1790/prod/QC_ENRICHMENT/20251112/10/85f8956e-0e42-3b44-9a3c-e2c33d22cdf2/1_org_zoom.jpg,https://cdn.dsmcdn.com/ty1766/prod/QC_ENRICHMENT/20251002/10/e3128872-4334-38a4-9753-fa2c0921ec71/1_org_zoom.jpg,,,,,,,1,Bugün Kargoda,https://www.trendyol.com/deerderi/juno-iphone-hakiki-deri-koruyucu-kilif-uyumlu-iphone-13-14-15-p-991780825?merchantId=1155143&filterOverPriceListings=false
TY8698684370148,TY8698684370148,Juno İphone Hakiki Deri Koruyucu Kılıf Iphone 12/12 Pro Uyumlu,"•TSE standartlarında Türkiye’de el işçiliğiyle titizlilikle üretilmiştir.; •Tüm ürünlerimiz birinci sınıf deriden üretilmiş olup yırtılmalara karşı dayanıklıdır.; •Deri yüzeyindeki ton farklılıkları ve gözenek lekeleri, gerçek derinin doğal yapısından kaynaklanmaktadır.; •Modelimiz mıknatıslıdır.; •Ürün isminde yazan model ile uyumludur.; •Telefona uyumlu içerisindeki silikonlu telefon kılıfı sayesinde telefonunuzu darbelere ve çizilmelere karşı korur.; •İç kısmı kadifedir.; •Ürünlerimiz, özel Premium kutusunda veya alternatifli olarak hediye paketi ile gönderilmektedir.",499.9,499.9,5,DT65453,Gri,,,DEERDERİ,Kapak & Kılıf,https://cdn.dsmcdn.com/ty1769/prod/QC_ENRICHMENT/20251003/15/8c372a54-603a-34d3-b4ef-8eee0a4144de/1_org_zoom.jpg,https://cdn.dsmcdn.com/ty1769/prod/QC_ENRICHMENT/20251003/15/5cbe5f5f-b903-3dc9-b52c-4c94aed995d1/1_org_zoom.jpg,,,,,,,1,Bugün Kargoda,https://www.trendyol.com/deerderi/juno-iphone-hakiki-deri-koruyucu-kilif-iphone-12-12-pro-uyumlu-p-991778863?merchantId=1155143&filterOverPriceListings=false
TY8698684365243,TY8698684365243,Juno İphone Hakiki Deri Koruyucu Kılıf Iphone 12/12 Pro,"•TSE standartlarında Türkiye’de el işçiliğiyle titizlilikle üretilmiştir.; •Tüm ürünlerimiz birinci sınıf deriden üretilmiş olup yırtılmalara karşı dayanıklıdır.; •Deri yüzeyindeki ton farklılıkları ve gözenek lekeleri, gerçek derinin doğal yapısından kaynaklanmaktadır.; •Modelimiz mıknatıslıdır.; •Ürün isminde yazan model ile uyumludur.; •Telefona uyumlu içerisindeki silikonlu telefon kılıfı sayesinde telefonunuzu darbelere ve çizilmelere karşı korur.; •İç kısmı kadifedir.; •Ürünlerimiz, özel Premium kutusunda veya alternatifli olarak hediye paketi ile gönderilmektedir.",499.9,499.9,0,DT65453,Siyah,,,DEERDERİ,Kapak & Kılıf,https://cdn.dsmcdn.com/ty1769/prod/QC_ENRICHMENT/20251003/15/9a84d87c-76f4-3a6f-bd40-12a0185d0a13/1_org_zoom.jpg,https://cdn.dsmcdn.com/ty1767/prod/QC_ENRICHMENT/20251003/15/36e06870-bf01-3d64-98ac-6cc2272c7677/1_org_zoom.jpg,,,,,,,1,Bugün Kargoda,https://www.trendyol.com/deerderi/juno-iphone-hakiki-deri-koruyucu-kilif-iphone-12-12-pro-p-991778850?merchantId=1155143&filterOverPriceListings=false
TY86982688088450,TY86982688088450,Juno İphone Hakiki Deri Koruyucu Kılıf Iphone 12/12 Pro uyumlu,"•TSE standartlarında Türkiye’de el işçiliğiyle titizlilikle üretilmiştir.; •Tüm ürünlerimiz birinci sınıf deriden üretilmiş olup yırtılmalara karşı dayanıklıdır.; •Deri yüzeyindeki ton farklılıkları ve gözenek lekeleri, gerçek derinin doğal yapısından kaynaklanmaktadır.; •Modelimiz mıknatıslıdır.; •Ürün isminde yazan model ile uyumludur.; •Telefona uyumlu içerisindeki silikonlu telefon kılıfı sayesinde telefonunuzu darbelere ve çizilmelere karşı korur.; •İç kısmı kadifedir.; •Ürünlerimiz, özel Premium kutusunda veya alternatifli olarak hediye paketi ile gönderilmektedir.",499.9,499.9,2,DT65453,Lacivert,,,DEERDERİ,Kapak & Kılıf,https://cdn.dsmcdn.com/ty1769/prod/QC_ENRICHMENT/20251003/15/f2beec3d-806c-35b0-b7a3-daf3c05d8a45/1_org_zoom.jpg,https://cdn.dsmcdn.com/ty1769/prod/QC_ENRICHMENT/20251003/15/ad299035-035b-3b9e-968e-a1b8263a1db8/1_org_zoom.jpg,,,,,,,1,Bugün Kargoda,https://www.trendyol.com/deerderi/juno-iphone-hakiki-deri-koruyucu-kilif-iphone-12-12-pro-uyumlu-p-991778842?merchantId=1155143&filterOverPriceListings=false
TY8698703025561,TY8698703025561,Juno İphone Hakiki Deri Koruyucu Kılıf Iphone 12/12 Pro Uyumlu,"•TSE standartlarında Türkiye’de el işçiliğiyle titizlilikle üretilmiştir.; •Tüm ürünlerimiz birinci sınıf deriden üretilmiş olup yırtılmalara karşı dayanıklıdır.; •Deri yüzeyindeki ton farklılıkları ve gözenek lekeleri, gerçek derinin doğal yapısından kaynaklanmaktadır.; •Modelimiz mıknatıslıdır.; •Ürün isminde yazan model ile uyumludur.; •Telefona uyumlu içerisindeki silikonlu telefon kılıfı sayesinde telefonunuzu darbelere ve çizilmelere karşı korur.; •İç kısmı kadifedir.; •Ürünlerimiz, özel Premium kutusunda veya alternatifli olarak hediye paketi ile gönderilmektedir.",499.9,499.9,6,DT65453,Kahverengi,,,DEERDERİ,Kapak & Kılıf,https://cdn.dsmcdn.com/ty1767/prod/QC_ENRICHMENT/20251003/15/6b216d02-3e2f-32cb-b326-ee692e339995/1_org_zoom.jpg,https://cdn.dsmcdn.com/ty1769/prod/QC_ENRICHMENT/20251003/15/a040898b-cfff-3630-ade0-ec52f9b9feb4/1_org_zoom.jpg,,,,,,,1,Bugün Kargoda,https://www.trendyol.com/deerderi/juno-iphone-hakiki-deri-koruyucu-kilif-iphone-12-12-pro-uyumlu-p-991778736?merchantId=1155143&filterOverPriceListings=false
TY8680801608402,TY8680801608402,Juno Iphone 11 Hakiki Deri Koruyucu Kılıf,"•TSE standartlarında Türkiye’de el işçiliğiyle titizlilikle üretilmiştir.; •Tüm ürünlerimiz birinci sınıf deriden üretilmiş olup yırtılmalara karşı dayanıklıdır.; •Deri yüzeyindeki ton farklılıkları ve gözenek lekeleri, gerçek derinin doğal yapısından kaynaklanmaktadır.; •Modelimiz mıknatıslıdır.; •Ürün isminde yazan model ile uyumludur.; •Telefona uyumlu içerisindeki silikonlu telefon kılıfı sayesinde telefonunuzu darbelere ve çizilmelere karşı korur.; •İç kısmı kadifedir.; •Ürünlerimiz, özel Premium kutusunda veya alternatifli olarak hediye paketi ile gönderilmektedir.",0,0,0,DT65447,Kahverengi,,,DEERDERİ,Kapak & Kılıf,https://cdn.dsmcdn.com/ty1769/prod/QC_ENRICHMENT/20251006/17/599f7f25-a8e2-3882-9d5a-8b188eb336de/1_org_zoom.jpg,https://cdn.dsmcdn.com/ty1769/prod/QC_ENRICHMENT/20251003/15/10dfe691-32ce-354b-804f-54b3df466372/1_org_zoom.jpg,,,,,,,1,Bugün Kargoda,
TY8680801608401,TY8680801608401,Juno Iphone 11 Hakiki Deri Koruyucu Kılıf,"•TSE standartlarında Türkiye’de el işçiliğiyle titizlilikle üretilmiştir.; •Tüm ürünlerimiz birinci sınıf deriden üretilmiş olup yırtılmalara karşı dayanıklıdır.; •Deri yüzeyindeki ton farklılıkları ve gözenek lekeleri, gerçek derinin doğal yapısından kaynaklanmaktadır.; •Modelimiz mıknatıslıdır.; •Ürün isminde yazan model ile uyumludur.; •Telefona uyumlu içerisindeki silikonlu telefon kılıfı sayesinde telefonunuzu darbelere ve çizilmelere karşı korur.; •İç kısmı kadifedir.; •Ürünlerimiz, özel Premium kutusunda veya alternatifli olarak hediye paketi ile gönderilmektedir.",499.9,499.9,5,DT65447,Kahverengi,,,DEERDERİ,Kapak & Kılıf,https://cdn.dsmcdn.com/ty1769/prod/QC_ENRICHMENT/20251006/17/599f7f25-a8e2-3882-9d5a-8b188eb336de/1_org_zoom.jpg,https://cdn.dsmcdn.com/ty1769/prod/QC_ENRICHMENT/20251003/15/10dfe691-32ce-354b-804f-54b3df466372/1_org_zoom.jpg,,,,,,,1,Bugün Kargoda,https://www.trendyol.com/deerderi/juno-iphone-11-hakiki-deri-koruyucu-kilif-p-991776356?merchantId=1155143&filterOverPriceListings=false
TY8698268808845,TY8698268808845,Juno Iphone 11 Hakiki Deri Koruyucu Kılıf,"•TSE standartlarında Türkiye’de el işçiliğiyle titizlilikle üretilmiştir.; •Tüm ürünlerimiz birinci sınıf deriden üretilmiş olup yırtılmalara karşı dayanıklıdır.; •Deri yüzeyindeki ton farklılıkları ve gözenek lekeleri, gerçek derinin doğal yapısından kaynaklanmaktadır.; •Modelimiz mıknatıslıdır.; •Ürün isminde yazan model ile uyumludur.; •Telefona uyumlu içerisindeki silikonlu telefon kılıfı sayesinde telefonunuzu darbelere ve çizilmelere karşı korur.; •İç kısmı kadifedir.; •Ürünlerimiz, özel Premium kutusunda veya alternatifli olarak hediye paketi ile gönderilmektedir.",499.9,499.9,7,DT65447,Lacivert,,,DEERDERİ,Kapak & Kılıf,https://cdn.dsmcdn.com/ty1768/prod/QC_ENRICHMENT/20251003/15/c9461ee7-6cc0-313e-b247-8e0a9e54586a/1_org_zoom.jpg,https://cdn.dsmcdn.com/ty1768/prod/QC_ENRICHMENT/20251003/15/e95a5c08-3586-3ce0-9f0e-66e94cb01c37/1_org_zoom.jpg,,,,,,,1,Bugün Kargoda,https://www.trendyol.com/deerderi/juno-iphone-11-hakiki-deri-koruyucu-kilif-p-991776344?merchantId=1155143&filterOverPriceListings=false
TY6972280221069,TY6972280221069,Juno Iphone 11 Hakiki Deri Koruyucu Kılıf,"•TSE standartlarında Türkiye’de el işçiliğiyle titizlilikle üretilmiştir.; •Tüm ürünlerimiz birinci sınıf deriden üretilmiş olup yırtılmalara karşı dayanıklıdır.; •Deri yüzeyindeki ton farklılıkları ve gözenek lekeleri, gerçek derinin doğal yapısından kaynaklanmaktadır.; •Modelimiz mıknatıslıdır.; •Ürün isminde yazan model ile uyumludur.; •Telefona uyumlu içerisindeki silikonlu telefon kılıfı sayesinde telefonunuzu darbelere ve çizilmelere karşı korur.; •İç kısmı kadifedir.; •Ürünlerimiz, özel Premium kutusunda veya alternatifli olarak hediye paketi ile gönderilmektedir.",499.9,499.9,5,DT65447,Gri,,,DEERDERİ,Kapak & Kılıf,https://cdn.dsmcdn.com/ty1901/prod/QC_ENRICHMENT/20260430/10/6171ddea-14fb-3324-88f8-5e3de9b1f8d1/1_org_zoom.jpg,https://cdn.dsmcdn.com/ty1913/prod/QC_ENRICHMENT/20260430/10/650e1e6a-da6a-343b-a6ea-f933ec1dc492/1_org_zoom.jpg,,,,,,,1,Bugün Kargoda,https://www.trendyol.com/deerderi/juno-iphone-11-hakiki-deri-koruyucu-kilif-p-991776333?merchantId=1155143&filterOverPriceListings=false
TY8698684370100,TY8698684370100,Juno Iphone 11 Hakiki Deri Koruyucu Kılıf,"•TSE standartlarında Türkiye’de el işçiliğiyle titizlilikle üretilmiştir.; •Tüm ürünlerimiz birinci sınıf deriden üretilmiş olup yırtılmalara karşı dayanıklıdır.; •Deri yüzeyindeki ton farklılıkları ve gözenek lekeleri, gerçek derinin doğal yapısından kaynaklanmaktadır.; •Modelimiz mıknatıslıdır.; •Ürün isminde yazan model ile uyumludur.; •Telefona uyumlu içerisindeki silikonlu telefon kılıfı sayesinde telefonunuzu darbelere ve çizilmelere karşı korur.; •İç kısmı kadifedir.; •Ürünlerimiz, özel Premium kutusunda veya alternatifli olarak hediye paketi ile gönderilmektedir.",499.9,499.9,8,DT65447,Siyah,,,DEERDERİ,Kapak & Kılıf,https://cdn.dsmcdn.com/ty1768/prod/QC_ENRICHMENT/20251003/16/bead92c1-ec26-33f1-8168-cf5ad1c09c0f/1_org_zoom.jpg,https://cdn.dsmcdn.com/ty1769/prod/QC_ENRICHMENT/20251003/16/d274d69d-cb7e-355b-a64a-b9f34841f0eb/1_org_zoom.jpg,,,,,,,1,Bugün Kargoda,https://www.trendyol.com/deerderi/juno-iphone-11-hakiki-deri-koruyucu-kilif-p-991776329?merchantId=1155143&filterOverPriceListings=false
